# word	role
# Built from Princeton WordNet (dictionary + thesaurus).
# roles: who verb what where when how adj link
# Generation (TTS templates) uses core embedded words; this file expands recognition + teaching.
a	link
about	link
also	link
am	link
an	link
and	link
are	link
as	link
at	link
be	link
been	link
being	link
but	link
by	link
can	link
could	link
did	link
do	link
does	link
down	link
for	link
from	link
had	link
has	link
have	link
her	link
his	link
if	link
in	link
into	link
is	link
its	link
just	link
may	link
might	link
my	link
no	link
not	link
of	link
off	link
on	link
only	link
or	link
our	link
out	link
over	link
should	link
so	link
than	link
that	link
the	link
their	link
then	link
these	link
this	link
those	link
to	link
too	link
under	link
up	link
very	link
was	link
were	link
will	link
with	link
would	link
yes	link
your	link
aalto	who
aaron	who
abbe	who
abbot	who
abel	who
abo	who
actor	who
actress	who
adam	who
adherent	who
adman	who
adonis	who
aesop	who
agee	who
ahab	who
aide	who
aiken	who
ailey	who
albee	who
alger	who
ali	who
alky	who
allen	who
amah	who
amateur	who
ambassador	who
ameer	who
amigo	who
amir	who
amish	who
amora	who
analyst	who
anne	who
antagonist	who
anyone	who
anzac	who
apache	who
aper	who
applicant	who
apprentice	who
arb	who
archbishop	who
architect	who
aristotle	who
armin	who
arp	who
artist	who
asch	who
ashe	who
asker	who
assassin	who
assistant	who
astor	who
athlete	who
attacker	who
attorney	who
auden	who
aunt	who
aunty	who
author	who
ayah	who
aztec	who
baas	who
babe	who
baboo	who
babu	who
baby	who
backer	who
baeda	who
bairn	who
baker	who
baldy	who
ballplayer	who
balzac	who
bandit	who
banker	who
banks	who
baptist	who
baron	who
bart	who
barth	who
bastard	who
bather	who
baum	who
bawd	who
bayes	who
beadle	who
bearer	who
beau	who
beda	who
bede	who
beggar	who
begum	who
belle	who
benet	who
benny	who
beria	who
berk	who
berra	who
bethe	who
bevin	who
bey	who
bidder	who
bigot	who
bimbo	who
binet	who
bishop	who
biter	who
bizet	who
blair	who
blake	who
bligh	who
bloch	who
blok	who
bloke	who
blonde	who
bobby	who
boche	who
bodybuilder	who
boehm	who
boell	who
boer	who
bohme	who
bohr	who
booby	who
booker	who
boole	who
boone	who
boor	who
bos'n	who
bosch	who
bose	who
boss	who
bosun	who
bourbon	who
bowie	who
boxer	who
boy	who
boyle	who
bozo	who
brady	who
bragg	who
brahe	who
braun	who
briber	who
bride	who
brigadier	who
broca	who
broker	who
brother	who
bruce	who
bruch	who
brule	who
bruno	who
brute	who
buber	who
buddha	who
buddy	who
buff	who
bugler	who
bum	who
bunter	who
burk	who
burke	who
burns	who
burt	who
busboy	who
businessman	who
butler	who
buyer	who
byrd	who
byron	who
cabot	who
cadet	who
caesar	who
cager	who
cain	who
cajun	who
caliph	who
caller	who
camper	who
camus	who
candidate	who
capek	who
capet	who
capo	who
captain	who
captor	who
carew	who
carpenter	who
catcher	who
celt	who
ceo	who
cewa	who
cfo	who
chairman	who
champ	who
champion	who
chap	who
chef	who
chela	who
chemist	who
chewa	who
chico	who
child	who
chorine	who
chosen	who
christ	who
chump	who
churl	who
circe	who
citizen	who
claimant	who
clark	who
clergyman	who
cleric	who
clerk	who
client	who
cline	who
clive	who
clown	who
cnut	who
coach	who
coder	who
cody	who
cohan	who
cohn	who
colleague	who
collector	who
colonel	who
comedian	who
comer	who
commander	who
commie	who
companion	who
competitor	who
composer	who
comrade	who
comte	who
conductor	who
conoy	who
consumer	who
contractor	who
cooke	who
cooly	who
coon	who
cop	who
copt	who
coroner	who
corot	who
corporal	who
coue	who
counsel	who
cousin	who
coward	who
cowboy	who
cox	who
cpa	who
crick	who
crier	who
criminal	who
critic	who
croat	who
crohn	who
crone	who
crony	who
crook	who
cultist	who
curie	who
cuss	who
customer	who
cyclist	who
cymry	who
cynic	who
cyril	who
cyrus	who
czar	who
da	who
dad	who
daddy	who
dago	who
dali	who
dame	who
damon	who
dancer	who
dane	who
dante	who
darky	who
darling	who
darwin	who
daughter	who
david	who
davis	who
davy	who
davys	who
dawes	who
dayan	who
dci	who
deacon	who
dealer	who
dean	who
deary	who
deb	who
debs	who
deere	who
defendant	who
defender	who
defoe	who
democrat	who
dentist	who
deputy	who
detective	who
developer	who
devotee	who
dewey	who
dias	who
diaz	who
dido	who
dior	who
diplomat	who
dirac	who
director	who
distributor	who
diva	who
dix	who
dj	who
doctor	who
doer	who
doge	who
dolby	who
dolt	who
donee	who
donna	who
donne	who
donor	who
doorman	who
dork	who
doula	who
doxy	who
doyen	who
dp	who
dr	who
draper	who
drew	who
drover	who
druid	who
druse	who
druze	who
dubya	who
duce	who
ducky	who
dude	who
duffer	who
dufy	who
dukas	who
duke	who
dumas	who
dunce	who
durer	who
duse	who
dweeb	who
dweller	who
dyer	who
eames	who
earl	who
eck	who
economist	who
edgar	who
editor	who
educator	who
edwin	who
edwy	who
egotist	who
eigen	who
ekman	who
elder	who
elgar	who
elia	who
eliot	who
emcee	who
emeer	who
emir	who
employee	who
employer	who
engineer	who
englishman	who
ernst	who
esaki	who
esau	who
esq	who
euler	who
evans	who
eve	who
evenk	who
evers	who
evert	who
everyone	who
expat	who
expert	who
explorer	who
extern	who
eyck	who
fahd	who
faker	who
fakir	who
falla	who
faqir	who
farmer	who
father	who
fatso	who
fauve	who
fdr	who
fella	who
fellow	who
felon	who
fermi	who
fiend	who
fighter	who
filer	who
fille	who
fink	who
finn	who
fisher	who
fisherman	who
fixer	who
flory	who
fo	who
foe	who
fogey	who
fogy	who
follower	who
fonda	who
fool	who
fop	who
foreigner	who
foreman	who
freeman	who
frenchman	who
freud	who
friar	who
frick	who
friend	who
frump	who
frye	who
fuchs	who
fulah	who
fulbe	who
gabor	who
gadfly	who
gael	who
gaius	who
galen	who
gamin	who
gamow	who
ganef	who
gangster	who
ganof	who
garbo	who
gardener	who
gates	who
gaudi	who
geek	who
gentleman	who
ghoul	who
gibbs	who
gide	who
ginzo	who
gipsy	who
girl	who
gish	who
git	who
giver	who
glenn	who
gluck	who
godel	who
goer	who
gofer	who
gogh	who
gogol	who
golfer	who
golgi	who
gond	who
goner	who
gonif	who
gonne	who
gook	who
goon	who
goth	who
goudy	who
gould	who
gourmet	who
governor	who
goy	who
goya	who
gp	who
grad	who
graf	who
gran	who
grandma	who
grandmother	who
granny	who
greco	who
grieg	who
grimm	who
griot	who
gris	who
grocer	who
groom	who
grower	who
grownup	who
grump	who
guard	who
guardian	who
guest	who
gunman	who
gunner	who
guru	who
guy	who
gwynn	who
gymnast	who
gynne	who
gywn	who
haber	who
hack	who
hacker	who
hadji	who
hahn	who
haji	who
hajji	who
hakham	who
hakim	who
haley	who
halfback	who
hals	who
haman	who
hanks	who
harpo	who
harte	who
hasek	who
hasid	who
hater	who
havel	who
hawker	who
hayek	who
hayes	who
hazan	who
he	who
healer	who
hearer	who
hecht	who
hegel	who
heinz	who
heir	who
helot	who
helper	who
henry	who
herald	who
hero	who
herod	who
hertz	who
hess	who
hesse	who
hewer	who
heyse	who
hiker	who
him	who
hippy	who
hirer	who
historian	who
hitler	who
hitter	who
hobbs	who
hobo	who
hoffa	who
holly	who
honky	who
hood	who
hooke	who
hoper	who
horne	who
horseman	who
horta	who
host	who
hostess	who
housewife	who
howe	who
hoyle	who
hrolf	who
hubby	who
hubel	who
hugo	who
hume	who
hun	who
hunter	who
hurler	who
hurok	who
hus	who
husband	who
huss	who
hussy	who
hutu	who
hymie	who
i	who
ianfu	who
ibert	who
ibsen	who
idiot	who
idler	who
igbo	who
ike	who
imam	who
imaum	who
immigrant	who
indian	who
individual	who
infant	who
inge	who
inger	who
injun	who
inmate	who
inspector	who
instructor	who
inuit	who
invader	who
investigator	who
investor	who
iowan	who
irani	who
isaac	who
it	who
ives	who
jackass	who
jacob	who
jafar	who
janitor	who
jap	who
jat	who
jawan	who
jerry	who
jesuit	who
jesus	who
jew	who
jeweler	who
jfk	who
jimdandy	who
jingo	who
jnr	who
jockey	who
johnny	who
johns	who
joker	who
jones	who
jong	who
joule	who
joyce	who
jung	who
junky	who
jurist	who
juror	who
jute	who
kafir	who
kafka	who
kahn	who
kalif	who
kant	who
kean	who
keats	who
keble	who
kelly	who
kelt	who
kesey	who
khama	who
khufu	who
kid	who
kidd	who
kiddy	who
kidnapper	who
kike	who
killer	who
king	who
klee	who
klein	who
klimt	who
kline	who
klutz	who
knight	who
knox	who
knut	who
koch	who
kolam	who
konoe	who
kook	who
korda	who
kp	who
kraut	who
krebs	who
kroto	who
krupp	who
kuhn	who
kurd	who
kyd	who
laban	who
laborer	who
lacer	who
lackey	who
lad	who
lady	who
laird	who
landlord	who
laney	who
lange	who
lasher	who
lass	who
lawman	who
lawyer	who
layman	who
lazar	who
lbj	who
leader	who
leary	who
lech	who
lecher	who
lefty	who
leger	who
legislator	who
lehar	who
leigh	who
lendl	who
lenin	who
leper	who
letch	who
levi	who
lewis	who
liar	who
libby	who
liberal	who
lieutenant	who
lifer	who
lifter	who
limey	who
lin	who
lind	who
linguist	who
lippi	who
listener	who
liszt	who
livy	who
lloyd	who
locke	who
locum	who
loeb	who
loewe	who
loewi	who
logger	who
loner	who
loos	who
lorca	who
loren	who
lorre	who
loser	who
louis	who
lout	who
lover	who
lowry	who
lpn	who
lucas	who
luce	who
lulli	who
lully	who
lulu	who
lummox	who
lunkhead	who
lunt	who
lyly	who
lyricist	who
ma	who
ma'am	who
macer	who
mach	who
madam	who
madman	who
magician	who
magus	who
maha	who
mahan	who
mahdi	who
maid	who
maiden	who
maker	who
malik	who
mama	who
mamet	who
mamma	who
mammy	who
man	who
manager	who
manes	who
manet	who
maniac	who
mann	who
mao	who
marat	who
marks	who
marksman	who
marshal	who
marti	who
martyr	who
marx	who
mary	who
mason	who
masseur	who
master	who
mater	who
matron	who
maven	who
mavin	who
mayer	who
mayor	who
mays	who
mckim	who
me	who
meade	who
meany	who
medic	who
meir	who
melba	who
member	who
mensh	who
mercer	who
merchant	who
messenger	who
metic	who
metis	who
mexican	who
mick	who
miler	who
mills	who
milne	who
mimer	who
miner	who
minister	who
minx	who
miro	who
miser	who
missy	who
mistress	who
mocker	who
mogul	who
moll	who
mom	who
momma	who
mommy	who
monarch	who
monet	who
monk	who
monod	who
mooch	who
moore	who
mope	who
moro	who
moses	who
mother	who
mott	who
mourner	who
mover	who
muir	who
mujik	who
mulla	who
munro	who
murderer	who
muser	who
musician	who
mvp	who
myope	who
nabob	who
namer	who
nanak	who
nance	who
nanus	who
naomi	who
napoleon	who
narc	who
nark	who
nash	who
nast	who
natta	who
navvy	who
nawab	who
nazi	who
neel	who
negro	who
nehru	who
neighbor	who
nephew	who
nerd	who
nero	who
nerva	who
nervi	who
neutralist	who
newsboy	who
newsman	who
newton	who
ney	who
niece	who
nigga	who
nigger	who
nigra	who
nimby	who
ninny	who
nisei	who
nixon	who
noah	who
nob	who
nobel	who
nobody	who
noc	who
noemi	who
nomad	who
noncom	who
novelist	who
noyes	who
np	who
nun	who
nurse	who
oaf	who
oates	who
observer	who
occam	who
occupant	who
ochoa	who
ochs	who
odets	who
odist	who
odo	who
officer	who
official	who
ogler	who
ohm	who
oken	who
old-man	who
oldster	who
olmec	who
onlooker	who
ono	who
oort	who
opel	who
orator	who
orczy	who
orff	who
orphan	who
orr	who
otho	who
outcast	who
ovid	who
owen	who
owens	who
owner	who
oyabun	who
ozawa	who
pa	who
pacha	who
padre	who
pagan	who
paget	who
paige	who
paine	who
painter	who
pal	who
pander	who
papa	who
pappa	who
pardner	who
parent	who
parks	who
parsi	who
parson	who
partner	who
pasha	who
passenger	who
passerby	who
pastor	who
pater	who
patient	who
paton	who
patriot	who
patron	who
patronne	who
patsy	who
paul	who
pauli	who
pawer	who
payee	who
payer	who
peary	who
peasant	who
peddler	who
pei	who
peon	who
pepin	who
pepys	who
percy	who
performer	who
peron	who
person	who
petitioner	who
philosopher	who
physician	who
piaf	who
pianist	who
picasso	who
pigmy	who
pilot	who
pimp	who
pinko	who
piper	who
pirate	who
pitcher	who
pitt	who
piute	who
planner	who
planter	who
plath	who
plato	who
player	who
playmate	who
pleb	who
plebe	who
plier	who
pliny	who
plumber	who
plyer	who
poe	who
poet	who
pol	who
policeman	who
politician	who
polk	who
pom	who
pommy	who
ponce	who
poof	who
poove	who
pope	who
porter	who
poseur	who
positivist	who
potter	who
pow	who
powys	who
preacher	who
president	who
prexy	who
prey	who
priest	who
prig	who
prince	who
prisoner	who
producer	who
prof	who
professor	who
prole	who
propagandist	who
prophet	who
proprietor	who
prude	who
pseud	who
psychologist	who
pudge	who
pugin	who
puke	who
puncher	who
pundit	who
punk	who
pupil	who
pursuer	who
pusey	who
putin	who
pygmy	who
pyle	who
qadi	who
quack	who
quaker	who
quarterback	who
quin	who
quine	who
quint	who
rabbi	who
racine	who
racist	who
rajah	who
rancher	who
ranee	who
rani	who
raper	who
rapist	who
rascal	who
rask	who
rasta	who
raver	who
reader	who
reb	who
rebel	who
redcoat	who
ref	who
refugee	who
registrant	who
reid	who
reporter	who
republican	who
resident	who
retailer	who
rex	who
reyes	who
rider	who
rifleman	who
riley	who
rilke	who
rn	who
roarer	who
robber	who
rodin	who
roget	who
rogue	who
rolf	who
rollo	who
roman	who
romeo	who
roofer	who
rookie	who
roper	who
ross	who
roth	who
roue	who
rous	who
rousseau	who
rover	who
rower	who
rube	who
ruler	who
runner	who
runt	who
rustler	who
sabin	who
sabra	who
sacco	who
sadat	who
sade	who
sadhu	who
sahib	who
sailor	who
salesman	who
salim	who
salk	who
santa	who
sapir	who
sarah	who
satie	who
sauk	who
saul	who
saver	who
savior	who
scamp	who
schmo	who
scholar	who
scientist	who
scion	who
scot	who
scott	who
scpo	who
sculptor	who
seaman	who
secretary	who
seeker	who
seer	who
segal	who
seles	who
senator	who
sentry	who
serb	who
serf	who
sergeant	who
serra	who
servant	who
seton	who
settler	who
shah	who
shahn	who
shakespeare	who
sharer	who
shaw	who
shawn	who
she	who
sheik	who
shem	who
sheriff	who
shill	who
shmo	who
shortstop	who
shute	who
sib	who
sibyl	who
sills	who
simon	who
singer	who
sinner	who
sioux	who
sipper	who
sir	who
sis	who
sister	who
skeat	who
skeptic	who
skier	who
skirmisher	who
skunk	who
slave	who
slob	who
slugger	who
slut	who
smith	who
smsgt	who
smuts	who
snead	who
sniper	who
snob	who
softy	who
soldier	who
soloist	who
solon	who
someone	who
son	who
sonny	who
soph	who
sophomore	who
soprano	who
sot	who
sousa	who
southerner	who
southpaw	who
sovereign	who
sower	who
speaker	who
specialist	who
spectator	who
speer	who
speke	who
spik	who
spiv	who
spock	who
sportsman	who
spouse	who
sprog	who
spy	who
squaw	who
squire	who
stael	who
stager	who
stalin	who
starr	who
statesman	who
steen	who
stockholder	who
stowe	who
stranger	who
stravinsky	who
student	who
stupe	who
successor	who
sucker	who
suer	who
suitor	who
sulla	who
sully	who
sultan	who
surgeon	who
survivor	who
swain	who
swami	who
swede	who
swot	who
synge	who
szell	who
taft	who
taker	who
tamer	who
tamm	who
tandy	who
taney	who
tange	who
tasso	who
tate	who
tati	who
tatum	who
taxer	who
taxpayer	who
teacher	who
teamster	who
tec	who
ted	who
teenager	who
tekki	who
temp	who
tenant	who
tenno	who
tesla	who
teton	who
texan	who
thane	who
tharp	who
them	who
theologian	who
therapist	who
they	who
thief	who
thug	who
tike	who
tiler	who
timur	who
tiro	who
tito	who
toady	who
tobey	who
tobin	who
toff	who
tojo	who
toper	who
tory	who
tot	who
toter	who
tourist	who
tout	who
towny	who
tracy	who
trader	who
traitor	who
trapper	who
traveler	who
trier	who
trooper	who
trustee	who
tsar	who
tully	who
turk	who
tutee	who
tutor	who
tutsi	who
twerp	who
twirler	who
twirp	who
tyke	who
tyrant	who
tyro	who
tyson	who
tzar	who
tzara	who
ump	who
uncle	who
uniat	who
urchin	who
urey	who
uriah	who
us	who
user	who
ux	who
uxor	who
valet	who
vandal	who
varro	who
vaux	who
vegan	who
vendor	who
venn	who
verdi	who
verne	who
vesey	who
vet	who
vexer	who
vicar	who
victim	who
victor	who
vidal	who
viewer	who
villain	who
vip	who
virgin	who
visitor	who
vitus	who
voltaire	who
voter	who
vower	who
wacko	who
waif	who
waite	who
waiter	who
wajda	who
waker	who
wally	who
ward	who
warrior	who
watts	who
waugh	who
wayne	who
we	who
wearer	who
webb	who
weber	who
weil	who
weill	who
wells	who
welty	who
wench	who
whale	who
whig	who
whizz	who
who	who
whom	who
whore	who
whose	who
widow	who
wife	who
wilde	who
wingman	who
winner	who
wino	who
wirer	who
witch	who
wiz	who
wizard	who
wog	who
wolfe	who
wolff	who
woman	who
wonk	who
wooer	who
woolf	who
wop	who
worker	who
workman	who
wouk	who
wretch	who
writer	who
wuss	who
wyat	who
wyatt	who
wyeth	who
wyler	who
wylie	who
yank	who
yankee	who
yeats	who
yenta	who
yid	who
yob	who
yobbo	who
yobo	who
yogi	who
yokel	who
you	who
youngster	who
youth	who
zeno	who
zeppo	who
zola	who
zombie	who
zuni	who
zweig	who
aah	verb
abandon	verb
abase	verb
abash	verb
abate	verb
abet	verb
abhor	verb
abide	verb
abolish	verb
abound	verb
absorb	verb
abuse	verb
abut	verb
aby	verb
abye	verb
accede	verb
accelerate	verb
accept	verb
acclaim	verb
accompany	verb
accomplish	verb
accord	verb
accost	verb
accrue	verb
accuse	verb
ache	verb
achieve	verb
acquire	verb
acquit	verb
act-as	verb
activate	verb
actuate	verb
adapt	verb
add	verb
addle	verb
adhere	verb
adjoin	verb
adjourn	verb
adjust	verb
administer	verb
admire	verb
admit	verb
admix	verb
adopt	verb
adore	verb
adorn	verb
adsorb	verb
advertise	verb
advise	verb
advocate	verb
affect	verb
affirm	verb
affix	verb
afford	verb
agitate	verb
agree	verb
aid	verb
airt	verb
alert	verb
alienate	verb
alight	verb
align	verb
aline	verb
allay	verb
allege	verb
allocate	verb
allot	verb
allow	verb
alter	verb
amass	verb
amaze	verb
amble	verb
amend	verb
amplify	verb
amuse	verb
analyse	verb
analyze	verb
anele	verb
announce	verb
annoy	verb
annul	verb
answer	verb
anticipate	verb
appal	verb
appear	verb
appease	verb
append	verb
applaud	verb
apply	verb
appoint	verb
appreciate	verb
approach	verb
approve	verb
arch	verb
argue	verb
arise	verb
arouse	verb
arrange	verb
arrest	verb
arrive	verb
ascend	verb
ascertain	verb
ascribe	verb
ask	verb
aspire	verb
assail	verb
assault	verb
assemble	verb
assert	verb
assess	verb
assign	verb
assist	verb
associate	verb
assume	verb
assure	verb
astound	verb
atone	verb
attach	verb
attack	verb
attain	verb
attempt	verb
attend	verb
attest	verb
attract	verb
attribute	verb
attune	verb
augment	verb
augur	verb
authorize	verb
avail	verb
avenge	verb
aver	verb
avert	verb
avoid	verb
avow	verb
await	verb
awaken	verb
babble	verb
badger	verb
baffle	verb
bake	verb
balk	verb
ban	verb
bandy	verb
bang	verb
banish	verb
baptize	verb
barde	verb
base	verb
bask	verb
baste	verb
bat	verb
bate	verb
bathe	verb
batter	verb
bawl	verb
be-born	verb
be-due	verb
bear	verb
beat	verb
beckon	verb
become	verb
bedamn	verb
bedew	verb
bedim	verb
befall	verb
befit	verb
befog	verb
beg	verb
beget	verb
begin	verb
behave	verb
behead	verb
behold	verb
belie	verb
believe	verb
bellow	verb
belong	verb
belong-to	verb
bemoan	verb
bend	verb
berate	verb
beseech	verb
beset	verb
besiege	verb
besot	verb
bestow	verb
bet	verb
bethink	verb
betray	verb
bevel	verb
bewail	verb
beware	verb
bicker	verb
bid	verb
bide	verb
bilk	verb
billow	verb
bind	verb
birdie	verb
birl	verb
birle	verb
bite	verb
blab	verb
blacken	verb
blame	verb
blanch	verb
blast	verb
blat	verb
blaze	verb
bleed	verb
blend	verb
bless	verb
blink	verb
blister	verb
bloom	verb
blub	verb
blurt	verb
blush	verb
boast	verb
bob	verb
bode	verb
bodge	verb
bogey	verb
boggle	verb
boil	verb
bolster	verb
bonk	verb
boo	verb
boom	verb
bore	verb
borrow	verb
bother	verb
bounce	verb
bouse	verb
bow	verb
bowse	verb
boycott	verb
brace	verb
brag	verb
braze	verb
break	verb
breathe	verb
bring	verb
broaden	verb
broil	verb
bruise	verb
bruit	verb
buck	verb
budge	verb
buffet	verb
build	verb
bump	verb
burgeon	verb
burn	verb
burst	verb
bury	verb
busk	verb
bust	verb
bustle	verb
butt	verb
buy	verb
buzz	verb
bypass	verb
cackle	verb
cadge	verb
calculate	verb
calibrate	verb
call	verb
call-for	verb
calve	verb
cancel	verb
canvass	verb
caper	verb
capture	verb
care	verb
careen	verb
caress	verb
cark	verb
carry	verb
carve	verb
cast	verb
catch	verb
cater	verb
caucus	verb
cause	verb
caution	verb
cavort	verb
caw	verb
cease	verb
cede	verb
celebrate	verb
cense	verb
centrifuge	verb
certify	verb
chafe	verb
chaff	verb
challenge	verb
change	verb
chant	verb
characterize	verb
chase	verb
chat	verb
cheat	verb
check	verb
cherish	verb
chevy	verb
chew	verb
chide	verb
chirk	verb
chirp	verb
chirr	verb
chivy	verb
choke	verb
choose	verb
chop	verb
chortle	verb
chuck	verb
chuckle	verb
chuff	verb
chug	verb
churn	verb
churr	verb
cite	verb
claim	verb
clamber	verb
clamp	verb
clang	verb
clank	verb
clarify	verb
clasp	verb
classify	verb
clatter	verb
cleave	verb
clench	verb
click	verb
climb	verb
clinch	verb
cling	verb
clink	verb
clobber	verb
clog	verb
clomp	verb
clothe	verb
cloy	verb
cluck	verb
clutch	verb
coact	verb
coapt	verb
coax	verb
cock	verb
coddle	verb
codify	verb
coerce	verb
cohere	verb
coil	verb
coincide	verb
collaborate	verb
collapse	verb
collect	verb
colly	verb
combine	verb
come	verb
come-in	verb
come-out	verb
commence	verb
commend	verb
commit	verb
communicate	verb
commute	verb
compare	verb
compel	verb
compensate	verb
compete	verb
compile	verb
complain	verb
complicate	verb
comply	verb
compose	verb
compound	verb
comprehend	verb
compress	verb
comprise	verb
compute	verb
conceal	verb
concede	verb
conceive	verb
concentrate	verb
concern	verb
conclude	verb
concur	verb
condemn	verb
conduct	verb
confer	verb
confess	verb
confide	verb
confine	verb
confirm	verb
confront	verb
confuse	verb
congeal	verb
conn	verb
connect	verb
connote	verb
conquer	verb
consider	verb
consign	verb
consist	verb
consort	verb
conspire	verb
constitute	verb
construct	verb
construe	verb
consult	verb
consume	verb
contain	verb
contemplate	verb
contend	verb
continue	verb
contradict	verb
contribute	verb
control	verb
convene	verb
converse	verb
convert	verb
convey	verb
convict	verb
convince	verb
cook	verb
cooperate	verb
coordinate	verb
cope	verb
correct	verb
correlate	verb
correspond	verb
cough	verb
count	verb
cover	verb
covet	verb
cower	verb
cozen	verb
crack	verb
cradle	verb
cram	verb
crane	verb
crave	verb
crawl	verb
creak	verb
crease	verb
create	verb
creep	verb
cringe	verb
cripple	verb
criticize	verb
croak	verb
cronk	verb
croon	verb
cross	verb
crouch	verb
crown	verb
crucify	verb
cruise	verb
crumble	verb
crump	verb
crush	verb
cry	verb
cuddle	verb
culminate	verb
cure	verb
curl	verb
curse	verb
curtail	verb
cushion	verb
cut	verb
dab	verb
dabble	verb
dally	verb
damage	verb
dampen	verb
dance	verb
dangle	verb
dare	verb
darken	verb
darn	verb
dart	verb
dash	verb
daunt	verb
dazzle	verb
deaden	verb
deal	verb
debar	verb
debug	verb
decay	verb
deceive	verb
decide	verb
declaim	verb
declare	verb
decline	verb
decorate	verb
decrease	verb
decry	verb
dedicate	verb
deduce	verb
deduct	verb
deem	verb
deepen	verb
defat	verb
defeat	verb
defend	verb
defer	verb
define	verb
defog	verb
defraud	verb
defray	verb
defy	verb
degas	verb
deice	verb
deify	verb
deign	verb
delay	verb
delegate	verb
deliver	verb
delude	verb
delve	verb
demand	verb
demean	verb
demob	verb
demonstrate	verb
demote	verb
demur	verb
denote	verb
denounce	verb
dent	verb
deny	verb
depart	verb
depend	verb
depend-on	verb
depict	verb
deplore	verb
deploy	verb
depose	verb
deposit	verb
depress	verb
deprive	verb
deride	verb
derive	verb
descend	verb
describe	verb
desert	verb
deserve	verb
desex	verb
design	verb
designate	verb
despise	verb
destine	verb
destroy	verb
detach	verb
detain	verb
detect	verb
deter	verb
determine	verb
detest	verb
detonate	verb
develop	verb
deviate	verb
devise	verb
devote	verb
devour	verb
diagnose	verb
dial	verb
dialyze	verb
dictate	verb
die	verb
differ	verb
dig	verb
digest	verb
dilate	verb
dilute	verb
diminish	verb
dine	verb
dip	verb
disagree	verb
disappear	verb
disappoint	verb
disapprove	verb
disarm	verb
discard	verb
discern	verb
disclose	verb
discount	verb
discourage	verb
discover	verb
discuss	verb
dislike	verb
dismiss	verb
dismount	verb
disobey	verb
disown	verb
dispatch	verb
dispel	verb
dispense	verb
display	verb
dispose	verb
disrupt	verb
diss	verb
disseminate	verb
dissolve	verb
dissuade	verb
distill	verb
distinguish	verb
distort	verb
distract	verb
distribute	verb
distrust	verb
disturb	verb
divert	verb
divest	verb
divide	verb
dizen	verb
docket	verb
dodge	verb
doff	verb
dominate	verb
don	verb
donate	verb
doom	verb
doss	verb
dote	verb
douse	verb
downgrade	verb
doze	verb
draft	verb
drag	verb
drain	verb
drape	verb
draw	verb
dread	verb
dribble	verb
drift	verb
drill	verb
drink	verb
drip	verb
drive	verb
droop	verb
drop	verb
drown	verb
drowse	verb
drub	verb
dub	verb
duck	verb
dump	verb
dunk	verb
dupe	verb
dwarf	verb
dwell	verb
dwindle	verb
dye	verb
earn	verb
ease	verb
eat	verb
ebb	verb
economize	verb
eddy	verb
edify	verb
edit	verb
educate	verb
educe	verb
eff	verb
efface	verb
egest	verb
ejaculate	verb
eject	verb
elapse	verb
elate	verb
elect	verb
elevate	verb
elicit	verb
elide	verb
eliminate	verb
elope	verb
elude	verb
elute	verb
embark	verb
embed	verb
embody	verb
emboss	verb
embrace	verb
emend	verb
emerge	verb
emit	verb
emote	verb
emphasize	verb
employ	verb
emulate	verb
enable	verb
enact	verb
encamp	verb
encase	verb
enchant	verb
enclose	verb
encompass	verb
encounter	verb
encourage	verb
end	verb
endanger	verb
endear	verb
endorse	verb
endow	verb
endue	verb
endure	verb
enforce	verb
engage	verb
engender	verb
engulf	verb
enhance	verb
enjoin	verb
enjoy	verb
enlarge	verb
enlist	verb
enmesh	verb
enrage	verb
enrich	verb
enrol	verb
enroll	verb
ensky	verb
ensue	verb
ensure	verb
entail	verb
enter	verb
entertain	verb
entice	verb
entitle	verb
entomb	verb
entrust	verb
envelop	verb
envision	verb
envy	verb
epitomize	verb
equate	verb
equip	verb
erase	verb
erect	verb
erode	verb
err	verb
eruct	verb
erupt	verb
escape	verb
eschew	verb
escort	verb
espouse	verb
espy	verb
establish	verb
estimate	verb
etch	verb
evade	verb
evaluate	verb
evict	verb
evoke	verb
evolve	verb
exaggerate	verb
exalt	verb
examine	verb
exceed	verb
excel	verb
except	verb
excise	verb
excite	verb
exclaim	verb
exclude	verb
execute	verb
exert	verb
exhale	verb
exhaust	verb
exhibit	verb
exile	verb
exist	verb
expand	verb
expect	verb
expel	verb
expend	verb
expire	verb
explain	verb
explode	verb
exploit	verb
explore	verb
export	verb
expose	verb
expound	verb
express	verb
extend	verb
extol	verb
extract	verb
exude	verb
exult	verb
facilitate	verb
fade	verb
fail	verb
fall	verb
falsify	verb
falter	verb
fasten	verb
fathom	verb
fatten	verb
favor	verb
faze	verb
feed	verb
feel	verb
feign	verb
feint	verb
fell	verb
fend	verb
ferry	verb
fetch	verb
fete	verb
fidget	verb
fight	verb
filch	verb
file	verb
fill	verb
filter	verb
finance	verb
find	verb
find-out	verb
finish	verb
fit	verb
fix	verb
fizzle	verb
flake	verb
flank	verb
flap	verb
flash	verb
flatten	verb
flatter	verb
flaunt	verb
flay	verb
flee	verb
flex	verb
flicker	verb
flinch	verb
fling	verb
flip	verb
flirt	verb
flit	verb
float	verb
flog	verb
flood	verb
flop	verb
flounder	verb
flourish	verb
flout	verb
flub	verb
flump	verb
flush	verb
fly	verb
foist	verb
fold	verb
follow	verb
forbid	verb
force	verb
forecast	verb
forego	verb
foresee	verb
forestall	verb
forfeit	verb
forge	verb
forget	verb
forgive	verb
forgo	verb
formulate	verb
forsake	verb
fortify	verb
foster	verb
found	verb
frap	verb
freeze	verb
fress	verb
fret	verb
frighten	verb
frown	verb
frustrate	verb
fry	verb
fulfil	verb
fulfill	verb
fumble	verb
fume	verb
furl	verb
furnish	verb
fuse	verb
fuss	verb
gabble	verb
gain	verb
gallop	verb
gamble	verb
gape	verb
garner	verb
gash	verb
gasp	verb
gather	verb
gauge	verb
gawk	verb
gawp	verb
gaze	verb
gear	verb
geld	verb
generalize	verb
generate	verb
get	verb
get-out	verb
geyser	verb
giggle	verb
gild	verb
gip	verb
gird	verb
give	verb
glance	verb
glare	verb
glaze	verb
glean	verb
glide	verb
glint	verb
glisten	verb
glitter	verb
gloat	verb
glom	verb
glorify	verb
glow	verb
glower	verb
glue	verb
glug	verb
glut	verb
gnash	verb
gnaw	verb
go	verb
go-into	verb
go-on	verb
go-out	verb
go-to	verb
gobble	verb
goof	verb
gore	verb
gorge	verb
gouge	verb
govern	verb
grab	verb
graduate	verb
grant	verb
grapple	verb
grasp	verb
gratify	verb
graze	verb
greet	verb
grieve	verb
grimace	verb
grin	verb
grind	verb
grip	verb
groak	verb
groan	verb
grok	verb
grope	verb
grovel	verb
grow	verb
growl	verb
grumble	verb
grunt	verb
guarantee	verb
guess	verb
guide	verb
gull	verb
gulp	verb
gush	verb
guzzle	verb
gybe	verb
gyrate	verb
haggle	verb
hail	verb
halt	verb
halve	verb
hammer	verb
hamper	verb
handle	verb
hang	verb
hanker	verb
happen	verb
harangue	verb
harden	verb
hark	verb
harrow	verb
harry	verb
harvest	verb
hasten	verb
hatch	verb
hate	verb
haul	verb
haunt	verb
heal	verb
hear	verb
heave	verb
heed	verb
heft	verb
heist	verb
help	verb
hesitate	verb
hew	verb
hide	verb
hie	verb
hijack	verb
hinder	verb
hint	verb
hire	verb
hiss	verb
hit	verb
hitch	verb
hobble	verb
hock	verb
hog	verb
hoist	verb
hold	verb
holler	verb
honor	verb
hook	verb
hoot	verb
hop	verb
hope	verb
hover	verb
huddle	verb
hug	verb
hum	verb
hunt	verb
hurdle	verb
hurl	verb
hurry	verb
hurt	verb
hurtle	verb
hush	verb
hustle	verb
identify	verb
ignite	verb
ignore	verb
illuminate	verb
illumine	verb
illustrate	verb
imagine	verb
imbed	verb
imbibe	verb
imbue	verb
imitate	verb
immix	verb
impair	verb
impale	verb
impart	verb
impede	verb
impel	verb
implore	verb
imply	verb
import	verb
impose	verb
impress	verb
imprint	verb
imprison	verb
improve	verb
impute	verb
incise	verb
incite	verb
incline	verb
include	verb
incorporate	verb
increase	verb
incur	verb
indicate	verb
indict	verb
induce	verb
induct	verb
indue	verb
indulge	verb
infect	verb
infer	verb
infest	verb
inflame	verb
inflict	verb
inform	verb
ingest	verb
inhabit	verb
inherit	verb
inhibit	verb
initiate	verb
inject	verb
injure	verb
inlay	verb
inquire	verb
insert	verb
insist	verb
inspect	verb
inspire	verb
instal	verb
install	verb
institute	verb
instruct	verb
insult	verb
insure	verb
integrate	verb
intend	verb
inter	verb
intercept	verb
interfere	verb
interpret	verb
interrupt	verb
intersect	verb
intervene	verb
interview	verb
intone	verb
introduce	verb
intrude	verb
inure	verb
invade	verb
invent	verb
invert	verb
invest	verb
investigate	verb
invite	verb
invoke	verb
involve	verb
irk	verb
irritate	verb
isolate	verb
itch	verb
itemize	verb
jab	verb
jabber	verb
jangle	verb
jeer	verb
jell	verb
jerk	verb
jig	verb
jilt	verb
jimmy	verb
jingle	verb
jive	verb
jog	verb
joggle	verb
join	verb
josh	verb
jostle	verb
judge	verb
jump	verb
justify	verb
keep	verb
keynote	verb
kick	verb
kidnap	verb
kill	verb
kiss	verb
knap	verb
knead	verb
kneel	verb
knit	verb
knock	verb
know	verb
label	verb
lace	verb
lade	verb
lag	verb
lam	verb
lament	verb
larn	verb
lash	verb
latch	verb
laud	verb
laugh	verb
launch	verb
lave	verb
lay	verb
laze	verb
lead	verb
lean	verb
leap	verb
learn	verb
lease	verb
leave	verb
leer	verb
lend	verb
lessen	verb
let	verb
levy	verb
lick	verb
lie	verb
lie-in	verb
lift	verb
like	verb
liken	verb
limn	verb
linger	verb
link	verb
lionize	verb
listen	verb
live	verb
liven	verb
loathe	verb
lob	verb
locate	verb
lock	verb
lodge	verb
loiter	verb
loll	verb
look	verb
look-for	verb
look-like	verb
loom	verb
loosen	verb
lop	verb
lope	verb
lose	verb
lounge	verb
lour	verb
love	verb
lower	verb
lug	verb
lunge	verb
lurch	verb
lure	verb
lurk	verb
lynch	verb
magnify	verb
mail	verb
maim	verb
maintain	verb
make	verb
manage	verb
manifest	verb
manipulate	verb
mar	verb
march	verb
mark	verb
marry	verb
marvel	verb
mash	verb
match	verb
mate	verb
mature	verb
mean	verb
measure	verb
meddle	verb
meditate	verb
meet	verb
melt	verb
memorize	verb
mend	verb
mention	verb
merge	verb
merit	verb
mew	verb
mewl	verb
migrate	verb
mince	verb
mingle	verb
minimize	verb
misdo	verb
mislay	verb
mislead	verb
miss	verb
misuse	verb
miter	verb
mitigate	verb
mix	verb
moan	verb
mobilize	verb
mock	verb
modify	verb
moil	verb
moisten	verb
mold	verb
molest	verb
monitor	verb
moo	verb
mop	verb
morph	verb
mosey	verb
mosh	verb
motivate	verb
mottle	verb
mould	verb
mount	verb
mourn	verb
move	verb
mow	verb
muck	verb
muffle	verb
mull	verb
multiply	verb
mumble	verb
murmur	verb
muse	verb
muster	verb
mutter	verb
nab	verb
nag	verb
nail	verb
nasale	verb
necessitate	verb
neglect	verb
negotiate	verb
nestle	verb
nip	verb
nock	verb
nod	verb
nol	verb
nominate	verb
notch	verb
note	verb
notice	verb
notify	verb
nourish	verb
nudge	verb
nuzzle	verb
obey	verb
oblige	verb
observe	verb
obsess	verb
obtain	verb
occupy	verb
occur	verb
offend	verb
offer	verb
officiate	verb
offset	verb
ogle	verb
omit	verb
ooh	verb
open	verb
operate	verb
opine	verb
oppose	verb
opt	verb
orate	verb
ordain	verb
order	verb
organize	verb
orient	verb
originate	verb
ossify	verb
oust	verb
outdo	verb
outface	verb
outlaw	verb
outline	verb
outlive	verb
outrage	verb
outrun	verb
outweigh	verb
overcome	verb
overhear	verb
overlap	verb
overlook	verb
override	verb
overrun	verb
overtake	verb
overthrow	verb
owe	verb
pacify	verb
pack	verb
paddle	verb
paint	verb
pall	verb
pamper	verb
pant	verb
parch	verb
pardon	verb
pare	verb
parlay	verb
parry	verb
parse	verb
participate	verb
pass	verb
pat	verb
pause	verb
pay	verb
peck	verb
peddle	verb
peel	verb
peep	verb
peer	verb
pelt	verb
penalize	verb
penetrate	verb
pepper	verb
perceive	verb
perch	verb
perform	verb
perish	verb
permit	verb
perpetuate	verb
persist	verb
persuade	verb
pertain	verb
peruse	verb
pervade	verb
pester	verb
pick	verb
pick-up	verb
pierce	verb
pilfer	verb
pin	verb
pinch	verb
ping	verb
pinpoint	verb
pioneer	verb
piss	verb
pitch	verb
pivot	verb
plague	verb
plat	verb
play	verb
plead	verb
please	verb
pledge	verb
plod	verb
plow	verb
pluck	verb
plunge	verb
plunk	verb
ply	verb
poach	verb
point-out	verb
poise	verb
poke	verb
polish	verb
pommel	verb
ponder	verb
pooch	verb
pop	verb
populate	verb
portray	verb
pose	verb
possess	verb
postpone	verb
pounce	verb
pour	verb
praise	verb
prance	verb
pray	verb
preach	verb
precede	verb
predict	verb
preen	verb
prefer	verb
prepare	verb
prescribe	verb
preserve	verb
preside	verb
press	verb
presume	verb
pretend	verb
prevail	verb
prevent	verb
prick	verb
primp	verb
prink	verb
print	verb
prise	verb
probe	verb
proceed	verb
proclaim	verb
procure	verb
prod	verb
produce	verb
profess	verb
proffer	verb
prohibit	verb
prolong	verb
promise	verb
promote	verb
prompt	verb
pronk	verb
propel	verb
propose	verb
protect	verb
protest	verb
protrude	verb
prove	verb
provide	verb
provoke	verb
prowl	verb
pry	verb
publish	verb
pucker	verb
puff	verb
pule	verb
pull	verb
pummel	verb
punch	verb
punish	verb
punt	verb
pupate	verb
purchase	verb
purge	verb
purify	verb
purl	verb
purport	verb
pursue	verb
push	verb
put	verb
putt	verb
puzzle	verb
quail	verb
qualify	verb
quarrel	verb
quash	verb
quell	verb
quench	verb
query	verb
quicken	verb
quip	verb
quit	verb
quiver	verb
quote	verb
race	verb
radiate	verb
raise	verb
rake	verb
rally	verb
ram	verb
ramble	verb
ransack	verb
rap	verb
rape	verb
rase	verb
ratify	verb
rattle	verb
raze	verb
reach	verb
react	verb
read	verb
reaffirm	verb
realize	verb
reap	verb
reappear	verb
rearm	verb
rearrange	verb
reassure	verb
reave	verb
rebuff	verb
rebuild	verb
rebuke	verb
rebut	verb
recall	verb
recede	verb
receive	verb
recess	verb
recite	verb
reckon	verb
reclaim	verb
recognize	verb
recoil	verb
recollect	verb
recommend	verb
reconsider	verb
recopy	verb
record	verb
recount	verb
recoup	verb
recover	verb
recreate	verb
recruit	verb
recur	verb
redden	verb
rede	verb
redeem	verb
redo	verb
reduce	verb
reecho	verb
reek	verb
reelect	verb
reenact	verb
refer	verb
refill	verb
refine	verb
reflect	verb
refuel	verb
refuse	verb
refute	verb
regain	verb
regale	verb
regard	verb
regard-as	verb
register	verb
regret	verb
regulate	verb
rehash	verb
rehearse	verb
reify	verb
reign	verb
reinforce	verb
reiterate	verb
reject	verb
rejig	verb
rejoice	verb
rejoin	verb
relace	verb
relate	verb
relax	verb
relay	verb
release	verb
relegate	verb
relent	verb
relieve	verb
relinquish	verb
relive	verb
reload	verb
rely	verb
remain	verb
remake	verb
remand	verb
remark	verb
remedy	verb
remember	verb
remind	verb
remit	verb
remodel	verb
remove	verb
rename	verb
rend	verb
render	verb
renew	verb
reopen	verb
repair	verb
repay	verb
repeal	verb
repeat	verb
repel	verb
repent	verb
replace	verb
replenish	verb
reply	verb
repot	verb
represent	verb
repress	verb
reproduce	verb
repulse	verb
repute	verb
request	verb
require	verb
reread	verb
rerun	verb
rescind	verb
rescue	verb
reseal	verb
resemble	verb
resent	verb
reserve	verb
reset	verb
resew	verb
reside	verb
resift	verb
resign	verb
resist	verb
resolve	verb
resort	verb
respond	verb
restate	verb
restore	verb
restrain	verb
restrict	verb
resume	verb
ret	verb
retain	verb
retard	verb
retch	verb
rethink	verb
retie	verb
retire	verb
retort	verb
retrace	verb
retract	verb
retreat	verb
retrieve	verb
retry	verb
return	verb
reunite	verb
reuse	verb
rev	verb
revamp	verb
reveal	verb
revel	verb
revere	verb
reverse	verb
revert	verb
revet	verb
review	verb
revile	verb
revise	verb
revive	verb
rewrite	verb
rid	verb
riddle	verb
ride	verb
ridicule	verb
riffle	verb
rile	verb
ring	verb
rinse	verb
rip	verb
ripen	verb
rise	verb
risk	verb
rival	verb
rive	verb
rivet	verb
roam	verb
roar	verb
roast	verb
rob	verb
roil	verb
roll	verb
romp	verb
roost	verb
rot	verb
rotate	verb
rouse	verb
rout	verb
rove	verb
rub	verb
ruffle	verb
ruin	verb
rummage	verb
run	verb
rush	verb
rust	verb
rustle	verb
sacrifice	verb
sadden	verb
sag	verb
sail	verb
salute	verb
salvage	verb
sanction	verb
sap	verb
sashay	verb
sate	verb
satisfy	verb
saute	verb
save	verb
savor	verb
savvy	verb
saw	verb
say	verb
scab	verb
scamper	verb
scan	verb
scare	verb
scatter	verb
scend	verb
schedule	verb
scoff	verb
scold	verb
scoot	verb
scorch	verb
scour	verb
scout	verb
scowl	verb
scram	verb
scramble	verb
scrape	verb
scratch	verb
scrawl	verb
scream	verb
screech	verb
scribe	verb
scrub	verb
scrutinize	verb
scry	verb
scud	verb
scuff	verb
scurry	verb
scuttle	verb
sear	verb
secede	verb
secure	verb
see	verb
seek	verb
seel	verb
seem	verb
seep	verb
segregate	verb
seize	verb
select	verb
sell	verb
send	verb
serve	verb
set	verb
settle	verb
sever	verb
sew	verb
shake	verb
shamble	verb
shatter	verb
shave	verb
shed	verb
shelve	verb
shew	verb
shield	verb
shift	verb
shimmy	verb
shine	verb
shirk	verb
shirr	verb
shiver	verb
shoo	verb
shoot	verb
shorten	verb
shout	verb
shove	verb
show	verb
shrink	verb
shroud	verb
shrug	verb
shudder	verb
shuffle	verb
shun	verb
shush	verb
shut	verb
shuttle	verb
shy	verb
sicken	verb
sidestep	verb
sidle	verb
sift	verb
sigh	verb
signify	verb
simmer	verb
simplify	verb
simulate	verb
sing	verb
singe	verb
sink	verb
sip	verb
sire	verb
siss	verb
sit	verb
sit-down	verb
situate	verb
sizz	verb
sizzle	verb
skid	verb
skim	verb
skimp	verb
skip	verb
skive	verb
skulk	verb
slacken	verb
slake	verb
slam	verb
slap	verb
slash	verb
slate	verb
slaver	verb
slay	verb
sleep	verb
slide	verb
slime	verb
sling	verb
slink	verb
slip	verb
slog	verb
slop	verb
slosh	verb
slue	verb
slug	verb
slumber	verb
slump	verb
slurp	verb
smack	verb
smash	verb
smell	verb
smile	verb
smirk	verb
smite	verb
smolder	verb
smother	verb
smuggle	verb
snag	verb
snap	verb
snarf	verb
snarl	verb
snatch	verb
sneak	verb
snicker	verb
sniff	verb
snog	verb
snoop	verb
snore	verb
snort	verb
snub	verb
snuggle	verb
soak	verb
soar	verb
sob	verb
soften	verb
solder	verb
solicit	verb
solve	verb
soothe	verb
sorb	verb
sough	verb
sound	verb
sour	verb
souse	verb
sow	verb
span	verb
spang	verb
spare	verb
spark	verb
spay	verb
speak	verb
spear	verb
specify	verb
speculate	verb
spend	verb
spew	verb
spill	verb
spin	verb
spit	verb
splash	verb
splice	verb
spoil	verb
sponge	verb
sponsor	verb
spout	verb
sprain	verb
sprawl	verb
spread	verb
sprinkle	verb
sprint	verb
sprout	verb
spue	verb
spurn	verb
squall	verb
squash	verb
squat	verb
squawk	verb
squeak	verb
squeal	verb
squeeze	verb
squint	verb
squirm	verb
squirt	verb
stab	verb
stagger	verb
stain	verb
stalk	verb
stammer	verb
stamp	verb
stand	verb
stand-up	verb
stare	verb
start	verb
startle	verb
starve	verb
stay	verb
steal	verb
steam	verb
steer	verb
stet	verb
stiffen	verb
stifle	verb
stimulate	verb
stink	verb
stipulate	verb
stir	verb
stoke	verb
stomp	verb
stoop	verb
stop	verb
stow	verb
straddle	verb
strafe	verb
straighten	verb
strain	verb
strand	verb
strangle	verb
streak	verb
strengthen	verb
stretch	verb
strew	verb
strike	verb
strive	verb
stroke	verb
strop	verb
strum	verb
stud	verb
stumble	verb
stun	verb
stutter	verb
sub	verb
subdue	verb
submit	verb
subside	verb
subsidize	verb
substitute	verb
subtend	verb
subtract	verb
succeed	verb
succumb	verb
suck	verb
sue	verb
suffer	verb
suffice	verb
suffuse	verb
suggest	verb
summarize	verb
summon	verb
sunder	verb
supersede	verb
supervise	verb
supplant	verb
supplement	verb
supply	verb
support	verb
suppose	verb
suppress	verb
surge	verb
surmise	verb
surpass	verb
surprise	verb
surrender	verb
surround	verb
survey	verb
survive	verb
suspect	verb
suspend	verb
sustain	verb
swab	verb
swagger	verb
swallow	verb
swap	verb
swarm	verb
swathe	verb
sway	verb
swear	verb
sweep	verb
swell	verb
swerve	verb
swim	verb
swindle	verb
swing	verb
swipe	verb
swirl	verb
swish	verb
switch	verb
swivel	verb
swoon	verb
swoop	verb
swosh	verb
symbolize	verb
sync	verb
tabulate	verb
tack	verb
tackle	verb
tailor	verb
take	verb
take-place	verb
talk	verb
talk-about	verb
tamper	verb
tap	verb
taper	verb
tarry	verb
taste	verb
tat	verb
taunt	verb
teach	verb
tear	verb
tease	verb
teem	verb
teeter	verb
televise	verb
tell	verb
tempt	verb
tend	verb
terminate	verb
test	verb
testify	verb
tether	verb
thank	verb
thaw	verb
thicken	verb
think	verb
think-of	verb
thrash	verb
threaten	verb
thresh	verb
thrive	verb
throb	verb
throw	verb
thrust	verb
thump	verb
thwart	verb
tie	verb
tighten	verb
tilt	verb
tinct	verb
tingle	verb
tink	verb
tinker	verb
tinkle	verb
titter	verb
tog	verb
toil	verb
tolerate	verb
topple	verb
torture	verb
toss	verb
totter	verb
touch	verb
trace	verb
trail	verb
tramp	verb
trample	verb
transform	verb
translate	verb
transmit	verb
transport	verb
travel	verb
traverse	verb
tread	verb
treat	verb
tremble	verb
trim	verb
troat	verb
trot	verb
trudge	verb
trundle	verb
trust	verb
try	verb
tsk	verb
tuck	verb
tug	verb
tumble	verb
turn	verb
turn-out	verb
tut	verb
tweeze	verb
twine	verb
twirl	verb
twist	verb
twitch	verb
typify	verb
unarm	verb
unbar	verb
unbox	verb
uncork	verb
uncover	verb
uncurl	verb
underlie	verb
underline	verb
undermine	verb
understand	verb
undertake	verb
undo	verb
undress	verb
unearth	verb
unfold	verb
unhitch	verb
unify	verb
unite	verb
unlace	verb
unlash	verb
unlax	verb
unleash	verb
unload	verb
unlock	verb
unman	verb
unmask	verb
unpack	verb
unpin	verb
unsay	verb
unscrew	verb
unsex	verb
unthaw	verb
untie	verb
unveil	verb
unwind	verb
unwire	verb
unzip	verb
update	verb
upend	verb
upgrade	verb
uphold	verb
uplift	verb
uproot	verb
upset	verb
urge	verb
usher	verb
usurp	verb
utilize	verb
utter	verb
vacate	verb
vanish	verb
vary	verb
veer	verb
veil	verb
vend	verb
vent	verb
venture	verb
verify	verb
vest	verb
vex	verb
vie	verb
violate	verb
visit	verb
visualize	verb
vivify	verb
volunteer	verb
vomit	verb
vote	verb
vouch	verb
vow	verb
wad	verb
wade	verb
waft	verb
wag	verb
waggle	verb
wail	verb
wait	verb
waive	verb
wake	verb
waken	verb
walk	verb
wallop	verb
wallow	verb
wander	verb
wane	verb
wangle	verb
want	verb
warble	verb
warn	verb
warp	verb
warrant	verb
wash	verb
waste	verb
watch	verb
waul	verb
waver	verb
wawl	verb
waylay	verb
weaken	verb
wean	verb
wear	verb
weave	verb
wed	verb
wedel	verb
weep	verb
weigh	verb
welch	verb
welcome	verb
weld	verb
wend	verb
whack	verb
wham	verb
whap	verb
wheeze	verb
whelm	verb
whet	verb
whine	verb
whinny	verb
whip	verb
whirl	verb
whish	verb
whisk	verb
whisper	verb
whistle	verb
whiten	verb
whiz	verb
whomp	verb
whoop	verb
whop	verb
widen	verb
wield	verb
wiggle	verb
wilt	verb
win	verb
wince	verb
wink	verb
winnow	verb
wipe	verb
wish	verb
withdraw	verb
wither	verb
withhold	verb
withstand	verb
witness	verb
wive	verb
wobble	verb
wonder	verb
woo	verb
woosh	verb
worry	verb
worsen	verb
wrangle	verb
wrap	verb
wrawl	verb
wreak	verb
wreck	verb
wrench	verb
wrest	verb
wrestle	verb
wriggle	verb
wring	verb
write	verb
writhe	verb
yap	verb
yaup	verb
yawn	verb
yawp	verb
yearn	verb
yell	verb
yelp	verb
yield	verb
zigzag	verb
zip	verb
zoom	verb
a'man	what
aa	what
aaa	what
aalii	what
aalst	what
aar	what
aare	what
aarp	what
aas	what
aave	what
ab	what
aba	what
abaca	what
abacus	what
abamp	what
abatis	what
abaya	what
abb	what
abbey	what
abc	what
abc's	what
abcs	what
abdias	what
abdomen	what
abele	what
abies	what
abila	what
ability	what
ablation	what
ablism	what
abls	what
abm	what
abode	what
abohm	what
abor	what
abort	what
abortion	what
abs	what
abscess	what
abseil	what
absence	what
abstraction	what
absurdity	what
abuja	what
abyla	what
abysm	what
abyss	what
ac	what
academy	what
acarid	what
acarus	what
acc	what
accent	what
acceptance	what
access	what
accho	what
accident	what
accordance	what
account	what
accra	what
accreditation	what
accuracy	what
ace	what
acedia	what
acer	what
acetone	what
acheta	what
achievement	what
acid	what
acidity	what
acinus	what
ackee	what
acme	what
acne	what
acorn	what
acquisition	what
acre	what
acreage	what
acres	what
acris	what
act	what
acth	what
actias	what
actin	what
acting	what
action	what
actium	what
active	what
activism	what
activity	what
acts	what
actuality	what
acuity	what
acular	what
aculea	what
acumen	what
acyl	what
ad	what
ada	what
adad	what
adage	what
adalia	what
adams	what
adana	what
adapa	what
adapid	what
adapin	what
adar	what
addax	what
adder	what
addition	what
additive	what
address	what
ade	what
adelie	what
aden	what
adequacy	what
adh	what
adhd	what
adhesive	what
adieu	what
adige	what
adios	what
adit	what
aditi	what
adjective	what
adjunct	what
adjustment	what
administration	what
admiration	what
admission	what
adnexa	what
adnoun	what
ado	what
adobe	what
adobo	what
adoption	what
adp	what
adps	what
adult	what
advance	what
advantage	what
advent	what
adventure	what
adverb	what
advertising	what
advice	what
advil	what
adz	what
adze	what
aec	what
aedes	what
aegean	what
aegina	what
aegir	what
aegis	what
aeneid	what
aeon	what
aeration	what
aerator	what
aerial	what
aerie	what
aerobe	what
aerosol	what
aertex	what
aesir	what
aether	what
affair	what
affairs	what
affection	what
affray	what
affront	what
afghan	what
afisr	what
afl	what
afp	what
africa	what
afrl	what
afro	what
afspc	what
afternoon	what
ag	what
aga	what
agal	what
agama	what
agamid	what
agar	what
agate	what
agave	what
age	what
ageism	what
agency	what
agenda	what
agene	what
agent	what
aggeus	what
agglutinin	what
aggro	what
agha	what
aghan	what
agio	what
agism	what
aglet	what
agnail	what
agni	what
agon	what
agonus	what
agony	what
agora	what
agouti	what
agra	what
agreement	what
agua	what
ague	what
ahem	what
ahimsa	what
ahpcrc	what
ahura	what
ai	what
aiai	what
aides	what
aids	what
aiglet	what
aigret	what
aikido	what
ail	what
ailment	what
aim	what
aioli	what
air	what
airbus	what
aircraft	what
aire	what
airgun	what
airing	what
airplane	what
airport	what
airs	what
airway	what
aisle	what
aix	what
ajaia	what
ajax	what
ajuga	what
ak	what
akaba	what
akan	what
akee	what
aken	what
akha	what
akka	what
akko	what
akron	what
aku	what
al	what
ala	what
alabama	what
alamo	what
alarm	what
alarum	what
alaska	what
alauda	what
alb	what
albany	what
albula	what
album	what
albumin	what
alca	what
alcaic	what
alcea	what
alcedo	what
alces	what
alcohol	what
alcove	what
alder	what
aldol	what
ale	what
alep	what
aleph	what
aleut	what
aleve	what
alga	what
algae	what
algin	what
algol	what
alibi	what
alidad	what
alir	what
aliyah	what
alkali	what
alkyd	what
alkyl	what
allah	what
allegory	what
allele	what
alley	what
allice	what
allis	what
allotment	what
alloy	what
allure	what
allusion	what
ally	what
allyl	what
alms	what
alnus	what
aloe	what
aloes	what
aloha	what
alopex	what
alosa	what
alp	what
alpaca	what
alpha	what
alps	what
als	what
alt	what
altace	what
altar	what
alternative	what
altitude	what
alula	what
alum	what
aluminum	what
alveolus	what
alytes	what
amati	what
amazement	what
amazon	what
ambiguity	what
ambit	what
ambition	what
ambo	what
ambulance	what
ambush	what
amd	what
ameba	what
amen	what
amendment	what
amends	what
ament	what
america	what
americana	what
amex	what
amia	what
amide	what
amine	what
amity	what
amman	what
ammo	what
ammunition	what
amnio	what
amnion	what
amnios	what
amoeba	what
amon	what
amor	what
amos	what
amount	what
amour	what
amoxil	what
amoy	what
amp	what
amplitude	what
ampul	what
ampule	what
amulet	what
amun	what
amur	what
amusd	what
amyl	what
amytal	what
ana	what
anabas	what
anaconda	what
analogy	what
analysis	what
anarchy	what
anas	what
anasa	what
anastomosis	what
anatomy	what
ancestry	what
anchor	what
andes	what
andrena	what
anecdote	what
anemia	what
ang	what
angas	what
angel	what
anger	what
angle	what
angler	what
angora	what
angst	what
anguis	what
anguish	what
angus	what
anhima	what
ani	what
anil	what
anima	what
animal	what
anime	what
anion	what
anionic	what
anise	what
anjou	what
ankle	what
anklet	what
ankus	what
anlage	what
anna	what
annals	what
annam	what
annex	what
annexa	what
annexe	what
annon	what
annum	what
annwfn	what
annwn	what
ano	what
anoa	what
anode	what
anole	what
anolis	what
anomia	what
anomie	what
anomy	what
anonym	what
anorak	what
anova	what
anpu	what
ans	what
ansaid	what
anser	what
ant	what
ante	what
antelope	what
antenna	what
anthus	what
antibody	what
antigen	what
antiserum	what
antler	what
antrum	what
antum	what
anu	what
anura	what
anus	what
anvil	what
anxiety	what
anzio	what
aorist	what
aorta	what
aotus	what
aoudad	what
apar	what
apartment	what
apathy	what
apc	what
ape	what
apercu	what
aperea	what
apery	what
apex	what
aphid	what
aphis	what
apia	what
apiary	what
apidae	what
apios	what
apis	what
apium	what
aplomb	what
apnea	what
apogee	what
apogon	what
apology	what
apparatus	what
appeal	what
appearance	what
appendix	what
appetite	what
applause	what
apple	what
applet	what
application	what
appointment	what
appreciation	what
appro	what
approval	what
apr	what
april	what
apron	what
apse	what
apsis	what
apsu	what
aptitude	what
apus	what
aqaba	what
aqua	what
aquila	what
ar	what
ara	what
arab	what
arak	what
aram	what
arame	what
aramus	what
aranea	what
aras	what
arava	what
arawn	what
arbor	what
arbour	what
arc	what
arca	what
arcade	what
arctic	what
arcus	what
arda	what
ardea	what
ardeb	what
ardor	what
ards	what
area	what
areaway	what
areca	what
arena	what
areola	what
arere	what
ares	what
arete	what
argal	what
argali	what
argil	what
argo	what
argon	what
argos	what
argot	what
argument	what
argun	what
argus	what
argyle	what
argyll	what
arhat	what
arhus	what
aria	what
aridity	what
aries	what
aril	what
arilus	what
arista	what
arithmetic	what
arity	what
arius	what
ark	what
arkansas	what
arles	what
arm	what
armchair	what
armet	what
armful	what
arming	what
armlet	what
armoire	what
armor	what
armory	what
armour	what
armpit	what
arms	what
army	what
arng	what
arnica	what
arno	what
aroma	what
arousal	what
arrangement	what
arras	what
array	what
arrival	what
arrow	what
arroyo	what
arse	what
arson	what
art	what
artery	what
article	what
artillery	what
arts	what
artsd	what
aruba	what
arui	what
arulo	what
arum	what
aruru	what
asala	what
asama	what
asana	what
asarh	what
ascent	what
ascii	what
ascot	what
ascus	what
asdic	what
asean	what
asgard	what
ash	what
ashbin	what
ashcan	what
ashir	what
ashlar	what
ashur	what
asia	what
asin	what
asio	what
asl	what
asp	what
aspect	what
aspen	what
asper	what
aspic	what
aspirin	what
aspis	what
ass	what
assam	what
assay	what
assembly	what
assent	what
assessment	what
asset	what
assignment	what
assistance	what
assize	what
association	what
assumption	what
assur	what
assurance	what
aster	what
asterisk	what
astonishment	what
asur	what
asura	what
aswan	what
asylum	what
atar	what
atarax	what
ataxy	what
ate	what
ateles	what
aten	what
atf	what
athabascan	what
athar	what
athene	what
athens	what
athos	what
ativan	what
atlanta	what
atlantic	what
atlas	what
atm	what
atmosphere	what
atole	what
atoll	what
atom	what
aton	what
atony	what
atopy	what
atp	what
atrium	what
atrophy	what
attar	what
attention	what
attic	what
attica	what
attire	what
attitude	what
au	what
auc	what
audad	what
audience	what
audio	what
audit	what
aug	what
auger	what
aught	what
august	what
auk	what
auklet	what
aum	what
aura	what
aureomycin	what
austin	what
authenticity	what
authorities	what
authority	what
autism	what
auto	what
automobile	what
autopsy	what
autumn	what
auxin	what
av	what
avahi	what
avarice	what
avena	what
avens	what
avenue	what
aves	what
avesta	what
aviary	what
avo	what
avocado	what
avocet	what
avoidance	what
avon	what
avowal	what
award	what
awareness	what
awe	what
awl	what
awn	what
awning	what
ax	what
axe	what
axil	what
axilla	what
axiom	what
axis	what
axle	what
axon	what
axone	what
ayin	what
ayr	what
aythya	what
az	what
azeri	what
azide	what
azote	what
azt	what
ba	what
baa	what
baal	what
baba	what
babar	what
babel	what
babka	what
baboon	what
bacca	what
baccy	what
bach	what
backbend	what
background	what
backing	what
backup	what
backyard	what
bacon	what
bacteria	what
bade	what
badge	what
badness	what
bag	what
bagel	what
baggage	what
bagger	what
bagnio	what
bagpipe	what
baht	what
bai	what
baic	what
bail	what
bailey	what
baisa	what
bait	what
baiza	what
baize	what
bakery	what
baku	what
balance	what
balas	what
baldr	what
bale	what
bali	what
ball	what
ballad	what
ballast	what
ballet	what
balloon	what
ballot	what
ballroom	what
ballup	what
balm	what
balsa	what
balsam	what
baltimore	what
bam	what
banana	what
band	what
bandage	what
bane	what
banff	what
banger	what
banging	what
bangle	what
banian	what
banister	what
banjo	what
bank	what
bankia	what
banner	what
banns	what
banquet	what
banshee	what
banter	what
banyan	what
banzai	what
bap	what
bar	what
barb	what
barbel	what
barbell	what
barbet	what
barbu	what
bard	what
barf	what
bargain	what
barge	what
bari	what
baring	what
barium	what
bark	what
barker	what
barley	what
barm	what
barn	what
barnyard	what
barong	what
barony	what
barque	what
barrack	what
barrage	what
barrel	what
barrier	what
barrow	what
bars	what
barter	what
baruch	what
barye	what
baseball	what
basel	what
basement	what
bash	what
basia	what
basics	what
basil	what
basin	what
basis	what
basket	what
basle	what
basra	what
bass	what
basset	what
basso	what
bast	what
baster	what
basuco	what
bata	what
bataan	what
batch	what
bath	what
bathing	what
bathos	what
bathrobe	what
bathroom	what
bathtub	what
batik	what
batis	what
batna	what
baton	what
batten	what
battery	what
batting	what
battle	what
battue	what
batwing	what
bauble	what
baud	what
baulk	what
bavaria	what
bay	what
baya	what
bayat	what
baycol	what
bayer	what
bayonet	what
bayou	what
bazaar	what
bazar	what
bb	what
bbl	what
bbs	what
bd	what
beach	what
beacon	what
bead	what
beads	what
beagle	what
beak	what
beaker	what
beam	what
bean	what
beaner	what
beanie	what
beano	what
beany	what
beard	what
bearing	what
beast	what
beater	what
beating	what
beats	what
beaut	what
beauty	what
beaver	what
bebop	what
beck	what
becket	what
bed	what
bedbug	what
bedding	what
bedlam	what
bedpan	what
bedpost	what
bedroom	what
bedsit	what
bee	what
beebread	what
beech	what
beef	what
beehive	what
beep	what
beeper	what
beer	what
beet	what
beetle	what
beginning	what
behalf	what
behavior	what
beira	what
bel	what
belau	what
belay	what
belch	what
belem	what
belfry	what
belief	what
bell	what
belly	what
belsen	what
belt	what
beluga	what
bema	what
ben	what
bench	what
bender	what
bends	what
benefit	what
benin	what
benne	what
benni	what
bennie	what
bent	what
bequest	what
bercy	what
beret	what
berg	what
berit	what
berith	what
berlin	what
berm	what
bern	what
berne	what
beroe	what
berry	what
berth	what
beryl	what
besom	what
beta	what
betel	what
beth	what
bethel	what
betise	what
betrayal	what
bevy	what
bextra	what
bezel	what
bh	what
bhaga	what
bhakti	what
bhang	what
bi	what
bialy	what
bias	what
bib	what
bible	what
bibos	what
biceps	what
bicycle	what
bida	what
biddy	what
bidet	what
bier	what
biff	what
bigamy	what
bigeye	what
biggin	what
bight	what
bigos	what
bigram	what
bihar	what
bijou	what
bike	what
bikini	what
bilby	what
bile	what
bilge	what
bilges	what
bill	what
billet	what
billy	what
bimli	what
bin	what
binder	what
binding	what
bine	what
binge	what
bingle	what
bingo	what
bioarm	what
bioassay	what
biography	what
bioko	what
biology	what
biome	what
biont	what
biopsy	what
biota	what
bird	what
biro	what
birr	what
birth	what
birthday	what
biscuit	what
bise	what
bison	what
bistro	what
bit	what
bitch	what
bitis	what
bitmap	what
bitok	what
bitt	what
bitterness	what
bivouac	what
biz	what
bize	what
bja	what
bjs	what
bk	what
blackness	what
blade	what
blah	what
blahs	what
blain	what
blanc	what
blanket	what
blare	what
blatta	what
blazer	what
blazon	what
bleach	what
bleat	what
bleb	what
bleep	what
blemish	what
blenny	what
bleu	what
blida	what
blight	what
blimp	what
blindness	what
bling	what
blini	what
blinker	what
bliny	what
blip	what
bliss	what
blitt	what
blitz	what
bloat	what
blob	what
bloc	what
block	what
blockade	what
blog	what
blood	what
blooming	what
blossom	what
blot	what
blotch	what
blouse	what
blow	what
blower	what
blowing	what
blowup	what
blt	what
bludgeon	what
blues	what
bluff	what
blunder	what
blur	what
blurb	what
bluster	what
bm	what
bmdo	what
bmi	what
bmr	what
bmus	what
bns	what
boa	what
boann	what
boar	what
board	what
boarding	what
boards	what
boat	what
boater	what
boating	what
bobber	what
bobbin	what
bobble	what
bobcat	what
bocce	what
bocci	what
boccie	what
bock	what
bod	what
bodega	what
bodice	what
bodkin	what
bodoni	what
body	what
boeuf	what
bog	what
bogie	what
bogy	what
boidae	what
boiler	what
boise	what
bola	what
bole	what
bolero	what
boll	what
bolo	what
bolt	what
bolti	what
bolus	what
bomb	what
bombay	what
bomber	what
bombie	what
bombing	what
bombproof	what
bombus	what
bombyx	what
bonasa	what
bonce	what
bond	what
bone	what
boner	what
bones	what
bonfire	what
bong	what
bongo	what
bonito	what
bonn	what
bonnet	what
bonobo	what
bonus	what
bonxie	what
boob	what
boodle	what
booger	what
book	what
bookcase	what
booking	what
boost	what
boot	what
bootee	what
booth	what
bootie	what
booty	what
booze	what
bop	what
bopeep	what
borate	what
borax	what
border	what
boredom	what
borer	what
boron	what
borough	what
borsh	what
borzoi	what
bos	what
bosc	what
bosh	what
bosie	what
bosk	what
bosom	what
boson	what
boston	what
bot	what
bota	what
botany	what
botch	what
botfly	what
botox	what
bottle	what
bottom	what
boucle	what
bough	what
boule	what
boulle	what
boundary	what
bounds	what
bounty	what
bouquet	what
bourn	what
bourne	what
bourse	what
bout	what
bovini	what
bowel	what
bower	what
bowfin	what
bowl	what
bowler	what
bowls	what
bowtie	what
box	what
boxcar	what
boxers	what
boxing	what
boyhood	what
boyne	what
bph	what
bpi	what
bpm	what
bps	what
br	what
bra	what
bracer	what
braces	what
bracing	what
bract	what
brad	what
brae	what
braga	what
brage	what
bragi	what
brahma	what
brahmi	what
braid	what
brail	what
brain	what
brake	what
brakes	what
brama	what
bramble	what
bran	what
branch	what
brand	what
brandy	what
brant	what
branta	what
brass	what
brat	what
bravado	what
bravery	what
bravo	what
brawl	what
brawn	what
bray	what
brazil	what
breach	what
bread	what
breadth	what
breakdown	what
breakfast	what
breakup	what
bream	what
breast	what
breath	what
breathing	what
breech	what
breed	what
breeze	what
bregma	what
breiz	what
bren	what
brent	what
brest	what
breve	what
brevet	what
brevity	what
brew	what
briar	what
briard	what
bribe	what
brick	what
bridge	what
bridle	what
brie	what
briefcase	what
briefs	what
brier	what
brig	what
brigade	what
brightness	what
brill	what
brim	what
brine	what
brink	what
brio	what
bris	what
briss	what
bristle	what
brit	what
britain	what
brith	what
brits	what
britt	what
brno	what
broach	what
broadcast	what
broadway	what
brogan	what
brogue	what
broiler	what
brolly	what
brome	what
bronc	what
bronchiole	what
bronchus	what
bronco	what
bronx	what
bronze	what
brooch	what
brood	what
brook	what
brooklyn	what
broom	what
broth	what
brothel	what
brow	what
browse	what
bruin	what
brunn	what
brunt	what
brusa	what
brush	what
brushing	what
brya	what
bryan	what
bryum	what
bs	what
bsarch	what
bse	what
btu	what
bubble	what
bubo	what
bucket	what
buckle	what
buckskin	what
bud	what
budget	what
budgie	what
buffalo	what
buffer	what
bufo	what
bug	what
buggy	what
bugle	what
buhl	what
builder	what
building	what
buildup	what
bulb	what
bulbul	what
bulge	what
bulk	what
bull	what
bulla	what
bullet	what
bulletin	what
bumblebee	what
bumf	what
bumper	what
bumph	what
bun	what
buna	what
bunce	what
bunch	what
bunco	what
bundle	what
bung	what
bungee	what
bungle	what
bunk	what
bunker	what
bunko	what
bunkum	what
bunny	what
buns	what
bunsen	what
bunt	what
buoy	what
bur	what
bura	what
burbot	what
burden	what
bureau	what
bureaucracy	what
buret	what
burg	what
burgh	what
burglary	what
burial	what
burin	what
burka	what
burl	what
burlap	what
burma	what
burner	what
burning	what
burnup	what
burp	what
burqa	what
burr	what
burro	what
burrow	what
bursa	what
bus	what
busbar	what
busby	what
bush	what
bushel	what
business	what
buskin	what
buspar	what
buss	what
butat	what
butea	what
buteo	what
butte	what
butter	what
button	what
butty	what
butut	what
butyl	what
buxus	what
buyi	what
buying	what
buyout	what
buzzer	what
bvd	what
bvd's	what
bw	what
bwr	what
bye	what
bylaw	what
byname	what
bypath	what
byplay	what
byre	what
byrnie	what
byroad	what
byssus	what
byte	what
byway	what
ca	what
caaba	what
cab	what
cabal	what
cabala	what
cabana	what
cabby	what
caber	what
cabg	what
cabin	what
cabinet	what
cable	what
cacao	what
cache	what
cachet	what
cachi	what
cad	what
cadaver	what
caddo	what
caddy	what
cadenza	what
cadiz	what
cadra	what
cadre	what
caecum	what
cafe	what
cafeteria	what
caff	what
caftan	what
cage	what
caiman	what
cairn	what
cairo	what
cake	what
calamity	what
calan	what
calash	what
calcium	what
calculation	what
calean	what
calf	what
cali	what
caliber	what
calibration	what
calibre	what
calif	what
california	what
calk	what
calkin	what
calla	what
calmness	what
calpac	what
calpe	what
calque	what
calumny	what
calving	what
calx	what
calyx	what
cam	what
camail	what
camas	what
camber	what
camel	what
cameo	what
camera	what
camion	what
camise	what
camlet	what
camo	what
camp	what
campaign	what
campfire	what
camping	what
campus	what
canada	what
canal	what
canard	what
cancan	what
cancer	what
candle	what
candor	what
candour	what
candy	what
cane	what
cangue	what
canid	what
caning	what
canis	what
canker	what
canna	what
cannae	what
cannon	what
canoe	what
canon	what
canopy	what
cant	what
canteen	what
canter	what
cantle	what
canto	what
canvas	what
canyon	what
cap	what
capability	what
capacity	what
cape	what
capital	what
capitalism	what
capiz	what
caplin	what
capon	what
capote	what
capra	what
capri	what
capros	what
capsid	what
capstan	what
capsule	what
caput	what
car	what
carabao	what
carack	what
carafe	what
caranx	what
carat	what
carbine	what
carbon	what
carboy	what
carcass	what
card	what
cardia	what
cards	what
career	what
caret	what
carex	what
cargo	what
carib	what
caribe	what
carina	what
carob	what
carol	what
carom	what
carp	what
carpentry	what
carpet	what
carping	what
carpus	what
carrel	what
carriage	what
carrier	what
carrot	what
cart	what
carte	what
carton	what
cartoon	what
cartridge	what
carum	what
carving	what
carya	what
case	what
casein	what
casern	what
cash	what
casing	what
casino	what
cask	what
casket	what
casque	what
caste	what
caster	what
castle	what
castor	what
cat	what
catalog	what
catalogue	what
catcall	what
category	what
catgut	what
catha	what
catharsis	what
cathedral	what
catheter	what
cathode	what
catholicism	what
catkin	what
catnap	what
cattle	what
cauda	what
caul	what
caulk	what
causa	what
cavalry	what
cave	what
caveat	what
cavern	what
cavia	what
cavil	what
cavity	what
cavum	what
cavy	what
cay	what
cayman	what
cayuse	what
cbc	what
cbr	what
cc	what
ccrc	what
cdc	what
cdna	what
cebu	what
cebus	what
cecum	what
cedar	what
cedi	what
ceding	what
ceftin	what
ceiba	what
ceibo	what
ceiling	what
cell	what
cellar	what
cello	what
cellulose	what
celom	what
celoma	what
cement	what
cemetery	what
censer	what
censure	what
census	what
cent	what
center	what
centre	what
century	what
cer	what
ceras	what
cerate	what
cere	what
ceremony	what
ceres	what
cero	what
cert	what
certainty	what
cervid	what
cervix	what
cervus	what
ceryle	what
cestum	what
cetus	what
ceylon	what
cfc	what
cftr	what
cgs	what
ch'i	what
ch'in	what
chabad	what
chacma	what
chad	what
chadar	what
chador	what
chaeta	what
chaga	what
chagrin	what
chain	what
chains	what
chair	what
chaise	what
chait	what
chaja	what
chalet	what
chalk	what
chamber	what
champagne	what
chance	what
chancel	what
chang	what
channel	what
chaos	what
chapel	what
chapter	what
char	what
chara	what
character	what
charcoal	what
chard	what
charge	what
charger	what
chari	what
chariot	what
charity	what
charm	what
charnel	what
charr	what
chart	what
charter	what
chasm	what
chasse	what
chatter	what
chauna	what
chaw	what
checkbook	what
checklist	what
checkup	what
cheek	what
cheep	what
cheer	what
cheering	what
cheese	what
chemistry	what
chen	what
chert	what
chess	what
chest	what
chetah	what
chi	what
chiasm	what
chicago	what
chicha	what
chick	what
chicken	what
chignon	what
chigoe	what
childhood	what
chile	what
chili	what
chill	what
chime	what
chimney	what
chimp	what
chin	what
china	what
chinch	what
chine	what
chink	what
chino	what
chintz	what
chios	what
chip	what
chips	what
chisel	what
chit	what
chiton	what
chive	what
chlorine	what
choc	what
chock	what
choice	what
choir	what
choker	what
chokey	what
choler	what
chomp	what
chon	what
chopin	what
chopper	what
chord	what
chore	what
chorus	what
chou	what
chough	what
chow	what
chrism	what
christianity	what
chroma	what
chrome	what
chromium	what
chub	what
chufa	what
chukka	what
chum	what
chunga	what
chunk	what
church	what
churchyard	what
chute	what
chyle	what
chyme	what
cia	what
cialis	what
ciao	what
cicada	what
cicala	what
cicer	what
cid	what
cider	what
cigar	what
cigarette	what
ciliate	what
cilium	what
cim	what
cimex	what
cinch	what
cinema	what
cio	what
cipher	what
cipro	what
cira	what
circle	what
circuit	what
circumstance	what
circus	what
cirio	what
cirrus	what
cis	what
cisc	what
cisco	what
citation	what
cither	what
citole	what
citron	what
citrus	what
city	what
cive	what
civet	what
civics	what
civies	what
civilization	what
cjd	what
clack	what
clade	what
clam	what
clamor	what
clams	what
clan	what
clangor	what
clap	what
clapping	what
claret	what
clarity	what
claro	what
clary	what
clash	what
class	what
classification	what
classroom	what
clast	what
clause	what
claw	what
claxon	what
clay	what
cleaner	what
cleaning	what
clearing	what
clearness	what
cleat	what
cleats	what
clef	what
cleft	what
cleg	what
clegg	what
clergy	what
clerid	what
cleveland	what
clevis	what
clew	what
clews	what
cli	what
cliche	what
cliff	what
climate	what
climax	what
clime	what
clinic	what
clinid	what
clio	what
clip	what
clique	what
clit	what
cloaca	what
cloak	what
cloche	what
clock	what
clod	what
clomid	what
clon	what
clone	what
clop	what
closet	what
closeup	what
closure	what
clot	what
cloth	what
clothes	what
clothing	what
cloud	what
clout	what
clove	what
clover	what
club	what
clue	what
clump	what
clunk	what
clupea	what
cluster	what
clyde	what
cm	what
cmb	what
cmbr	what
cmv	what
cnpz	what
cns	what
co	what
coal	what
coast	what
coat	what
coatee	what
coati	what
coating	what
cob	what
cobble	what
cobia	what
cobol	what
cobra	what
cobweb	what
coca	what
cocain	what
cocaine	what
cocci	what
coccus	what
coccyx	what
cochin	what
cocker	what
cockle	what
cockpit	what
cockup	what
coco	what
cocoa	what
coconut	what
cocoon	what
cocos	what
cocus	what
coda	what
code	what
codex	what
coding	what
codon	what
coelom	what
coffee	what
coffer	what
coffin	what
cog	what
cohesion	what
coho	what
cohoe	what
coif	what
coign	what
coigne	what
coin	what
coincidence	what
coir	what
coitus	what
coke	what
col	what
cola	what
cole	what
colic	what
collage	what
collar	what
collection	what
college	what
collet	what
collie	what
collision	what
colon	what
colony	what
color	what
colors	what
colt	what
colter	what
colugo	what
columbus	what
column	what
colza	what
coma	what
comb	what
combat	what
comber	what
combination	what
combo	what
comedo	what
comedy	what
comet	what
comfort	what
comforts	what
comint	what
comma	what
command	what
comment	what
commentary	what
commerce	what
commission	what
committee	what
commodity	what
commotion	what
commune	what
communication	what
communion	what
communism	what
community	what
commuter	what
comp	what
company	what
comparison	what
compass	what
competence	what
competition	what
complement	what
complexity	what
compliment	what
component	what
composite	what
compost	what
composure	what
compromise	what
compulsivity	what
computer	what
con	what
concentration	what
concept	what
conception	what
concert	what
concerto	what
conch	what
concha	what
conclusion	what
concrete	what
condition	what
condo	what
condom	what
condor	what
cone	what
coney	what
conference	what
confidence	what
conflict	what
confusion	what
conga	what
conge	what
congee	what
conger	what
congo	what
congregation	what
congress	what
conjugate	what
conk	what
connection	what
conquest	what
conscience	what
consciousness	what
consent	what
consequence	what
conservatism	what
consideration	what
consonant	what
constituent	what
construction	what
contact	what
container	what
contempt	what
content	what
contention	what
contest	what
context	what
continent	what
continuity	what
conto	what
contour	what
contract	what
contrast	what
contribution	what
controversy	what
convent	what
convention	what
conversation	what
conversion	what
conviction	what
convoy	what
cony	what
coo	what
cooker	what
cookie	what
cooking	what
cooky	what
coolant	what
cooler	what
cooling	what
coop	what
cooperation	what
coosa	what
coot	what
cooter	what
cootie	what
copal	what
copier	what
coping	what
copout	what
copper	what
copra	what
copse	what
copula	what
copy	what
cora	what
coral	what
corbel	what
cord	what
cordon	what
cords	what
core	what
coreid	what
corer	what
corgi	what
corium	what
corixa	what
cork	what
corker	what
corm	what
corn	what
cornea	what
corner	what
cornet	what
cornu	what
corona	what
corp	what
corporation	what
corps	what
corpse	what
corpus	what
corral	what
correlation	what
corridor	what
corsage	what
corse	what
corset	what
cortex	what
corvee	what
corvus	what
cos	what
cosec	what
cosh	what
cosmid	what
cosmos	what
coss	what
cost	what
costa	what
costia	what
costs	what
costume	what
cot	what
cotan	what
cote	what
cottage	what
cottar	what
cotter	what
cotton	what
cottus	what
coucal	what
couch	what
cougar	what
council	what
counseling	what
countenance	what
counter	what
counterpart	what
counting	what
country	what
county	what
coup	what
coupe	what
couple	what
coupling	what
coupon	what
courage	what
course	what
court	what
courtesy	what
cove	what
coven	what
covey	what
cow	what
cowl	what
cowling	what
cowrie	what
cowry	what
cows	what
coxa	what
coydog	what
coyness	what
coyol	what
coyote	what
coypu	what
cpi	what
cpr	what
cps	what
cpu	what
cr	what
crab	what
crabs	what
crackle	what
craft	what
crag	what
crake	what
cramp	what
cran	what
crap	what
crape	what
craps	what
crash	what
crate	what
cravat	what
craw	what
crax	what
crayon	what
craze	what
cream	what
creation	what
creator	what
creature	what
creche	what
crecy	what
cred	what
credit	what
credo	what
cree	what
creed	what
creek	what
creel	what
creese	what
crenel	what
creon	what
crepe	what
cress	what
crest	what
crete	what
crew	what
crewet	what
crex	what
crib	what
cricket	what
crime	what
crimp	what
crisis	what
crith	what
criticism	what
crius	what
cro	what
crock	what
croft	what
crop	what
crore	what
crosse	what
crotch	what
croup	what
croupe	what
crow	what
crowd	what
crp	what
crt	what
crud	what
crudity	what
cruelty	what
cruet	what
crumb	what
crunch	what
crupper	what
crus	what
crusade	what
cruse	what
crusher	what
crust	what
crutch	what
crux	what
crypt	what
crystal	what
cs	what
cse	what
csis	what
cst	what
ct	what
ctc	what
ctene	what
cu	what
cub	what
cuba	what
cubby	what
cube	what
cubeb	what
cubism	what
cubit	what
cuckoo	what
cud	what
cuddy	what
cudgel	what
cue	what
cuff	what
cuisse	what
cuke	what
cul	what
culex	what
cull	what
cullis	what
culm	what
cult	what
culture	what
cultus	what
cum	what
cumin	what
cunaxa	what
cunner	what
cunt	what
cuon	what
cup	what
cupboard	what
cupel	what
cupid	what
cupola	what
cuppa	what
cupule	what
cur	what
curacy	what
curb	what
curbside	what
curd	what
curet	what
curfew	what
curia	what
curio	what
curiosity	what
curler	what
curlew	what
curriculum	what
curry	what
cursor	what
curtain	what
curve	what
curvet	what
cusco	what
cuscus	what
cushat	what
cusk	what
cusp	what
cuspid	what
custom	what
cutch	what
cutin	what
cutis	what
cutlas	what
cutlass	what
cutoff	what
cutout	what
cutter	what
cutting	what
cuttle	what
cuzco	what
cva	what
cwm	what
cwt	what
cyamus	what
cycad	what
cycas	what
cycle	what
cyder	what
cygnet	what
cygnus	what
cylix	what
cyma	what
cymbal	what
cyme	what
cymru	what
cynips	what
cyon	what
cypher	what
cypre	what
cyst	what
cytol	what
cytoplasm	what
da'wah	what
daba	what
dacca	what
dace	what
dacelo	what
dacha	what
dachau	what
dacron	what
dactyl	what
dada	what
dado	what
daffo	what
dafla	what
dag	what
dagan	what
dagda	what
dagga	what
dagger	what
dagon	what
dah	what
dahl	what
dahna	what
dail	what
dairy	what
dais	what
daisy	what
dak	what
dakar	what
dal	what
dale	what
dalea	what
daleth	what
dallas	what
dalo	what
dam	what
dama	what
damar	what
damper	what
dana	what
danaid	what
danau	what
danaus	what
dancing	what
danger	what
daniel	what
danu	what
daoism	what
dapple	what
daraf	what
dard	what
dari	what
darkness	what
darpa	what
darter	what
darts	what
darvon	what
das	what
dassie	what
dat	what
data	what
date	what
dating	what
dative	what
datril	what
datum	what
daub	what
davit	what
daw	what
dawah	what
dawn	what
day	what
daybed	what
dayfly	what
daylight	what
daypro	what
days	what
daze	what
db	what
dba	what
dbms	what
dc	what
dccp	what
dd	what
ddc	what
ddi	what
dds	what
ddt	what
de	what
dea	what
dealing	what
dearth	what
death	what
debate	what
debauch	what
debit	what
debris	what
debt	what
debut	what
dec	what
decade	what
decaf	what
decal	what
deceit	what
december	what
decency	what
decile	what
decision	what
deck	what
decker	what
deckle	what
deco	what
decomposition	what
decor	what
decoration	what
decorum	what
decoy	what
decree	what
ded	what
dedication	what
deduction	what
deed	what
deeds	what
deer	what
default	what
defect	what
defense	what
defiance	what
deficiency	what
deficit	what
definition	what
degree	what
deicer	what
deism	what
deity	what
deixis	what
dekko	what
delf	what
delft	what
delhi	what
deli	what
delicacy	what
delight	what
delivery	what
dell	what
delta	what
deltoid	what
deluge	what
demeanor	what
demo	what
democracy	what
demon	what
demonstration	what
den	what
deneb	what
denial	what
denim	what
denmark	what
denomination	what
density	what
dentin	what
denture	what
denver	what
department	what
departure	what
dependence	what
depot	what
depravity	what
depth	what
derby	what
derision	what
derma	what
dermis	what
derrick	what
derv	what
des	what
descent	what
description	what
desire	what
desk	what
desmid	what
despair	what
dessert	what
destiny	what
destruction	what
detail	what
details	what
detection	what
detector	what
detent	what
detergent	what
determination	what
detour	what
detox	what
detroit	what
deuce	what
development	what
devi	what
device	what
devil	what
devoir	what
devon	what
dew	what
dewar	what
dewlap	what
dflp	what
dg	what
dhak	what
dhaka	what
dhal	what
dhava	what
dhawa	what
dhole	what
dhoti	what
dhow	what
dia	what
diadem	what
diagnosis	what
diagram	what
dialect	what
dialectic	what
dialog	what
dialogue	what
dialysis	what
diam	what
diameter	what
diamond	what
diana	what
diaper	what
diaphragm	what
diarrhea	what
diary	what
diatom	what
dibber	what
dibble	what
dibs	what
dice	what
dicer	what
dick	what
dickens	what
dickie	what
dicot	what
dictionary	what
dictum	what
diesel	what
diesis	what
diet	what
difference	what
difficulty	what
diffusion	what
digger	what
digit	what
dignity	what
digram	what
digs	what
dijon	what
dika	what
dike	what
dildo	what
dilemma	what
dill	what
dilution	what
dime	what
dimension	what
dimer	what
dimity	what
dimmer	what
dimple	what
din	what
dinar	what
diner	what
ding	what
dinge	what
dinghy	what
dingo	what
dining	what
dink	what
dinka	what
dinkey	what
dinner	what
dint	what
diode	what
diodon	what
diol	what
dioon	what
diovan	what
dipnoi	what
dipole	what
dipper	what
dipus	what
dirca	what
direction	what
dirge	what
dirk	what
dirndl	what
dirt	what
dis	what
disa	what
disapproval	what
disaster	what
disbelief	what
disc	what
discharge	what
disco	what
discovery	what
discrepancy	what
discretion	what
discus	what
discussion	what
disdain	what
disease	what
disguise	what
dish	what
disk	what
dismay	what
disobedience	what
disorder	what
disposal	what
dispute	what
distance	what
distaste	what
distinction	what
distress	what
distribution	what
district	what
dit	what
dita	what
ditch	what
ditto	what
ditty	what
diuril	what
divan	what
dive	what
diver	what
dividend	what
diving	what
divinity	what
division	what
divorce	what
divot	what
divvy	what
diwan	what
dixie	what
djinn	what
dkg	what
dkl	what
dkm	what
dl	what
dle	what
dm	what
dmd	what
dmus	what
dmz	what
dna	what
dobbin	what
dobra	what
dobson	what
doc	what
dock	what
doctrine	what
document	what
documentary	what
dod	what
doddle	what
dodgem	what
dodging	what
dodo	what
doe	what
doei	what
dog	what
doggie	what
doggy	what
dogie	what
dogleg	what
dogma	what
dogy	what
doh	what
doha	what
doi	what
doily	what
doings	what
doj	what
dojc	what
dol	what
dole	what
doll	what
dollar	what
dolly	what
dolman	what
dolmen	what
dolor	what
domain	what
dome	what
dominance	what
domination	what
dominion	what
domino	what
dona	what
donar	what
dong	what
dongle	what
donjon	what
donkey	what
donut	what
doob	what
doodad	what
doodle	what
door	what
doorway	what
dooryard	what
dopa	what
dope	what
doris	what
dorm	what
dormer	what
dorsum	what
dory	what
dos	what
dosage	what
dose	what
dossal	what
dossel	what
dot	what
dotrel	what
double	what
doubt	what
douche	what
dough	what
doura	what
dove	what
dover	what
dowel	what
dower	what
downer	what
dowry	what
dowse	what
dowser	what
doyley	what
doyly	what
dozen	what
dozens	what
dozer	what
dph	what
dphil	what
dprk	what
draba	what
draco	what
dragee	what
dragon	what
drainage	what
drake	what
dram	what
drama	what
drapery	what
draught	what
drawer	what
drawing	what
drawl	what
dray	what
dream	what
dreck	what
dredge	what
dreg	what
dregs	what
dress	what
dresser	what
drey	what
drib	what
drier	what
drinking	what
drivel	what
driver	what
driveway	what
drizzle	what
drms	what
drogue	what
drome	what
drone	what
drool	what
droplet	what
drosky	what
dross	what
drought	what
drove	what
drug	what
drugstore	what
drum	what
drupe	what
dryad	what
dryas	what
dryer	what
drygoods	what
ds	what
dsl	what
dtic	what
dts	what
duad	what
dubai	what
dublin	what
ducat	what
duchy	what
ducking	what
duct	what
dudeen	what
duds	what
duel	what
duet	what
duff	what
duffel	what
duffle	what
dug	what
dugong	what
dugout	what
dulse	what
duma	what
dumbbell	what
dumdum	what
dumper	what
dumps	what
dune	what
dung	what
dungeon	what
dunlin	what
duo	what
duomo	what
dupery	what
dura	what
duration	what
durbar	what
duress	what
durga	what
durham	what
durio	what
durra	what
durum	what
dusk	what
dust	what
dustbin	what
duster	what
duty	what
duvet	what
dvd	what
dwelling	what
dy	what
dyad	what
dyaus	what
dyeing	what
dyke	what
dylan	what
dynamo	what
dyne	what
ea	what
eacles	what
eagerness	what
eagle	what
eaglet	what
eagre	what
ear	what
earful	what
earlap	what
earnings	what
earth	what
earthquake	what
earwig	what
eas	what
easel	what
easing	what
easter	what
eater	what
eatery	what
eating	what
eats	what
eaves	what
eb	what
ebbing	what
ebit	what
eblis	what
ebn	what
ebola	what
ebony	what
ebro	what
ebs	what
ebv	what
ec	what
ecarte	what
ecc	what
eccm	what
ecf	what
ecg	what
echo	what
eclat	what
eclipse	what
ecliptic	what
ecm	what
economics	what
economy	what
ecru	what
ecstasy	what
ect	what
ed	what
edam	what
edd	what
edda	what
eddo	what
edema	what
eden	what
edge	what
edger	what
edging	what
edict	what
edifice	what
edition	what
editorial	what
edo	what
edp	what
eds	what
edta	what
education	what
ee	what
eec	what
eeg	what
eel	what
eelam	what
effect	what
effectiveness	what
efficacy	what
efficiency	what
effigy	what
effluent	what
effort	what
eft	what
egg	what
eggar	what
eggcup	what
egger	what
eggs	what
egis	what
ego	what
egoism	what
egotism	what
egress	what
egret	what
egtk	what
egypt	what
ehf	what
eib	what
eibit	what
eider	what
eidos	what
eira	what
eire	what
ejection	what
ekg	what
el	what
ela	what
elam	what
elan	what
eland	what
elanus	what
elaphe	what
elapid	what
elater	what
elavil	what
elbe	what
elbow	what
eld	what
election	what
electricity	what
electrode	what
electron	what
electronics	what
elegance	what
elegy	what
element	what
elemi	what
elephant	what
elevator	what
elf	what
elint	what
elisa	what
elite	what
elk	what
ell	what
ellas	what
elli	what
ellipsoid	what
ellul	what
elm	what
eln	what
elops	what
elspar	what
eluate	what
elul	what
elution	what
elver	what
elves	what
elvis	what
em	what
email	what
embankment	what
embargo	what
embassy	what
ember	what
emblem	what
embryo	what
emda	what
emergency	what
emery	what
emesis	what
emetic	what
emf	what
emg	what
emile	what
emission	what
emmer	what
emmet	what
emmy	what
emotion	what
emphasis	what
empire	what
employment	what
emu	what
en	what
enamel	what
enbrel	what
encore	what
endeavor	what
ending	what
endurance	what
ene	what
enema	what
enemy	what
energy	what
enets	what
engagement	what
engine	what
engineering	what
england	what
engram	what
enid	what
enigma	what
enjoyment	what
enkaid	what
enki	what
enl	what
enlil	what
ennui	what
enol	what
enovid	what
ensemble	what
ensign	what
ensis	what
enterprise	what
enthalpy	what
enthusiasm	what
entity	what
entrance	what
entrant	what
entree	what
entric	what
entry	what
entsi	what
entsy	what
enuki	what
envelope	what
environment	what
envoi	what
envoy	what
enzyme	what
eolic	what
eolith	what
eon	what
eos	what
eosin	what
epa	what
epaulet	what
epee	what
epha	what
ephah	what
epi	what
epic	what
epilog	what
epiphysis	what
episode	what
epitaph	what
epithet	what
epitome	what
epoch	what
epona	what
eponym	what
epos	what
epoxy	what
eprom	what
eq	what
equality	what
equation	what
equid	what
equipment	what
equity	what
equivalent	what
equus	what
er	what
era	what
eraser	what
erato	what
erg	what
ergot	what
erica	what
erie	what
erin	what
eris	what
ermine	what
ern	what
erne	what
erolia	what
eros	what
errand	what
error	what
erse	what
ert	what
eruca	what
es	what
escalation	what
escarp	what
eschar	what
escheat	what
ese	what
esker	what
esm	what
esop	what
esox	what
esp	what
espial	what
espoo	what
esprit	what
esr	what
essay	what
essen	what
essence	what
essex	what
est	what
establishment	what
estate	what
esteem	what
ester	what
esther	what
eta	what
etamin	what
etcetera	what
etd	what
eternity	what
etf	what
ether	what
ethic	what
ethics	what
ethos	what
ethril	what
ethyl	what
etna	what
etude	what
etui	what
etymon	what
eu	what
euchre	what
eulogy	what
eumops	what
eupnea	what
euro	what
europe	what
ev	what
evaluation	what
evening	what
event	what
evidence	what
evolution	what
ew	what
ewe	what
ewer	what
exacta	what
exam	what
examen	what
examination	what
example	what
exception	what
exchange	what
excitement	what
exclamation	what
excuse	what
exec	what
execution	what
exemption	what
exercise	what
exertion	what
exhibition	what
existence	what
exit	what
exmoor	what
exocet	what
exode	what
exodus	what
exon	what
expanse	what
expansion	what
expectation	what
expedition	what
expenditure	what
expense	what
experience	what
experiment	what
explanation	what
exploration	what
explosion	what
expo	what
exposure	what
expression	what
extension	what
extent	what
eyas	what
eye	what
eyeball	what
eyebrow	what
eyecup	what
eyeful	what
eyelet	what
eyelid	what
eyes	what
eyesight	what
eyra	what
eyre	what
eyrie	what
eyrir	what
eyry	what
ezed	what
ezo	what
ezra	what
fa	what
faa	what
fable	what
fabric	what
facade	what
face	what
facer	what
facet	what
facia	what
facility	what
facing	what
fact	what
faction	what
factor	what
factory	what
faculty	what
fad	what
fado	what
fae	what
faerie	what
faery	what
fag	what
faggot	what
fagin	what
fagot	what
fagus	what
faille	what
failure	what
fairway	what
fairy	what
faith	what
fakery	what
falco	what
falcon	what
fallal	what
falloff	what
fallout	what
falls	what
falsie	what
falsity	what
fame	what
family	what
fan	what
fang	what
fanion	what
fanjet	what
fanny	what
fantan	what
fantasy	what
fao	what
faq	what
farad	what
farc	what
farce	what
fardel	what
fare	what
farewell	what
fargo	what
farm	what
farmhouse	what
farming	what
faro	what
farsi	what
fart	what
fas	what
fasces	what
fascia	what
fascism	what
fashion	what
fastball	what
fatah	what
fate	what
fatigue	what
fatiha	what
fatism	what
fatwa	what
fatwah	what
fauces	what
faucet	what
fauld	what
fault	what
faun	what
fauna	what
faust	what
favorite	what
favour	what
favus	what
fawn	what
fax	what
fay	what
fbi	what
fcc	what
fcs	what
fda	what
fdic	what
fe	what
fealty	what
fear	what
feast	what
feat	what
feather	what
feature	what
feb	what
february	what
feces	what
fed	what
fedora	what
fee	what
feeder	what
feeding	what
feedlot	what
feeler	what
feeling	what
feelings	what
feist	what
felid	what
felis	what
felloe	what
fellowship	what
felly	what
felony	what
felt	what
fema	what
female	what
femur	what
fen	what
fence	what
fencing	what
fender	what
fenusa	what
feoff	what
feosol	what
fergon	what
feria	what
fern	what
ferret	what
ferule	what
fervor	what
fes	what
fess	what
fesse	what
festivity	what
fet	what
fetich	what
fetish	what
fetor	what
fetter	what
fetus	what
feud	what
fever	what
fez	what
fha	what
fhlmc	what
fiat	what
fib	what
fiber	what
fibre	what
fibrin	what
fibrosis	what
fibula	what
fica	what
fice	what
fichu	what
fiction	what
ficus	what
fiddle	what
fief	what
field	what
fife	what
fifo	what
fifties	what
fig	what
fighting	what
figure	what
fiji	what
fijis	what
filet	what
filing	what
filler	what
fillet	what
filling	what
fillip	what
filly	what
film	what
filming	what
fils	what
filth	what
filum	what
fin	what
finale	what
financing	what
finch	what
finder	what
finding	what
finery	what
finger	what
fingerprint	what
finial	what
finis	what
fiord	what
fipple	what
fir	what
fire	what
firearm	what
fireman	what
fireplace	what
firework	what
firing	what
firkin	what
firm	what
firth	what
fisa	what
fisc	what
fish	what
fishing	what
fist	what
fitch	what
fitness	what
fiver	what
fives	what
fixing	what
fixity	what
fixture	what
fizgig	what
fizz	what
fjord	what
fl	what
flab	what
flack	what
flag	what
flagon	what
flagyl	what
flail	what
flair	what
flak	what
flame	what
flan	what
flange	what
flannel	what
flaps	what
flare	what
flask	what
flatness	what
flats	what
flattery	what
flatus	what
flavor	what
flaw	what
flax	what
flea	what
fleck	what
fleece	what
fleer	what
flesh	what
fletc	what
flexibility	what
flexor	what
flick	what
flier	what
flies	what
flight	what
flint	what
flnc	what
floc	what
flock	what
floe	what
floor	what
flora	what
florida	what
florist	what
floss	what
flour	what
flow	what
flower	what
flu	what
flue	what
fluff	what
fluid	what
fluke	what
flume	what
flunk	what
fluor	what
fluorescence	what
flurry	what
flute	what
flutter	what
flux	what
flyer	what
flyway	what
fm	what
fmri	what
fnma	what
foal	what
foam	what
fob	what
focus	what
foehn	what
foetor	what
foetus	what
fog	what
fohn	what
foible	what
foil	what
folder	what
foliage	what
folie	what
folio	what
folk	what
folklore	what
folks	what
folly	what
fomes	what
fomor	what
fondness	what
fondu	what
font	what
food	what
foot	what
footage	what
football	what
footer	what
footstep	what
forage	what
foram	what
foray	what
ford	what
forearm	what
forehead	what
forest	what
fork	what
form	what
format	what
formation	what
formula	what
formulation	what
fornix	what
fort	what
fortaz	what
forte	what
fortitude	what
fortress	what
fortune	what
forum	what
fossa	what
fosse	what
fots	what
foundation	what
founding	what
foundry	what
fount	what
fountain	what
fovea	what
fowl	what
fox	what
foyer	what
fpd	what
fps	what
fr	what
fracas	what
fraction	what
fragment	what
fraise	what
frame	what
framework	what
framing	what
franc	what
france	what
frat	what
frau	what
fraud	what
fray	what
freak	what
freckle	what
freedom	what
freeway	what
freight	what
frenzy	what
freon	what
frequency	what
fresco	what
frey	what
freya	what
freyr	what
frg	what
fri	what
friary	what
friday	what
fridge	what
frier	what
fries	what
frieze	what
frigg	what
fright	what
frill	what
fringe	what
frisk	what
frizz	what
frock	what
frog	what
frolic	what
frond	what
front	what
frontage	what
frost	what
froth	what
frs	what
fruit	what
fryer	what
frying	what
frypan	what
fsb	what
fsh	what
ft	what
ftc	what
fthm	what
fto	what
ftp	what
fuck	what
fuckup	what
fucoid	what
fucus	what
fudge	what
fuego	what
fuel	what
fug	what
fugo	what
fugu	what
fugue	what
fuji	what
ful	what
fula	what
fulica	what
fulmar	what
fumes	what
fun	what
function	what
fund	what
funds	what
fundus	what
funeral	what
fungi	what
fungia	what
funk	what
funka	what
funnel	what
fuqra	what
fur	what
furan	what
furnace	what
furniture	what
furor	what
furore	what
furrow	what
fury	what
furze	what
fusain	what
fusee	what
fusil	what
fusion	what
futility	what
futon	what
future	what
fuze	what
fuzee	what
fuzz	what
fws	what
ga	what
gaap	what
gab	what
gaba	what
gable	what
gabon	what
gabun	what
gad	what
gaddi	what
gadget	what
gadoid	what
gadus	what
gaea	what
gaff	what
gaffe	what
gafsa	what
gag	what
gage	what
gaia	what
gaiety	what
gainer	what
gait	what
gaiter	what
gal	what
gala	what
galago	what
galan	what
galax	what
galaxy	what
gale	what
galea	what
gall	what
galley	what
gallon	what
gallows	what
gallus	what
galosh	what
gam	what
gamba	what
gambit	what
gambling	what
gambol	what
game	what
gamete	what
gaming	what
gamma	what
gamp	what
gamut	what
gand	what
gander	what
gang	what
ganja	what
gannet	what
ganoid	what
ganoin	what
gansu	what
gantry	what
gao	what
gaol	what
gap	what
gar	what
garage	what
garand	what
garb	what
garbage	what
garden	what
gari	what
garment	what
garret	what
garrison	what
garter	what
gary	what
gas	what
gasbag	what
gasket	what
gaskin	what
gassing	what
gat	what
gate	what
gatepost	what
gateway	what
gathering	what
gator	what
gatt	what
gaud	what
gaul	what
gaur	what
gauri	what
gauss	what
gauze	what
gavage	what
gavel	what
gavia	what
gavial	what
gavotte	what
gayal	what
gaza	what
gazebo	what
gb	what
gbit	what
gc	what
gca	what
gcse	what
gd	what
gdp	what
ge	what
gean	what
gearset	what
geb	what
gecko	what
gee	what
gel	what
gelding	what
gelly	what
gelt	what
gem	what
gemara	what
gemma	what
gen	what
gender	what
gene	what
generation	what
generator	what
genesis	what
genet	what
genf	what
genie	what
genip	what
genius	what
genoa	what
genre	what
gens	what
gent	what
gentry	what
genu	what
genus	what
geode	what
geology	what
geometry	what
geomys	what
georgia	what
gerbil	what
gerea	what
germ	what
germany	what
gerres	what
gerris	what
gerund	what
gesso	what
gesture	what
geta	what
getup	what
geum	what
gewgaw	what
ghana	what
gharry	what
ghat	what
ghb	what
ghee	what
gheg	what
ghent	what
ghetto	what
ghost	what
ghq	what
ghrf	what
ghz	what
gia	what
gib	what
gibber	what
gibbet	what
gibbon	what
gibe	what
gibit	what
gidar	what
gift	what
gig	what
gigo	what
gigot	what
gigue	what
gila	what
gill	what
gillie	what
gimbal	what
gimel	what
gimlet	what
gimp	what
gin	what
ginep	what
gingham	what
ginkgo	what
ginmill	what
girder	what
girdle	what
giro	what
girru	what
girth	what
gismo	what
gist	what
gita	what
giving	what
giza	what
gizeh	what
gizmo	what
glade	what
glamor	what
gland	what
glans	what
glass	what
glasses	what
glaux	what
gleam	what
gleba	what
glebe	what
glee	what
gleet	what
glen	what
glia	what
glider	what
glimpse	what
glis	what
glitz	what
gloam	what
glob	what
globe	what
globulin	what
glogg	what
gloom	what
glop	what
glory	what
gloss	what
glossa	what
glossary	what
glove	what
glume	what
gluon	what
glute	what
glycerine	what
glyph	what
gm	what
gmt	what
gnarl	what
gnat	what
gnawer	what
gnome	what
gnomon	what
gnosis	what
gnp	what
gnu	what
goa	what
goad	what
goal	what
goalie	what
goat	what
goatee	what
gob	what
gobi	what
gobio	what
goblet	what
gobs	what
goby	what
god	what
goddess	what
godown	what
godwit	what
goffer	what
goitre	what
goitrogen	what
golan	what
gold	what
golem	what
golf	what
golfing	what
golosh	what
goma	what
gomel	what
gonad	what
gondi	what
gong	what
gonion	what
goo	what
goodby	what
goodness	what
goody	what
google	what
googly	what
gooney	what
goonie	what
goony	what
goop	what
goose	what
gop	what
gopher	what
goral	what
gorget	what
gorki	what
gorky	what
gorse	what
gospel	what
gospels	what
gossip	what
gouda	what
goujon	what
gourd	what
gout	what
governed	what
government	what
gown	what
gpa	what
gpo	what
gps	what
grace	what
grade	what
gradient	what
grading	what
graduation	what
graft	what
grail	what
grain	what
gram	what
grama	what
granary	what
grandeur	what
grange	what
granite	what
granth	what
grape	what
graph	what
graphite	what
grapo	what
grass	what
grate	what
grater	what
grating	what
grave	what
gravel	what
graver	what
gravity	what
gravy	what
graz	what
grease	what
greatcoat	what
greatness	what
greave	what
grebe	what
greece	what
greed	what
greens	what
greeting	what
grenade	what
grias	what
grid	what
grief	what
grigri	what
grill	what
grille	what
grime	what
grinning	what
gripe	what
grison	what
grist	what
grit	what
grits	what
grivet	what
groat	what
grocery	what
grog	what
groin	what
groove	what
grosz	what
grot	what
ground	what
grounds	what
group	what
grouping	what
grouse	what
grout	what
grove	what
growing	what
growth	what
groyne	what
grub	what
grudge	what
gruel	what
grume	what
grus	what
gsa	what
gspc	what
gsr	what
guam	what
guama	what
guan	what
guano	what
guar	what
guava	what
guck	what
guenon	what
guff	what
gui	what
guib	what
guidance	what
guild	what
guile	what
guilt	what
guimpe	what
guinea	what
guise	what
guitar	what
gula	what
gulag	what
gulch	what
gulf	what
gullet	what
gully	what
gulo	what
gulping	what
gulu	what
gum	what
gumbo	what
gumma	what
gun	what
gunfire	what
gunk	what
gunnel	what
gunny	what
gunplay	what
gunshot	what
guppy	what
gur	what
gurney	what
gusher	what
gusset	what
gust	what
gusto	what
gut	what
guts	what
gutter	what
guyot	what
gwyn	what
gy	what
gym	what
gymnastics	what
gyp	what
gyps	what
gypsy	what
gyre	what
gyro	what
gyrus	what
ha	what
haart	what
habit	what
habitat	what
hacek	what
hackee	what
hackle	what
hades	what
hadith	what
hadj	what
haem	what
haft	what
hag	what
hagada	what
hagbut	what
haggai	what
haick	what
haida	what
haifa	what
haik	what
haiku	what
hair	what
haircut	what
hairdo	what
haiti	what
haj	what
hajj	what
hake	what
hakea	what
hakka	what
halab	what
halaka	what
haldea	what
haldol	what
haler	what
half	what
hall	what
halle	what
hallmark	what
hallux	what
hallway	what
halm	what
halma	what
halo	what
halogen	what
halon	what
halter	what
ham	what
hamas	what
hamate	what
hame	what
hamlet	what
hamming	what
han	what
hand	what
handbag	what
handful	what
handkerchief	what
handling	what
hands	what
handspike	what
handstand	what
hangar	what
hanger	what
hani	what
hank	what
hankey	what
hankie	what
hanky	what
hanoi	what
hansom	what
hao	what
haoma	what
hap	what
happiness	what
harbor	what
hardtack	what
hardware	what
hare	what
hareem	what
harem	what
harlem	what
harm	what
harmony	what
harness	what
harp	what
harpia	what
harpy	what
hart	what
harvard	what
hash	what
hasp	what
hassle	what
haste	what
hat	what
hatbox	what
hatching	what
hatchway	what
hatpin	what
hatred	what
haulm	what
haunch	what
hausa	what
hausen	what
haven	what
haversack	what
havoc	what
haw	what
hawaii	what
hawk	what
hawse	what
hawser	what
hay	what
haydn	what
haying	what
haymow	what
hayrig	what
hays	what
hayti	what
hazard	what
haze	what
hb	what
hcfc	what
hcg	what
hdl	what
hdtv	what
head	what
headache	what
header	what
heading	what
headlight	what
headline	what
headquarters	what
health	what
heap	what
hearing	what
hearse	what
heart	what
hearth	what
hearts	what
heat	what
heater	what
heath	what
heating	what
heaume	what
heaven	what
heavens	what
heaver	what
hebe	what
hebei	what
heckle	what
hedge	what
heel	what
hefa	what
hegira	what
heifer	what
height	what
heights	what
hejaz	what
hejira	what
hel	what
hela	what
helen	what
helium	what
helix	what
hell	what
hello	what
helm	what
helmet	what
helve	what
hem	what
heme	what
hemin	what
hemisphere	what
hemp	what
hen	what
henna	what
hera	what
herat	what
herb	what
herd	what
heresy	what
heritage	what
herm	what
heroics	what
heroin	what
heroine	what
heroism	what
heron	what
herpes	what
herr	what
hesitation	what
heth	what
hevea	what
hex	what
hexad	what
heyday	what
hf	what
hfc	what
hg	what
hhs	what
hi	what
hiatus	what
hideout	what
hiding	what
high-school	what
highroad	what
highway	what
higi	what
hijab	what
hijaz	what
hike	what
hiking	what
hill	what
hillock	what
hillside	what
hilo	what
hilt	what
hilum	what
hilus	what
hin	what
hinge	what
hinny	what
hip	what
hippo	what
hirudo	what
hissing	what
history	what
hiv	what
hive	what
hives	what
hl	what
hm	what
hmo	what
hn	what
hnd	what
ho	what
hoagy	what
hoard	what
hoax	what
hob	what
hobby	what
hockey	what
hod	what
hoder	what
hodr	what
hodur	what
hoe	what
hogan	what
hogg	what
hogget	what
hoka	what
hokan	what
hokum	what
holder	what
holding	what
holdup	what
hole	what
holiday	what
holism	what
holla	what
hollo	what
hollow	what
hollywood	what
holmes	what
holster	what
homage	what
homel	what
homer	what
homo	what
homona	what
hondo	what
hone	what
honesty	what
honey	what
honeybee	what
honk	what
honker	what
honolulu	what
honour	what
hooch	what
hoodoo	what
hooey	what
hoof	what
hookah	what
hooks	what
hookup	what
hooky	what
hoop	what
hoopoe	what
hoopoo	what
hoops	what
hooray	what
hooter	what
hoover	what
hopeh	what
hopei	what
hopi	what
hopper	what
hops	what
horde	what
horizon	what
hormone	what
horn	what
hornet	what
horror	what
horse	what
horst	what
horus	what
hose	what
hosea	what
hospital	what
hosta	what
hostel	what
hostility	what
hotbed	what
hotbox	what
hotei	what
hotel	what
hoth	what
hothr	what
hotness	what
houdah	what
hound	what
hour	what
houri	what
hours	what
house	what
household	what
housing	what
houston	what
hovea	what
hovel	what
howdah	what
howdy	what
howl	what
howler	what
hoy	what
hoya	what
hp	what
hq	what
hr	what
hrt	what
hs	what
hsian	what
html	what
http	what
hua	what
hub	what
hubbub	what
hubcap	what
hubris	what
huck	what
hud	what
hudson	what
hudud	what
hue	what
huff	what
hugging	what
huji	what
hula	what
hulk	what
hull	what
hullo	what
humans	what
humbug	what
humility	what
humin	what
hummer	what
humming	what
humor	what
humour	what
hump	what
humus	what
humvee	what
hunan	what
hunch	what
hungary	what
hunger	what
hunk	what
hunting	what
hupa	what
huron	what
hurrah	what
husk	what
hut	what
hutch	what
hutment	what
hyaena	what
hydra	what
hydride	what
hydrogen	what
hyena	what
hyla	what
hymen	what
hymn	what
hymnal	what
hype	what
hypha	what
hyphen	what
hypo	what
hypothalamus	what
hyrax	what
hyson	what
hytrin	what
hz	what
ia	what
iaa	what
iaea	what
iago	what
iamb	what
ibex	what
ibis	what
ibrd	what
icaco	what
icao	what
icbm	what
icc	what
ice	what
icebox	what
iceland	what
ichor	what
icicle	what
icing	what
icon	what
icsh	what
ictus	what
icu	what
id	what
ida	what
idaho	what
iddm	what
idea	what
identification	what
identity	what
ideology	what
ides	what
idf	what
idiocy	what
idiom	what
idleness	what
idling	what
ido	what
idol	what
idp	what
idun	what
idyl	what
idyll	what
ied	what
ifc	what
ig	what
iga	what
igd	what
ige	what
igg	what
igigi	what
igloo	what
iglu	what
igm	what
ignorance	what
iguana	what
iis	what
ikon	what
ilama	what
ileum	what
ileus	what
ilex	what
iliad	what
ilion	what
ilium	what
ilk	what
illinois	what
illness	what
illusion	what
ilmen	what
ilo	what
image	what
imagery	what
imagination	what
imaging	what
imago	what
imaret	what
imf	what
imide	what
imitation	what
immediacy	what
immortality	what
immunity	what
imo	what
imp	what
impact	what
impala	what
impasse	what
impetus	what
implication	what
importance	what
impost	what
impression	what
improvement	what
impulse	what
impurity	what
imu	what
imuran	what
inability	what
inc	what
inca	what
incentive	what
incest	what
inch	what
inchon	what
incidence	what
incident	what
income	what
incus	what
indent	what
independence	what
index	what
india	what
indiana	what
indic	what
indication	what
indicator	what
indignation	what
individualism	what
indra	what
indri	what
indris	what
indus	what
industry	what
inertia	what
infancy	what
infantry	what
infection	what
inference	what
infield	what
infix	what
inflow	what
influence	what
influx	what
info	what
information	what
inga	what
ingot	what
inguen	what
inh	what
inion	what
initiative	what
injection	what
injury	what
ink	what
inka	what
inkle	what
inkling	what
inkpad	what
inkpot	what
inla	what
inlet	what
inn	what
inning	what
innocence	what
inocor	what
input	what
inquest	what
inquiry	what
inr	what
inroad	what
ins	what
insect	what
inset	what
insight	what
insole	what
insolence	what
instance	what
instant	what
instar	what
instep	what
instinct	what
institution	what
instruction	what
instrument	what
insulin	what
insurance	what
intake	what
integer	what
integration	what
intellect	what
intelligence	what
intensity	what
intention	what
interaction	what
interchange	what
interest	what
interface	what
interior	what
interlude	what
interpretation	what
intersection	what
interval	what
inti	what
intima	what
intonation	what
intro	what
introject	what
intuition	what
inula	what
invar	what
invasion	what
invention	what
inventory	what
investigation	what
investment	what
invitation	what
io	what
iodide	what
iodin	what
iodine	what
iol	what
ion	what
ionia	what
iop	what
iota	what
iou	what
iowa	what
ioway	what
ip	what
ipecac	what
ipidae	what
ipo	what
ipod	what
ipsus	what
ipv	what
iq	what
ir	what
ira	what
irak	what
iran	what
iraq	what
ire	what
ireland	what
irena	what
iris	what
iron	what
irons	what
irony	what
irritation	what
irs	what
irula	what
isaiah	what
isere	what
isi	what
isis	what
islam	what
island	what
islay	what
isle	what
islet	what
ism	what
isn	what
isomer	what
isopod	what
issue	what
issus	what
isurus	what
italic	what
italy	what
item	what
iud	what
iva	what
ivory	what
ivp	what
ivry	what
ivy	what
iw	what
iwo	what
iww	what
ixia	what
ixodes	what
ixodid	what
iyar	what
iyyar	what
izar	what
izmir	what
izzard	what
jabbing	what
jabiru	what
jabot	what
jack	what
jackal	what
jackdaw	what
jacket	what
jacks	what
jade	what
jaeger	what
jaffa	what
jag	what
jagua	what
jaguar	what
jail	what
jak	what
jakes	what
jalopy	what
jam	what
jamb	what
james	what
jamjar	what
jammer	what
jampan	what
jampot	what
jan	what
january	what
janus	what
japan	what
jape	what
japery	what
jar	what
jargon	what
jason	what
jassid	what
jati	what
jaunt	what
java	what
jaw	what
jay	what
jazz	what
jdam	what
jean	what
jeep	what
jehad	what
jejunum	what
jello	what
jelly	what
jem	what
jemmy	what
jena	what
jennet	what
jenny	what
jerboa	what
jerez	what
jerkin	what
jerking	what
jersey	what
jerusalem	what
jest	what
jet	what
jeth	what
jetsam	what
jetty	what
jewel	what
jewry	what
jhvh	what
ji	what
jiao	what
jib	what
jibe	what
jidda	what
jiffy	what
jigger	what
jiggle	what
jigsaw	what
jihad	what
jinja	what
jinks	what
jinni	what
jinx	what
jiqui	what
jird	what
jirga	what
jitney	what
jnd	what
job	what
jock	what
joel	what
john	what
joist	what
joke	what
jolt	what
jonah	what
jook	what
joppa	what
jorum	what
joshua	what
joss	what
josue	what
jot	what
jotter	what
jotun	what
journal	what
journalism	what
journey	what
joust	what
jove	what
jowl	what
joy	what
jra	what
juda	what
judah	what
judaism	what
judas	what
jude	what
judea	what
judges	what
judgment	what
judith	what
judo	what
jug	what
jugale	what
juggle	what
juice	what
juicer	what
juju	what
juke	what
jukebox	what
julep	what
july	what
jumble	what
jument	what
jumper	what
junco	what
june	what
junk	what
junket	what
juno	what
junta	what
junto	what
jupiter	what
jury	what
justice	what
jut	what
jv	what
jynx	what
ka	what
kaaba	what
kabala	what
kabob	what
kabul	what
kach	what
kadai	what
kaftan	what
kail	what
kaki	what
kale	what
kali	what
kalian	what
kalka	what
kalki	what
kalpac	what
kama	what
kamba	what
kameez	what
kamet	what
kami	what
kamia	what
kanaf	what
kandy	what
kansa	what
kansas	what
kansu	what
kanzu	what
kaon	what
kaph	what
kapok	what
kappa	what
karat	what
karate	what
karen	what
karma	what
karok	what
karyon	what
kasai	what
kasha	what
kat	what
katar	what
kauai	what
kauri	what
kaury	what
kava	what
kavrin	what
kayak	what
kayo	what
kazak	what
kazan	what
kazoo	what
kb	what
kbit	what
kbo	what
kc	what
kea	what
keb	what
kebab	what
keel	what
keeping	what
keflex	what
keflin	what
keftab	what
keg	what
kelp	what
kelpie	what
kelpy	what
ken	what
kenaf	what
kennel	what
keno	what
kent	what
kentucky	what
kenya	what
kepi	what
kera	what
kerb	what
kern	what
kernel	what
kerygma	what
ketch	what
ketosis	what
kettle	what
key	what
keyboard	what
keyhole	what
keypad	what
kg	what
kgb	what
khadi	what
khakis	what
khan	what
khat	what
khaya	what
khi	what
khimar	what
khios	what
khmer	what
khoum	what
khuen	what
khz	what
ki	what
kiaat	what
kiang	what
kib	what
kibble	what
kibe	what
kibit	what
kickoff	what
kidney	what
kiev	what
kiley	what
killing	what
kiln	what
kilo	what
kilt	what
kimono	what
kina	what
kind	what
kine	what
kingdom	what
kinin	what
kink	what
kino	what
kinship	what
kiosk	what
kiowa	what
kip	what
kirk	what
kirpan	what
kirtle	what
kisser	what
kissing	what
kit	what
kitbag	what
kitchen	what
kite	what
kith	what
kitsch	what
kittee	what
kitten	what
kitty	what
kitul	what
kivu	what
kiwi	what
kkk	what
klan	what
klaxon	what
klick	what
km	what
knack	what
knapsack	what
knave	what
knawe	what
knee	what
kneecap	what
knell	what
knife	what
knish	what
knob	what
knoll	what
knot	what
knout	what
knowledge	what
knuckle	what
knucks	what
ko	what
koala	what
koan	what
kob	what
kobe	what
kobo	what
kobus	what
kodiak	what
kogia	what
kohl	what
koine	what
kola	what
koln	what
komi	what
kongo	what
koodoo	what
kopek	what
kopje	what
kor	what
koran	what
kore	what
korea	what
kos	what
kota	what
kotar	what
kotex	what
koto	what
kotow	what
koudou	what
kovna	what
kovno	what
kph	what
kr	what
kraal	what
kraft	what
krait	what
krill	what
kris	what
kriti	what
krona	what
krone	what
kroon	what
krubi	what
ks	what
kt	what
kudos	what
kudu	what
kudzu	what
kui	what
kuki	what
kulun	what
kumis	what
kura	what
kursk	what
kurta	what
kuru	what
kurus	what
kurux	what
kusan	what
kutch	what
kuvasz	what
kuvi	what
kv	what
kvass	what
kw	what
kwa	what
kwai	what
kwanza	what
kweek	what
kwela	what
kwell	what
ky	what
kyat	what
kylie	what
kylix	what
kyoto	what
kyyiv	what
la	what
laager	what
lab	what
labium	what
labor	what
laboratory	what
labour	what
lac	what
lacing	what
lack	what
lacuna	what
ladder	what
ladin	what
lading	what
ladle	what
lagan	what
lagend	what
lager	what
lagoon	what
lagos	what
lah	what
lahar	what
lahu	what
lair	what
laity	what
laius	what
lake	what
lakh	what
lally	what
lama	what
lamb	what
lambda	what
lambis	what
lamedh	what
lamia	what
lamina	what
lamna	what
lamp	what
lan	what
lanai	what
lance	what
lancet	what
land	what
landau	what
lander	what
landing	what
landscape	what
lane	what
language	what
langur	what
lanius	what
lansa	what
lantern	what
lanugo	what
laos	what
lap	what
lapdog	what
lapel	what
lapin	what
lapp	what
lappet	what
lapse	what
laptop	what
laputa	what
larch	what
lard	what
larder	what
lari	what
lariat	what
larid	what
larium	what
larix	what
lark	what
larus	what
larva	what
larynx	what
lasek	what
laser	what
lasik	what
lasix	what
lassa	what
lasso	what
lastex	what
lat	what
lates	what
latex	what
lath	what
lathe	what
lathee	what
lather	what
lathi	what
latin	what
latke	what
latria	what
lats	what
latte	what
laudo	what
laughter	what
launce	what
laundry	what
laurel	what
laurels	what
lav	what
lava	what
lavabo	what
lavage	what
lavatory	what
laver	what
law	what
lawn	what
laws	what
laxity	what
laxness	what
layby	what
layer	what
layette	what
layia	what
laying	what
layoff	what
layout	what
layup	what
lazio	what
lb	what
lbf	what
lcd	what
lcm	what
ld	what
ldl	what
le	what
lea	what
leach	what
leaders	what
leadership	what
leaf	what
leaflet	what
league	what
leak	what
leaner	what
leapfrog	what
leaping	what
lear	what
learning	what
leash	what
leather	what
leaven	what
leaving	what
lechwe	what
lecture	what
led	what
leda	what
lede	what
ledge	what
ledger	what
ledum	what
leech	what
leeds	what
leek	what
lees	what
leeway	what
leftfield	what
leg	what
legacy	what
legation	what
legend	what
leging	what
legion	what
legislation	what
lego	what
legs	what
legume	what
lei	what
leipoa	what
leisure	what
lek	what
lem	what
lemma	what
lemmus	what
lemna	what
lemon	what
lemur	what
lena	what
lending	what
length	what
lenity	what
lens	what
lense	what
lent	what
lentil	what
leo	what
leon	what
leone	what
lepas	what
leppy	what
lepus	what
ler	what
lerot	what
lescol	what
lesion	what
lessening	what
lesson	what
lethe	what
leto	what
letter	what
lettering	what
letters	what
letup	what
leu	what
lev	what
levee	what
level	what
lever	what
levi's	what
levis	what
levity	what
lexeme	what
lexicon	what
lexis	what
ley	what
leyte	what
lf	what
lgb	what
lgv	what
lh	what
lhasa	what
liaison	what
liana	what
liao	what
libel	what
liberalism	what
liberty	what
libra	what
library	what
libya	what
license	what
lichi	what
licking	what
lid	what
lidar	what
lido	what
lied	what
lien	what
lieu	what
life	what
lifo	what
ligan	what
liger	what
light	what
lighting	what
lightning	what
ligne	what
lignite	what
liking	what
lilac	what
lille	what
lilo	what
lilt	what
lily	what
lima	what
liman	what
limax	what
limb	what
limbo	what
limbus	what
lime	what
limen	what
limit	what
limo	what
limosa	what
limpa	what
limpet	what
linac	what
linden	what
lindy	what
line	what
lineage	what
linen	what
liner	what
lineup	what
ling	what
lingam	what
lingo	what
lingua	what
linin	what
lining	what
links	what
linkup	what
linnet	what
lino	what
lint	what
lintel	what
linum	what
linux	what
linz	what
liomys	what
lion	what
lionet	what
lip	what
lipid	what
lipstick	what
liquor	what
lir	what
lira	what
lisbon	what
lisle	what
lisp	what
list	what
lister	what
lisu	what
litany	what
litas	what
liter	what
literature	what
litre	what
litter	what
liver	what
livestock	what
living	what
liza	what
lizard	what
llama	what
llano	what
llb	what
lld	what
llm	what
llud	what
llyr	what
lm	what
loach	what
load	what
loading	what
loads	what
loaf	what
loafer	what
loam	what
loan	what
loaner	what
loasa	what
lobata	what
lobby	what
lobe	what
lobule	what
locale	what
locality	what
location	what
loch	what
lochia	what
locker	what
locket	what
lockup	what
locule	what
locus	what
locust	what
lode	what
lodging	what
lodgings	what
lodine	what
lodz	what
loess	what
loft	what
log	what
logan	what
loge	what
loggia	what
logging	what
logic	what
logion	what
logo	what
logos	what
lohan	what
loin	what
loins	what
loir	what
loire	what
loki	what
loligo	what
lolly	what
lolo	what
lome	what
lonas	what
london	what
longing	what
longyi	what
loo	what
loofa	what
lookup	what
loon	what
loop	what
looper	what
loophole	what
loot	what
lopid	what
lopper	what
lord	what
lordship	what
lore	what
lorfan	what
lorica	what
lorry	what
lory	what
loss	what
losses	what
lot	what
lota	what
loti	what
lotion	what
lots	what
lotte	what
lotto	what
lotus	what
lough	what
loupe	what
louse	what
louvar	what
louver	what
louvre	what
lovoa	what
lowan	what
lowboy	what
lox	what
loxia	what
loyalty	what
lozal	what
lp	what
lr	what
lsd	what
ltd	what
ltm	what
ltte	what
lu	what
luau	what
luba	what
lube	what
lucifer	what
luck	what
lucre	what
lucy	what
luda	what
ludo	what
lues	what
luff	what
luffa	what
luge	what
luger	what
luggage	what
lugger	what
lugh	what
luging	what
luik	what
luke	what
lull	what
lumber	what
lumbus	what
lumen	what
lumma	what
lump	what
luna	what
lunacy	what
lunch	what
lund	what
lunda	what
lung	what
lungi	what
lungyi	what
lunula	what
lunule	what
luo	what
lupin	what
lupus	what
lust	what
luster	what
lustre	what
luta	what
lute	what
lutra	what
lutzen	what
lux	what
luxor	what
luxury	what
luyia	what
luzon	what
lwei	what
lycee	what
lyceum	what
lycia	what
lycosa	what
lydia	what
lye	what
lygus	what
lying	what
lymph	what
lynx	what
lyon	what
lyons	what
lyra	what
lyre	what
lyric	what
lysin	what
lysis	what
lysol	what
lyssa	what
maar	what
mac	what
macaca	what
macao	what
macau	what
macaw	what
mace	what
machine	what
machinery	what
mack	what
mackle	what
macon	what
macron	what
macula	what
macule	what
madia	what
madness	what
madras	what
mafa	what
mafia	what
mag	what
magazine	what
maggot	what
magh	what
magha	what
magi	what
magic	what
maglev	what
magma	what
magnet	what
magnetism	what
magnitude	what
magnum	what
magpie	what
mahoe	what
maia	what
maidu	what
maiger	what
maigre	what
mailbox	what
mailer	what
maimed	what
maine	what
mainland	what
maintenance	what
maize	what
maja	what
majesty	what
majority	what
majors	what
mak	what
makeup	what
makin	what
making	what
mako	what
malady	what
malaise	what
malar	what
malaria	what
maldon	what
maleo	what
mali	what
malice	what
mall	what
mallet	what
malmo	what
mals	what
malt	what
malta	what
malti	what
malto	what
malus	what
malva	what
mam	what
mamba	what
mambo	what
mamey	what
mammal	what
mammut	what
mamo	what
management	what
manat	what
manchester	what
manda	what
mandate	what
mande	what
mane	what
maneuver	what
mange	what
manger	what
mangle	what
mango	what
manhattan	what
manhood	what
mania	what
manifold	what
manis	what
manna	what
manner	what
manners	what
manometer	what
manor	what
manpad	what
manpower	what
manse	what
mansi	what
manta	what
mantel	what
mantid	what
mantis	what
mantle	what
mantra	what
mantua	what
manual	what
manufacturer	what
manul	what
manure	what
manus	what
maoi	what
maoism	what
maori	what
map	what
maple	what
mara	what
maraca	what
maraud	what
marble	what
marbles	what
marc	what
marcel	what
mare	what
margay	what
marge	what
margin	what
mari	what
maria	what
marina	what
marker	what
market	what
marketing	what
marking	what
markup	what
marl	what
marlin	what
marmot	what
marque	what
marquee	what
marri	what
marriage	what
marrow	what
mars	what
marsh	what
mart	what
marten	what
martes	what
martin	what
martini	what
marum	what
marut	what
masa	what
masai	what
mascara	what
maser	what
masher	what
mashi	what
mashie	what
masjid	what
mask	what
masking	what
masonry	what
masora	what
mass	what
massage	what
masse	what
masses	what
mast	what
mastery	what
mat	what
matai	what
material	what
mates	what
math	what
maths	what
mating	what
matric	what
matrix	what
matter	what
matting	what
maturity	what
matzo	what
maui	what
maul	what
maund	what
mauser	what
mavik	what
mavis	what
maw	what
max	what
maxim	what
maya	what
mayan	what
mayas	what
mayday	what
mayfly	what
mayhem	what
mayo	what
mazama	what
maze	what
mazer	what
mb	what
mba	what
mbd	what
mbeya	what
mbit	what
mc	what
mcg	what
mcia	what
md	what
mdi	what
mdiv	what
mdma	what
mead	what
meadow	what
meal	what
meaning	what
means	what
measurement	what
meat	what
meatus	what
mecca	what
mechanics	what
mechanism	what
med	what
medal	what
medan	what
medea	what
medfly	what
medicine	what
medley	what
medoc	what
medusa	what
meed	what
meeting	what
meg	what
mei	what
mek	what
mekong	what
meld	what
melee	what
meles	what
melia	what
melody	what
meloid	what
melon	what
mem	what
membership	what
meme	what
memel	what
memo	what
memoir	what
memory	what
memphis	what
men	what
men's	what
menace	what
menarche	what
menhir	what
meninx	what
mensa	what
mentum	what
menu	what
menura	what
meow	what
meprin	what
meq	what
mercury	what
mercy	what
merger	what
merging	what
mergus	what
merino	what
merl	what
merle	what
merlin	what
merlon	what
merops	what
mesa	what
mesh	what
meson	what
mess	what
message	what
mesua	what
metal	what
metaphor	what
mete	what
meteor	what
meteorite	what
meter	what
meth	what
method	what
metier	what
metre	what
metro	what
metropolis	what
mettle	what
meuse	what
mews	what
mexico	what
mezuza	what
mezzo	what
mf	what
mfa	what
mflop	what
mg	what
mho	what
mhz	what
mi	what
miami	what
miao	what
miaou	what
miaow	what
miasm	what
miaul	what
mib	what
mibit	what
mica	what
micah	what
micelle	what
michigan	what
micrometeorite	what
micron	what
microphone	what
microscope	what
midair	what
midas	what
midday	what
middle	what
middy	what
midge	what
midnight	what
midst	what
mien	what
miff	what
mihrab	what
mike	what
mikvah	what
mil	what
milage	what
milan	what
mile	what
mileage	what
milieu	what
militia	what
milium	what
milk	what
milker	what
mill	what
miller	what
millidegree	what
milligram	what
milo	what
milt	what
milvus	what
mime	what
mimeo	what
mimesis	what
mimicry	what
mimir	what
mimus	what
min	what
mina	what
minah	what
mincer	what
mind	what
minden	what
mine	what
mineral	what
ming	what
minge	what
minim	what
mining	what
mink	what
minnesota	what
minnow	what
minority	what
minos	what
minsk	what
mint	what
minuet	what
minute	what
minutia	what
miosis	what
mips	what
miracle	what
mirage	what
mire	what
miri	what
mirid	what
mirror	what
mirth	what
mischief	what
miscue	what
misdeed	what
misery	what
mishna	what
miso	what
missal	what
missile	what
mission	what
missive	what
missouri	what
mist	what
mistake	what
mister	what
mit	what
mite	what
mithan	what
mitra	what
mitre	what
mitt	what
mitten	what
miwok	what
mixer	what
mixing	what
mixture	what
mizen	what
mizzen	what
mko	what
ml	what
mlitt	what
mls	what
mm	what
mmpi	what
mn	what
mnium	what
mo	what
moa	what
moat	what
mob	what
moban	what
mobcap	what
mobility	what
mobula	what
mocha	what
mockery	what
mode	what
model	what
modem	what
modernity	what
modernization	what
modesty	what
modifier	what
mods	what
module	what
mohair	what
mohawk	what
moho	what
moire	what
moisture	what
mojo	what
moke	what
moksa	what
mol	what
mola	what
molding	what
mole	what
molecule	what
molle	what
mollie	what
molly	what
moloch	what
molt	what
molter	what
molva	what
moment	what
momentum	what
momism	what
momos	what
momot	what
momus	what
mon	what
mona	what
monad	what
monal	what
monas	what
monaul	what
monday	what
monera	what
money	what
mongo	what
monism	what
monitoring	what
monkey	what
monocle	what
monopoly	what
monotony	what
mons	what
monsoon	what
monster	what
monte	what
month	what
montreal	what
monument	what
mood	what
moon	what
moonlight	what
moor	what
moose	what
moped	what
mopes	what
morale	what
morality	what
morals	what
moray	what
moreen	what
morel	what
mores	what
morgan	what
morgue	what
morion	what
morn	what
morning	what
morocco	what
moron	what
morone	what
morphophonemics	what
morrow	what
mors	what
morse	what
morsel	what
mortality	what
mortar	what
mortgage	what
morula	what
morus	what
mosaic	what
mosan	what
moscow	what
mosque	what
mosquito	what
moss	what
mosul	what
mot	what
mote	what
motel	what
motet	what
moth	what
motif	what
motion	what
motivation	what
motive	what
motmot	what
motor	what
motrin	what
motto	what
moue	what
moult	what
mound	what
mountain	what
mouse	what
mouser	what
mousse	what
mouth	what
movement	what
movie	what
mower	what
moxie	what
mp	what
mpeg	what
mph	what
mps	what
mr	what
mrd	what
mri	what
mrna	what
mrs	what
mrta	what
ms	what
msasa	what
msb	what
msc	what
msec	what
msg	what
msh	what
mst	what
mt	what
mu	what
mucin	what
mucor	what
mucosa	what
mucus	what
mud	what
mudcat	what
mudder	what
muddle	what
mudhif	what
mudra	what
muff	what
muffler	what
mufti	what
mug	what
mugil	what
mulch	what
mulct	what
mule	what
muller	what
mullet	what
mullus	what
multiplicity	what
mulwi	what
mummy	what
mumps	what
munch	what
munda	what
mung	what
munich	what
munj	what
munja	what
muon	what
murder	what
murk	what
murre	what
mus	what
musa	what
musca	what
musci	what
muscle	what
musd	what
museum	what
musgu	what
mush	what
music	what
musing	what
musjid	what
musk	what
musket	what
musketry	what
muslin	what
musnud	what
muss	what
mussel	what
mustache	what
musth	what
mutant	what
mutiny	what
muton	what
mutt	what
mutton	what
muumuu	what
muzzle	what
mv	what
mwera	what
mx	what
mya	what
myg	what
mylar	what
mym	what
myna	what
mynah	what
myoma	what
myopus	what
myosis	what
myotis	what
myrrh	what
myrtle	what
mysis	what
mystery	what
mystique	what
myth	what
myxine	what
na	what
naan	what
nabu	what
nac	what
nacho	what
nacre	what
nad	what
nada	what
nadir	what
nadp	what
nafcil	what
nafta	what
nafud	what
naga	what
nagari	what
nagi	what
nahum	what
naiad	what
naias	what
naiki	what
naira	what
naja	what
najas	what
najd	what
nalfon	what
name	what
names	what
nammad	what
nammu	what
namoi	what
nampa	what
namur	what
nan	what
nancy	what
nandu	what
nanna	what
nanny	what
nap	what
napa	what
nape	what
napery	what
napkin	what
napu	what
naqua	what
nara	what
narcan	what
nard	what
nardil	what
nardo	what
naris	what
narrative	what
narwal	what
nasa	what
nasdaq	what
naseby	what
nasion	what
nassau	what
nasua	what
nates	what
nation	what
nationalism	what
nato	what
natrix	what
nature	what
nauch	what
naught	what
nauru	what
nausea	what
nautch	what
navane	what
nave	what
navel	what
navy	what
naze	what
nazism	what
nb	what
nbe	what
nbw	what
nc	what
ncdc	what
nd	what
ne	what
neap	what
neb	what
nebcin	what
nebe	what
nebiim	what
nebn	what
nebo	what
nebula	what
nec	what
necessity	what
neck	what
necktie	what
necrosis	what
nectar	what
need	what
needle	what
neem	what
nefud	what
negev	what
negus	what
neigh	what
neighborhood	what
nejd	what
nekton	what
nelson	what
nemea	what
nemesis	what
neocortex	what
neomys	what
neon	what
nepa	what
nepal	what
nerita	what
nerve	what
nerves	what
nervus	what
ness	what
nest	what
nester	what
nestor	what
network	what
neuron	what
neurosis	what
neuter	what
neutralism	what
neutrophil	what
neva	what
neve	what
nevis	what
nevus	what
new-york	what
newel	what
newport	what
news	what
newspaper	what
newt	what
nexus	what
ng	what
nga	what
ngb	what
ngf	what
ngo	what
ngu	what
nguni	what
ngwee	what
nh	what
ni	what
nib	what
nibble	what
nicad	what
nicety	what
niche	what
nick	what
nickel	what
nicu	what
niddm	what
nidus	what
niff	what
niger	what
night	what
nightclub	what
nightfall	what
nih	what
nihau	what
nihil	what
nihon	what
nij	what
nike	what
nil	what
nile	what
nilgai	what
nim	what
nimbus	what
nina	what
niner	what
ninib	what
ninja	what
ninon	what
nintu	what
niobe	what
nipa	what
nipper	what
nipple	what
nipr	what
niqab	what
nisan	what
nist	what
nisus	what
nit	what
niter	what
nitre	what
nitrogen	what
nix	what
nj	what
njord	what
nlp	what
nlrb	what
nm	what
nmr	what
nne	what
nnrti	what
nnw	what
noaa	what
noctua	what
noddle	what
node	what
nodule	what
noel	what
noesis	what
nog	what
noggin	what
noise	what
noma	what
nome	what
nomia	what
nonce	what
nones	what
nonfiction	what
nonsense	what
noodle	what
nook	what
nookie	what
nooky	what
noon	what
noose	what
nopal	what
noreg	what
norge	what
noria	what
norm	what
norma	what
norn	what
north	what
noruz	what
norvir	what
norway	what
nose	what
nosh	what
nostoc	what
notation	what
notebook	what
nothing	what
notion	what
noun	what
nous	what
nov	what
nova	what
novel	what
novelty	what
november	what
novena	what
nox	what
nozzle	what
npa	what
npc	what
nra	what
nrc	what
nrem	what
nrl	what
nrna	what
nro	what
nrti	what
nsa	what
nsaid	what
nsc	what
nsf	what
nsu	what
nsw	what
nswc	what
nt	what
ntis	what
nu	what
nuance	what
nub	what
nubbin	what
nubia	what
nucha	what
nucleus	what
nuda	what
nudism	what
nuisance	what
nuke	what
numbat	what
number	what
numdah	what
numen	what
numida	what
nung	what
nuprin	what
nursery	what
nursing	what
nusku	what
nut	what
nutria	what
nuwc	what
nv	what
nw	what
nwbn	what
nwbw	what
ny	what
nyala	what
nylon	what
nylons	what
nymph	what
nypa	what
nyse	what
nyssa	what
nystan	what
nyx	what
oahu	what
oak	what
oakum	what
oar	what
oas	what
oasis	what
oast	what
oat	what
oath	what
ob	what
obeah	what
obedience	what
obelisk	what
obi	what
obiism	what
obit	what
object	what
objection	what
objective	what
obligation	what
oboe	what
obscurity	what
observation	what
obstacle	what
obverse	what
oca	what
occasion	what
occupation	what
occurrence	what
ocean	what
ocelot	what
ocher	what
ochna	what
oct	what
octad	what
octant	what
octave	what
octavo	what
octet	what
october	what
oculus	what
od	what
oddity	what
odds	what
ode	what
oder	what
odesa	what
odessa	what
odin	what
odium	what
odor	what
odour	what
odyssey	what
oed	what
oeuvre	what
offal	what
offence	what
offense	what
office	what
ofo	what
ogden	what
ogee	what
ogive	what
ogre	what
ogress	what
oh	what
ohio	what
oig	what
oil	what
oilcan	what
oiler	what
oilrig	what
oink	what
ois	what
oka	what
okapi	what
okapia	what
okeh	what
okey	what
okra	what
ola	what
oldie	what
olea	what
oled	what
olein	what
oleo	what
olla	what
olm	what
ology	what
omaha	what
oman	what
omasum	what
omb	what
ombu	what
omega	what
omen	what
omerta	what
omission	what
omiya	what
omsk	what
onager	what
onega	what
oneness	what
oni	what
onion	what
onrush	what
onset	what
onus	what
onyx	what
onyxis	what
oocyte	what
oology	what
oomph	what
ootid	what
ooze	what
opah	what
opal	what
opcw	what
opec	what
opener	what
opepe	what
opera	what
operation	what
operator	what
operetta	what
operon	what
opiate	what
opinion	what
opium	what
opportunity	what
opposition	what
ops	what
opsin	what
optez	what
optics	what
option	what
opus	what
opv	what
orach	what
oracle	what
oran	what
orang	what
oration	what
orb	what
orbit	what
orca	what
orchard	what
orchestra	what
orchid	what
orchis	what
orcus	what
ordeal	what
ordering	what
ore	what
oread	what
oregon	what
oreo	what
organ	what
organism	what
organization	what
orgasm	what
orgy	what
oriel	what
orifice	what
origin	what
oriole	what
orion	what
oriya	what
orlon	what
orlop	what
orly	what
ormer	what
orono	what
orpin	what
orrery	what
orris	what
orthography	what
orudis	what
oryx	what
oryza	what
orzo	what
os	what
osage	what
osaka	what
oscan	what
oscar	what
osha	what
osier	what
oslo	what
osprey	what
ostomy	what
ostrea	what
otaria	what
otides	what
otis	what
oto	what
otoe	what
ottar	what
otter	what
otus	what
ouija	what
oujda	what
ounce	what
ouse	what
ousel	what
ouster	what
outburst	what
outcome	what
outcry	what
outfield	what
outfit	what
outgo	what
outing	what
outlay	what
outlet	what
outlook	what
outpost	what
output	what
outreach	what
outset	what
ouzel	what
ouzo	what
ov	what
ovary	what
oven	what
overcast	what
overcoat	what
ovibos	what
ovis	what
ovocon	what
ovolo	what
ovral	what
ovule	what
ovulen	what
ovum	what
owl	what
owlet	what
owlt	what
ownership	what
ox	what
oxbow	what
oxcart	what
oxen	what
oxeye	what
oxford	what
oxidation	what
oxide	what
oxime	what
oxlip	what
oxtail	what
oxygen	what
oxyura	what
oyster	what
oz	what
ozena	what
ozone	what
paba	what
pabir	what
pablum	what
pac	what
paca	what
pace	what
pacer	what
pacific	what
pacing	what
package	what
packet	what
packing	what
pact	what
pad	what
padda	what
paddy	what
padlock	what
padua	what
paean	what
pagad	what
page	what
pageant	what
pager	what
paging	what
pagoda	what
pagrus	what
pail	what
pain	what
pains	what
painting	what
pair	what
paisa	what
pajama	what
palace	what
palas	what
palate	what
palau	what
palestine	what
palette	what
pali	what
paling	what
pallet	what
pallor	what
palm	what
palsy	what
pan	what
panama	what
panax	what
panda	what
pane	what
panel	what
paneling	what
pang	what
panga	what
panic	what
pansa	what
pansy	what
panther	what
pantie	what
panting	what
panto	what
pantry	what
pants	what
panty	what
panzer	what
pap	what
papaw	what
paper	what
papers	what
papio	what
papism	what
papua	what
par	what
para	what
parable	what
parade	what
paradigm	what
paradox	what
paragon	what
paragraph	what
parameter	what
parang	what
parasite	what
parcel	what
parenchyma	what
parer	what
paries	what
paris	what
parish	what
parity	what
parji	what
park	what
parka	what
parking	what
parlor	what
parody	what
parole	what
parr	what
parrot	what
parser	what
part	what
participation	what
particle	what
parting	what
parts	what
party	what
parula	what
parus	what
parvis	what
parvo	what
pas	what
pasang	what
pasch	what
paseo	what
passage	what
passer	what
passing	what
passion	what
past	what
pasta	what
paste	what
pastime	what
pasto	what
pasture	what
patas	what
patch	what
pate	what
patent	what
path	what
pathos	what
pathway	what
patience	what
patina	what
patio	what
patka	what
patrol	what
patronage	what
patten	what
patter	what
pattern	what
patty	what
paucity	what
paunch	what
pavage	what
pavan	what
pavane	what
pave	what
pavement	what
paving	what
pavior	what
pavis	what
pavise	what
pavo	what
paw	what
pawl	what
pawn	what
pax	what
paxil	what
paxto	what
payday	what
paye	what
payment	what
pb	what
pbit	what
pbs	what
pc	what
pcp	what
pct	what
pd	what
pda	what
pdflp	what
pdl	what
pe	what
pea	what
peace	what
peach	what
peacock	what
peag	what
peahen	what
peak	what
peal	what
pean	what
pear	what
pearl	what
peat	what
peavey	what
peavy	what
peba	what
pebble	what
pecan	what
pecker	what
pecos	what
pecs	what
pectoral	what
pectus	what
pee	what
peek	what
peeler	what
peen	what
peeper	what
peeve	what
peewee	what
peewit	what
peg	what
pegboard	what
pegleg	what
pekan	what
peke	what
pekoe	what
pel	what
pelage	what
pelew	what
pelf	what
pelham	what
pellet	what
pelmet	what
pelota	what
pelting	what
peludo	what
pelvis	what
pen	what
penalty	what
penance	what
pencil	what
peneus	what
pengo	what
penis	what
penn	what
pennant	what
penne	what
penni	what
pennon	what
pennsylvania	what
penny	what
pension	what
pentagon	what
penult	what
peony	what
people	what
pep	what
pepcid	what
peplos	what
peplum	what
peplus	what
pepsi	what
perca	what
percent	what
percentage	what
perception	what
perdix	what
perfection	what
performance	what
perfume	what
peri	what
peril	what
period	what
periodical	what
periphery	what
perk	what
perm	what
permission	what
pernis	what
perry	what
persistence	what
persona	what
personality	what
personnel	what
perspective	what
perth	what
peru	what
peruke	what
perusal	what
pes	what
pesah	what
peso	what
pest	what
pestle	what
pesto	what
pet	what
petal	what
petard	what
peter	what
petition	what
petrel	what
petting	what
peul	what
pew	what
pewee	what
pewit	what
peyote	what
pfalz	what
pfc	what
pflp	what
ph	what
phage	what
phalanx	what
phantom	what
pharos	what
phase	what
phd	what
pheasant	what
phenomenon	what
phi	what
phial	what
philadelphia	what
philosophy	what
phiz	what
phlegm	what
phloem	what
phlox	what
phoca	what
phoebe	what
pholas	what
pholis	what
phon	what
phone	what
phoneme	what
phonology	what
phosphate	what
phot	what
photo	what
photograph	what
photon	what
phrase	what
phs	what
phyle	what
phylum	what
physa	what
physic	what
physics	what
physique	what
pi	what
pia	what
piaffe	what
piano	what
piazza	what
pib	what
pibit	what
pic	what
pica	what
picea	what
pichi	what
pickax	what
picket	what
pickle	what
pickup	what
picnic	what
picot	what
picture	what
picul	what
picus	what
pid	what
pidgin	what
pie	what
piece	what
pier	what
pierid	what
pieris	what
pieta	what
piety	what
piffle	what
pig	what
pigeon	what
piglet	what
pigment	what
pigpen	what
pigsty	what
pij	what
pika	what
pike	what
pilaf	what
pilau	what
pilaw	what
pile	what
pilea	what
piles	what
piling	what
pill	what
pillar	what
pillow	what
pilus	what
pima	what
pimple	what
pinata	what
pinball	what
pincer	what
pinche	what
pine	what
pineus	what
pinger	what
pinion	what
pinkie	what
pinky	what
pinna	what
pinner	what
pinny	what
pinon	what
pinot	what
pinsk	what
pint	what
pintle	what
pinto	what
pinus	what
piolet	what
pion	what
pip	what
pipa	what
pipage	what
pipal	what
pipe	what
pipet	what
pipile	what
pipilo	what
pipit	what
pipra	what
pipul	what
pique	what
piquet	what
piracy	what
pirana	what
pirogue	what
pisa	what
pisces	what
pisser	what
piste	what
pistol	what
piston	what
pisum	what
pit	what
pita	what
pitching	what
pitfall	what
pith	what
piton	what
pitot	what
pitsaw	what
pitta	what
pittsburgh	what
pituitary	what
pity	what
pix	what
pixel	what
pixie	what
pixy	what
pizza	what
pizzaz	what
pj's	what
pkd	what
pku	what
place	what
placement	what
plage	what
plaice	what
plaid	what
plait	what
plan	what
plane	what
planer	what
planet	what
plank	what
planning	what
plano	what
plant	what
planting	what
plaque	what
plash	what
plasm	what
plasma	what
plaster	what
plastic	what
plate	what
platen	what
platform	what
platinum	what
platonism	what
platoon	what
platy	what
plavix	what
playing	what
plaza	what
plea	what
pleasure	what
pleat	what
plenty	what
plenum	what
pleura	what
pleven	what
plevna	what
plexor	what
plexus	what
plf	what
plica	what
pliers	what
plight	what
plinth	what
plo	what
ploce	what
plonk	what
plot	what
plough	what
plover	what
plowing	what
ploy	what
plug	what
plumbing	what
plume	what
plumpness	what
plunker	what
pluto	what
plyers	what
plzen	what
pm	what
pms	what
po	what
poa	what
pob	what
pock	what
pocket	what
pod	what
podium	what
poem	what
poesy	what
poetry	what
pogey	what
pogge	what
pogrom	what
pogy	what
poi	what
poilu	what
point	what
poison	what
poker	what
poking	what
poland	what
polarity	what
pole	what
poleax	what
poler	what
police	what
policy	what
polio	what
politics	what
polity	what
polka	what
poll	what
pollen	what
pollex	what
polls	what
polo	what
polynomial	what
polyp	what
pomade	what
pome	what
pomo	what
pomp	what
pompon	what
ponca	what
poncho	what
pond	what
pone	what
pong	what
pongee	what
pongid	what
pongo	what
ponka	what
pons	what
pony	what
pood	what
poodle	what
pool	what
poon	what
poop	what
popery	what
popgun	what
poplin	what
popper	what
poppet	what
popping	what
poppy	what
popularity	what
population	what
porc	what
porch	what
pore	what
porgy	what
pork	what
porker	what
porn	what
porno	what
port	what
porta	what
portal	what
porte	what
portion	what
porto	what
portrait	what
poser	what
posing	what
posit	what
position	what
posse	what
possession	what
possibility	what
possum	what
post	what
poster	what
posture	what
posy	what
pot	what
potassium	what
potato	what
potency	what
potential	what
pothole	what
potos	what
potshot	what
pottery	what
pottle	what
potto	what
pouch	what
pouf	what
pouffe	what
poultry	what
pound	what
pout	what
pouter	what
poverty	what
powder	what
power	what
powwow	what
pox	what
poyou	what
ppk	what
pplo	what
ppp	what
pr	what
practice	what
prag	what
praha	what
praia	what
prairie	what
pram	what
prang	what
prank	what
prat	what
prate	what
prawn	what
praxis	what
praya	what
prayer	what
prc	what
preaching	what
precaution	what
precedent	what
precis	what
precision	what
preface	what
prefix	what
prejudice	what
premise	what
premix	what
prep	what
preparation	what
presence	what
presentation	what
pressure	what
prestige	what
pretext	what
prevention	what
prevision	what
prevue	what
priam	what
price	what
pricing	what
pride	what
primer	what
priming	what
primus	what
principle	what
prinia	what
printing	what
prion	what
priority	what
priory	what
prism	what
prison	what
privacy	what
privilege	what
privy	what
prize	what
probability	what
problem	what
procedure	what
proceedings	what
proceeds	what
process	what
proclamation	what
procreation	what
procurement	what
product	what
production	what
productivity	what
profession	what
profile	what
profit	what
profits	what
progne	what
program	what
progress	what
project	what
projection	what
prom	what
promotion	what
prong	what
pronoun	what
proof	what
prop	what
propaganda	what
property	what
prophecy	what
proportion	what
proposal	what
proposition	what
proprietorship	what
props	what
prose	what
prosom	what
prospect	what
protease	what
protection	what
protein	what
proton	what
protozoa	what
proverb	what
providence	what
province	what
provision	what
proviso	what
provo	what
prow	what
prowess	what
proxy	what
prozac	what
prune	what
pruner	what
pruno	what
ps	what
psa	what
psalm	what
psalms	what
psenes	what
psetta	what
psf	what
psi	what
psithyrus	what
psoas	what
psocid	what
pst	what
psyche	what
psychology	what
psylla	what
psyop	what
pt	what
ptah	what
pto	what
ptsd	what
ptyas	what
pu	what
pub	what
pubes	what
pubis	what
publication	what
publicity	what
publisher	what
puce	what
puck	what
pud	what
puffer	what
puffin	what
pug	what
puka	what
puking	what
puku	what
pul	what
pula	what
pulex	what
pullet	what
pulley	what
pulling	what
pulp	what
pulpit	what
pulse	what
puma	what
pump	what
pun	what
pung	what
punishment	what
punkah	what
punkey	what
punkie	what
punks	what
punky	what
punnet	what
pup	what
pupa	what
puppet	what
puppy	what
purana	what
purau	what
purdah	what
puree	what
purging	what
purim	what
purity	what
purpose	what
purr	what
purse	what
pursuit	what
purus	what
pus	what
pusan	what
pusher	what
pushing	what
pushup	what
puss	what
pussy	what
putoff	what
putout	what
putsch	what
puttee	what
putter	what
putty	what
putz	what
pva	what
pvc	what
pwr	what
px	what
pya	what
pydna	what
pyjama	what
pylon	what
pyre	what
pyrex	what
pyrometer	what
pyrus	what
python	what
pyx	what
pyxie	what
pyxis	what
qabala	what
qaeda	what
qat	what
qatar	what
qcd	what
qed	what
qepiq	what
qi	what
qiang	what
qibla	what
qin	what
qing	what
qoph	what
quackery	what
quad	what
quaff	what
quag	what
quagga	what
quahog	what
quake	what
qualification	what
quality	what
qualm	what
quantity	what
quark	what
quarry	what
quart	what
quarter	what
quarters	what
quarto	what
quartz	what
quat	what
quaver	what
quay	what
queen	what
quern	what
quest	what
question	what
questioning	what
queue	what
quickie	what
quicky	what
quid	what
quiff	what
quill	what
quilt	what
quipu	what
quira	what
quire	what
quirk	what
quirt	what
quito	what
quiz	what
qum	what
quoin	what
quoit	what
quoits	what
quota	what
quran	what
ra	what
rabat	what
rabato	what
rabbet	what
rabbit	what
rabble	what
racer	what
rachet	what
rachis	what
racing	what
racism	what
rack	what
racket	what
racon	what
racoon	what
rad	what
radar	what
radiation	what
radio	what
radish	what
radius	what
radix	what
radome	what
radon	what
raf	what
raffle	what
raft	what
rafter	what
rafts	what
rag	what
ragbag	what
rage	what
ragee	what
ragi	what
raglan	what
rahu	what
raid	what
rail	what
railing	what
railroad	what
rails	what
railway	what
rain	what
rainbow	what
raita	what
raiu	what
raj	what
raja	what
rajab	what
rale	what
rama	what
ramee	what
ramie	what
ramjet	what
rammer	what
ramp	what
rampart	what
ramrod	what
ramus	what
rana	what
ranch	what
rancor	what
rand	what
range	what
ranid	what
rank	what
ransom	what
rant	what
raphe	what
raphus	what
rapier	what
rapine	what
rappee	what
rappel	what
rapper	what
raptor	what
rapture	what
rarity	what
ras	what
rasher	what
rasht	what
rasp	what
raster	what
rat	what
ratan	what
ratch	what
rate	what
ratel	what
rates	what
rating	what
ratio	what
ration	what
rationale	what
ratite	what
ratlin	what
rattan	what
ratter	what
rattler	what
rattlesnake	what
rattus	what
raunch	what
ravage	what
rave	what
ravel	what
raven	what
ray	what
rayon	what
rayons	what
razing	what
razor	what
razz	what
razzle	what
rb	what
rbc	what
rbi	what
rcmp	what
re	what
reactant	what
reaction	what
reactivity	what
reading	what
reagent	what
realism	what
reality	what
realm	what
ream	what
reamer	what
reaper	what
rear	what
rearing	what
reason	what
reasoning	what
reata	what
rebate	what
rebato	what
rebellion	what
rebozo	what
rebus	what
recap	what
recce	what
recco	what
reccy	what
receipt	what
receiver	what
reception	what
recipe	what
recognition	what
recommendation	what
recorder	what
recording	what
recourse	what
recovery	what
recreation	what
recruitment	what
recto	what
rectum	what
rectus	what
redbug	what
redeye	what
redox	what
reduction	what
reed	what
reef	what
reefer	what
reel	what
reeve	what
reference	what
refit	what
reflection	what
reflector	what
reflex	what
reform	what
refrain	what
refuge	what
refund	what
refusal	what
regime	what
regiment	what
region	what
registration	what
regulation	what
regur	what
rehearsal	what
reich	what
reims	what
rein	what
reissue	what
reit	what
rejection	what
relation	what
relations	what
relationship	what
relevance	what
reliance	what
relic	what
relief	what
religion	what
relish	what
reliving	what
rem	what
remainder	what
reminder	what
remise	what
remnant	what
remora	what
removal	what
remuda	what
remus	what
renege	what
renewal	what
renin	what
reno	what
rent	what
rente	what
rep	what
repertory	what
repetition	what
replay	what
report	what
repose	what
repp	what
representation	what
reprint	what
reprisal	what
reproach	what
reproof	what
reptile	what
republic	what
reputation	what
requirement	what
res	what
resale	what
research	what
reseau	what
resemblance	what
resentment	what
reserves	what
resh	what
resht	what
resid	what
residence	what
residue	what
resin	what
resistance	what
resistor	what
resolution	what
resonance	what
resource	what
respect	what
respects	what
respite	what
response	what
responsibility	what
rest	what
restaurant	what
restraint	what
restriction	what
result	what
retail	what
retailing	what
retake	what
rete	what
retem	what
retention	what
retina	what
retirement	what
reunion	what
revelation	what
revelry	what
revenge	what
revenue	what
reverie	what
revers	what
revery	what
revision	what
revival	what
revoke	what
revolt	what
revolution	what
revolver	what
revue	what
reward	what
rf	what
rfd	what
rg	what
rh	what
rhaphe	what
rhd	what
rhea	what
rhein	what
rhesus	what
rheum	what
rhine	what
rhino	what
rho	what
rhomb	what
rhone	what
rhubarb	what
rhumb	what
rhumba	what
rhus	what
rhyme	what
rhythm	what
ri	what
rial	what
riata	what
rib	what
riband	what
ribbon	what
ribes	what
rice	what
ricer	what
richmond	what
richness	what
ricin	what
rick	what
rico	what
ricrac	what
rictus	what
ridge	what
ridgel	what
ridgil	what
riding	what
ridley	what
riel	what
riff	what
rifle	what
rift	what
rig	what
riga	what
rigel	what
rigger	what
right	what
rigil	what
rigor	what
rigour	what
rigout	what
rill	what
rim	what
rima	what
rime	what
rimu	what
rind	what
ringer	what
rings	what
rink	what
rio	what
rioja	what
riot	what
ripple	what
ripsaw	what
rira	what
risc	what
riser	what
rissa	what
rite	what
ritual	what
ritz	what
river	what
riyal	what
rna	what
rnase	what
ro	what
roach	what
road	what
roads	what
roadside	what
roadway	what
roaring	what
robalo	what
robbery	what
robe	what
robin	what
roble	what
robot	what
roc	what
roccus	what
rock	what
rocker	what
rocket	what
rocroi	what
rod	what
rodent	what
rodeo	what
roe	what
roi	what
role	what
roleplaying	what
roller	what
rom	what
roma	what
romance	what
romans	what
rome	what
romper	what
ron	what
rondel	what
rondo	what
roneo	what
rood	what
roof	what
rooftop	what
roofy	what
rook	what
room	what
rooms	what
rooster	what
root	what
rooting	what
roots	what
rope	what
rophy	what
roping	what
rosa	what
rosary	what
rose	what
rosette	what
rosin	what
roster	what
rostrum	what
rota	what
rotation	what
rotc	what
rote	what
rotl	what
rotor	what
rouge	what
roundup	what
route	what
router	what
routine	what
roux	what
row	what
rowan	what
rowel	what
rowing	what
royalty	what
rpm	what
rtlt	what
ru	what
rubber	what
rubble	what
rubel	what
rubia	what
ruble	what
rubor	what
rubric	what
rubus	what
ruby	what
ruck	what
ruckus	what
rudd	what
rudder	what
rudra	what
rue	what
ruf	what
ruff	what
rug	what
ruga	what
rugby	what
rugger	what
ruhr	what
rule	what
ruling	what
rumba	what
rumble	what
rumen	what
rumex	what
rummer	what
rumor	what
rump	what
rumpus	what
runch	what
rundle	what
rundown	what
rune	what
rung	what
running	what
runoff	what
runup	what
runway	what
rupee	what
rus	what
ruse	what
rushing	what
rusk	what
russet	what
russia	what
rustling	what
rut	what
ruta	what
ruth	what
rv	what
rya	what
rye	what
sa	what
saale	what
saame	what
saami	what
saba	what
sabah	what
sabal	what
saber	what
sabine	what
sable	what
sabot	what
sabotage	what
sabre	what
sac	what
sachet	what
sack	what
sacque	what
sacrum	what
saddle	what
saddlebag	what
sadhe	what
sadism	what
sadness	what
saek	what
safar	what
safari	what
safety	what
saga	what
sage	what
sago	what
saida	what
saiga	what
sailing	what
saint	what
saipan	what
sake	what
saki	what
sakti	what
salaah	what
salaat	what
salad	what
salade	what
salah	what
salai	what
salal	what
salary	what
salat	what
sale	what
salem	what
sales	what
saline	what
salish	what
saliva	what
salix	what
sallet	what
sally	what
salmi	what
salmo	what
salmon	what
salol	what
salon	what
saloon	what
salp	what
salpa	what
salsa	what
salt	what
saluki	what
salvation	what
salve	what
salver	what
salvo	what
salwar	what
salyut	what
sam	what
saman	what
samba	what
sambar	what
sambur	what
samekh	what
sameness	what
sami	what
samia	what
samite	what
samoa	what
sampan	what
sample	what
sampler	what
sampling	what
sana	what
sanaa	what
sanctity	what
sand	what
sandal	what
sander	what
sands	what
sandwich	what
sang	what
sango	what
sanies	what
sanity	what
saone	what
saran	what
sarape	what
sarcasm	what
sard	what
sarda	what
sardine	what
saree	what
sari	what
sarin	what
sarong	what
sars	what
sas	what
sash	what
sass	what
sassing	what
sat	what
satan	what
sateen	what
satellite	what
satin	what
satire	what
satisfaction	what
satori	what
saturday	what
saturn	what
satyr	what
sauce	what
saucer	what
sauna	what
saurel	what
sauria	what
saury	what
savannah	what
savin	what
saving	what
savings	what
savour	what
savoy	what
sawan	what
sawfly	what
sawm	what
sawyer	what
sax	what
saxe	what
sayda	what
sb	what
sba	what
sbe	what
sbw	what
sc	what
scad	what
scads	what
scaffold	what
scag	what
scald	what
scale	what
scaler	what
scalp	what
scam	what
scandal	what
scape	what
scar	what
scarab	what
scarer	what
scarf	what
scarp	what
scat	what
scathe	what
scaup	what
scd	what
scene	what
scenery	what
scent	what
scet	what
schema	what
scheme	what
scheol	what
schism	what
schlep	what
schnoz	what
scholarship	what
school	what
schrod	what
schtik	what
schwa	what
sciara	what
scid	what
science	what
scimitar	what
sclaff	what
sclera	what
sclk	what
scnt	what
scoffing	what
scoke	what
sconce	what
scone	what
scoop	what
scope	what
score	what
scores	what
scorn	what
scoter	what
scourge	what
scours	what
scow	what
scrag	what
scrap	what
scree	what
screed	what
screen	what
screw	what
scrim	what
scrip	what
script	what
scripture	what
scrod	what
scroll	what
scrubs	what
scruff	what
scrum	what
scrutiny	what
scsi	what
scuba	what
scuffle	what
scull	what
sculpture	what
scum	what
scup	what
scurf	what
scut	what
scute	what
scythe	what
sd	what
se	what
sea	what
seabag	what
seagull	what
seal	what
sealing	what
seam	what
search	what
season	what
seat	what
seats	what
seattle	what
seaway	what
seaweed	what
seb	what
sebe	what
sebs	what
sebum	what
sec	what
secrecy	what
sect	what
section	what
sector	what
security	what
sedan	what
seder	what
sedge	what
sediment	what
sedna	what
sedum	what
seed	what
seedbed	what
seeder	what
seesaw	what
segment	what
segno	what
segue	what
segway	what
seidel	what
seine	what
seism	what
seizure	what
selar	what
selection	what
selene	what
self	what
selling	what
selma	what
selsyn	what
selva	what
semen	what
semi	what
sen	what
senate	what
sender	what
sending	what
sendup	what
sene	what
senna	what
sennit	what
senor	what
senora	what
sens	what
sensation	what
sense	what
sensing	what
sensitivity	what
sensor	what
sente	what
sentence	what
sentiment	what
seoul	what
sep	what
sepal	what
sepia	what
sept	what
september	what
septum	what
sequel	what
sequence	what
sequin	what
serail	what
serape	what
serax	what
serenity	what
serer	what
serge	what
serger	what
series	what
serif	what
serin	what
seriph	what
sermon	what
serosa	what
serow	what
serpent	what
serratus	what
serum	what
serval	what
server	what
service	what
services	what
sess	what
session	what
sestet	what
seta	what
setback	what
seth	what
setoff	what
sett	what
settee	what
setter	what
setting	what
settlement	what
setup	what
sevens	what
severity	what
sewage	what
sewer	what
sewing	what
sex	what
sexism	what
sext	what
sextet	what
sfax	what
sg	what
sgml	what
shabu	what
shack	what
shackle	what
shad	what
shade	what
shades	what
shading	what
shadow	what
shaft	what
shag	what
shaker	what
shaking	what
shako	what
shale	what
sham	what
shame	what
shan	what
shang	what
shank	what
shanny	what
shanty	what
shape	what
shaper	what
shard	what
share	what
shari	what
shark	what
shaver	what
shaving	what
shawl	what
shawm	what
shay	what
sheaf	what
shear	what
shears	what
sheath	what
sheen	what
sheep	what
sheet	what
shelf	what
shell	what
shelter	what
shema	what
sherd	what
sherry	what
shf	what
shia	what
shiah	what
shielding	what
shiism	what
shiloh	what
shim	what
shin	what
shina	what
shiner	what
shinny	what
ship	what
shipment	what
shipping	what
shire	what
shirt	what
shisha	what
shit	what
shite	what
shiv	what
shiva	what
shlep	what
shlock	what
shoal	what
shoat	what
shock	what
shoe	what
shoes	what
shofar	what
shogi	what
shoji	what
shook	what
shooter	what
shooting	what
shop	what
shopping	what
shore	what
shortage	what
shorts	what
shot	what
shote	what
shotgun	what
shoulder	what
shovel	what
shower	what
showing	what
shrapnel	what
shred	what
shrew	what
shriek	what
shrift	what
shrike	what
shrimp	what
shrine	what
shrub	what
shtick	what
shtik	what
shtup	what
shua	what
shuck	what
shucks	what
shufti	what
shunt	what
shutdown	what
shutter	what
shwa	what
si	what
sial	what
sialia	what
sialis	what
siam	what
sian	what
siberia	what
sicily	what
sickle	what
sickness	what
sida	what
side	what
sidewalk	what
siding	what
sidon	what
sids	what
siege	what
sierra	what
siesta	what
sieve	what
sif	what
sifter	what
sigeh	what
sight	what
sights	what
sigint	what
sigma	what
sign	what
signal	what
signet	what
significance	what
sigyn	what
sika	what
sild	what
silence	what
silex	what
silhouette	what
silk	what
silks	what
sill	what
silo	what
silt	what
silva	what
silvia	what
sima	what
simal	what
similarity	what
simile	what
similitude	what
simony	what
simper	what
simplicity	what
sin	what
sinai	what
sind	what
sine	what
sinew	what
singing	what
sinker	what
sinning	what
sinus	what
sinusoid	what
sion	what
siphon	what
sirach	what
sirc	what
siren	what
siris	what
sirup	what
sisal	what
sise	what
siskin	what
sison	what
sissu	what
sita	what
sitar	what
site	what
sitka	what
sitta	what
sitter	what
situation	what
sium	what
siva	what
sivan	what
siwan	what
sixer	what
sixties	what
size	what
skag	what
skank	what
skate	what
skaw	what
skeet	what
skeg	what
skein	what
skep	what
sketch	what
skewer	what
ski	what
skibob	what
skiff	what
skiing	what
skill	what
skin	what
skink	what
skirl	what
skirmish	what
skirt	what
skit	what
skua	what
skuld	what
skull	what
sky	what
skybox	what
skylab	what
skylight	what
sl	what
slab	what
slacks	what
slag	what
slain	what
slang	what
slant	what
slask	what
slat	what
slater	what
slaughter	what
slavery	what
slavic	what
slaw	what
sle	what
sleaze	what
sled	what
sledge	what
sleet	what
sleeve	what
sleigh	what
slew	what
slews	what
slice	what
slicer	what
slick	what
slicker	what
slider	what
slight	what
slipper	what
slit	what
sloe	what
slogan	what
sloop	what
slope	what
slops	what
slot	what
sloth	what
slouch	what
slowing	what
slowness	what
sls	what
slub	what
sludge	what
sluice	what
slum	what
slur	what
slush	what
sm	what
smarm	what
smear	what
smegma	what
smelt	what
smew	what
smiler	what
smiley	what
smilo	what
smirch	what
smithy	what
smock	what
smog	what
smoke	what
smoker	what
smoking	what
smooch	what
smudge	what
smut	what
sn	what
snack	what
snail	what
snake	what
snare	what
sneaker	what
sneer	what
snick	what
snip	what
snipe	what
snips	what
snit	what
snivel	what
snoek	what
snood	what
snook	what
snoot	what
snooze	what
snoring	what
snot	what
snout	what
snow	what
snp	what
snuffer	what
soap	what
soave	what
socage	what
soccer	what
socialism	what
society	what
sock	what
socket	what
socle	what
sod	what
soda	what
soddy	what
sodium	what
sodom	what
sodomy	what
sofa	what
soffit	what
sofia	what
softness	what
soh	what
soho	what
soil	what
soja	what
sojourn	what
sol	what
solace	what
solan	what
sole	what
solea	what
soleus	what
solfa	what
solid	what
solidarity	what
solidity	what
solo	what
solution	what
som	what
soma	what
soman	what
somersault	what
somite	what
somme	what
sonar	what
sone	what
song	what
sonnet	what
sonora	what
soot	what
sooth	what
sop	what
sopor	what
sops	what
sorex	what
sorgo	what
sorrow	what
sort	what
sorter	what
sortie	what
sorus	what
sos	what
sou	what
souk	what
soul	what
soup	what
source	what
soutane	what
south	what
soviets	what
soy	what
soya	what
spa	what
space	what
spacing	what
spade	what
spain	what
spalax	what
spall	what
spam	what
spaniel	what
spanish	what
spank	what
spar	what
sparge	what
sparid	what
sparkle	what
sparrow	what
spasm	what
spat	what
spate	what
spatter	what
spawl	what
spawn	what
spec	what
species	what
specificity	what
specimen	what
speck	what
specs	what
spectacle	what
specter	what
spectrum	what
speech	what
speed	what
spell	what
spelling	what
spelt	what
sperm	what
spf	what
sphere	what
sphinx	what
spica	what
spice	what
spider	what
spiel	what
spiff	what
spigot	what
spike	what
spile	what
spine	what
spinet	what
spinus	what
spiral	what
spire	what
spirit	what
spirt	what
spite	what
spitz	what
splat	what
spleen	what
splendor	what
spliff	what
spline	what
splint	what
splinter	what
split	what
spode	what
spoke	what
spoof	what
spook	what
spool	what
spoon	what
spoor	what
spore	what
spork	what
sport	what
spot	what
spots	what
sprag	what
sprat	what
spray	what
spraying	what
spree	what
sprig	what
spring	what
sprit	what
sprue	what
spud	what
spume	what
spunk	what
spur	what
spurt	what
sputnik	what
sputum	what
spying	what
squad	what
squama	what
square	what
squib	what
squid	what
squirrel	what
ss	what
ssa	what
sse	what
sspe	what
ssri	what
sss	what
ssw	what
st	what
stability	what
stack	what
stacks	what
stadium	what
staff	what
stag	what
stage	what
staining	what
stair	what
staircase	what
stairs	what
stairway	what
stake	what
stall	what
stalls	what
stamen	what
stance	what
standby	what
standing	what
standpoint	what
stapes	what
staph	what
staple	what
star	what
starter	what
starting	what
startup	what
stash	what
state	what
statement	what
statin	what
station	what
statistic	what
stator	what
statue	what
stature	what
status	what
statute	what
stave	what
stayer	what
stays	what
std	what
stead	what
steak	what
stealth	what
steed	what
steel	what
steeple	what
stein	what
stela	what
stele	what
stem	what
stemma	what
stench	what
stent	what
step	what
steppe	what
steps	what
stereo	what
stereotype	what
sterna	what
sternum	what
steroid	what
stetson	what
stew	what
sth	what
stick	what
stigma	what
stile	what
stillness	what
stilt	what
stimulation	what
stimulus	what
sting	what
stint	what
stipe	what
stirk	what
stirrup	what
stitch	what
stm	what
stoat	what
stob	what
stock	what
stocking	what
stocks	what
stoep	what
stogie	what
stogy	what
stoicism	what
stoker	what
stole	what
stoma	what
stomach	what
stone	what
stool	what
stops	what
storage	what
store	what
storey	what
stork	what
storm	what
story	what
storyline	what
stoup	what
stove	what
stp	what
strad	what
strait	what
strake	what
strap	what
strategy	what
stratum	what
straw	what
stream	what
street	what
streetcar	what
strength	what
stress	what
stria	what
stride	what
strife	what
string	what
strip	what
stripe	what
striving	what
strix	what
strobe	what
stroll	what
stroma	what
structure	what
struggle	what
strut	what
stub	what
stucco	what
studio	what
study	what
stuff	what
stump	what
stunt	what
stupa	what
stupidity	what
stupor	what
sty	what
stye	what
style	what
stylet	what
stylus	what
stymie	what
stymy	what
styx	what
subject	what
submarine	what
subsection	what
subspace	what
substance	what
subsystem	what
suburb	what
subway	what
success	what
succor	what
succus	what
sucre	what
sudan	what
sudoku	what
sudor	what
sudra	what
suds	what
suede	what
suet	what
suez	what
suffering	what
suffix	what
sufism	what
sugar	what
suggestion	what
sugi	what
suicide	what
suidae	what
suit	what
suitcase	what
suite	what
sukur	what
sula	what
sulcus	what
sulfa	what
sulfur	what
sulk	what
sulky	what
sulpha	what
sum	what
sumac	what
sumer	what
summary	what
summer	what
sumo	what
sump	what
sun	what
sunday	what
sundial	what
sundown	what
sung	what
sunhat	what
sunlight	what
sunna	what
sunnah	what
sunni	what
sunray	what
sunshade	what
sunup	what
suomi	what
sup	what
superstition	what
supervision	what
supper	what
supremacy	what
sur	what
sura	what
surety	what
surf	what
surface	what
surnia	what
surplus	what
surrey	what
survival	what
surya	what
sus	what
susa	what
susah	what
sushi	what
suslik	what
suspense	what
suspension	what
suspicion	what
sutra	what
suttee	what
sutura	what
suture	what
suv	what
suva	what
svr	what
sw	what
swad	what
swag	what
swage	what
swale	what
swamp	what
swan	what
sward	what
swash	what
swat	what
swatch	what
swath	what
swbs	what
swbw	what
sweat	what
sweater	what
sweats	what
sweden	what
swig	what
swill	what
swine	what
swiss	what
swiz	what
swob	what
swop	what
sword	what
syllable	what
sylph	what
sylva	what
symbol	what
symmetry	what
sympathy	what
symphony	what
symptom	what
synod	what
synonym	what
syntax	what
synthesis	what
syph	what
syphon	what
syria	what
syrinx	what
syrup	what
system	what
ta	what
taal	what
tab	what
tabard	what
tabes	what
tabi	what
tabis	what
table	what
tableau	what
tablet	what
tabor	what
tabour	what
tabuk	what
tabun	what
tacca	what
tach	what
tacker	what
taco	what
tact	what
tactic	what
tactics	what
tad	what
tadpole	what
taegu	what
tael	what
taenia	what
taffy	what
tag	what
tagger	what
taguan	what
tagus	what
tahiti	what
taichi	what
taif	what
tail	what
tails	what
taint	what
taipan	what
taira	what
taiwan	what
tajik	what
taka	what
takahe	what
takeoff	what
takin	what
tala	what
talc	what
talcum	what
tale	what
talent	what
talkie	what
talks	what
tallis	what
tallow	what
tally	what
talmud	what
talon	what
talus	what
talwin	what
tam	what
tamias	what
tammy	what
tamp	what
tampa	what
tampax	what
tampon	what
tamus	what
tan	what
tanach	what
tanakh	what
tang	what
tanga	what
tangent	what
tangle	what
tango	what
tank	what
tanka	what
tanker	what
tannoy	what
tansy	what
tantra	what
tao	what
taoism	what
taos	what
tapa	what
tape	what
taping	what
tapir	what
tapis	what
tappa	what
tappet	what
tapping	what
taps	what
tar	what
tara	what
tarawa	what
tare	what
target	what
tariff	what
tarmac	what
tarn	what
taro	what
tarot	what
tarp	what
tarpan	what
tarpon	what
tarsus	what
tartan	what
tartu	what
task	what
tasse	what
tassel	what
tasset	what
tatar	what
tater	what
tatou	what
tatter	what
tattle	what
tattoo	what
tatu	what
tau	what
tauon	what
tautog	what
tavern	what
taw	what
tawse	what
tax	what
taxi	what
taxis	what
taxon	what
taxus	what
tay	what
tayra	what
tb	what
tbit	what
tc	what
tce	what
tchad	what
tcp	what
tdt	what
te	what
tea	what
teacart	what
teaching	what
teacup	what
teak	what
team	what
teapot	what
tears	what
teaser	what
teasing	what
teat	what
tebet	what
tech	what
technique	what
technology	what
teddy	what
tedium	what
tee	what
teens	what
teeoff	what
teepee	what
teeth	what
teff	what
teg	what
tegu	what
teiid	what
teju	what
telco	what
telegram	what
telegraph	what
telephone	what
television	what
telex	what
telfer	what
telint	what
telly	what
temerity	what
temper	what
temperature	what
temple	what
tempo	what
tempra	what
temptation	what
tenancy	what
tench	what
tendency	what
tending	what
tendon	what
tenement	what
tenet	what
tenge	what
tenia	what
tennis	what
tenon	what
tenor	what
tenpin	what
tenrec	what
tense	what
tension	what
tensor	what
tent	what
tenter	what
tenting	what
tenure	what
tepal	what
tepee	what
tepic	what
tera	what
teras	what
terce	what
tercel	what
teredo	what
teres	what
term	what
termes	what
terminal	what
terms	what
tern	what
terrace	what
terrain	what
terrier	what
territory	what
terror	what
terry	what
tertry	what
testa	what
tester	what
testicle	what
testimony	what
testing	what
testis	what
tet	what
teth	what
tethys	what
tetra	what
tetrao	what
tetri	what
tevet	what
texas	what
text	what
textile	what
texture	what
th	what
thanks	what
thatch	what
thb	what
thc	what
thd	what
thea	what
theater	what
theatre	what
thebe	what
theca	what
theft	what
theia	what
theism	what
theme	what
theology	what
theorem	what
theory	what
therapy	what
therm	what
thermocouple	what
thermometer	what
thesis	what
theta	what
thicket	what
thickness	what
thigh	what
thill	what
thing	what
things	what
thinking	what
thirst	what
thm	what
tho	what
thole	what
thong	what
thor	what
thorax	what
thorn	what
thoth	what
thou	what
thought	what
thousand	what
thread	what
threat	what
threshold	what
thrift	what
thrill	what
thrip	what
thrips	what
throat	what
throe	what
throne	what
throng	what
throttle	what
thrum	what
thrush	what
thruway	what
thud	what
thuggee	what
thuja	what
thule	what
thumb	what
thunder	what
thunk	what
thursday	what
thwack	what
thyme	what
thymus	what
thyroglobulin	what
thyroid	what
thyroxine	what
thz	what
ti	what
tia	what
tiara	what
tib	what
tiber	what
tibet	what
tibia	what
tibit	what
tibur	what
tic	what
tical	what
tick	what
ticker	what
ticket	what
tickle	what
tidbit	what
tide	what
tidings	what
tiepin	what
tier	what
tiff	what
tiger	what
tights	what
tiglon	what
tigon	what
tilde	what
tile	what
tilia	what
tiling	what
till	what
tiller	what
tilter	what
tilth	what
timber	what
timbre	what
time	what
timer	what
times	what
timing	what
timor	what
timucu	what
tin	what
tinca	what
tine	what
tinea	what
tineid	what
ting	what
tinge	what
tinsel	what
tint	what
tip	what
tipi	what
tipper	what
tippet	what
tipu	what
tire	what
tirol	what
tissue	what
tit	what
titan	what
titer	what
titfer	what
tithe	what
titi	what
title	what
titre	what
titty	what
titus	what
tiu	what
tiyin	what
tizzy	what
tko	what
tl	what
tlc	what
tm	what
tmv	what
tn	what
tnf	what
tnt	what
toad	what
toast	what
tobacco	what
tobit	what
toby	what
tocsin	what
toda	what
today	what
todd	what
toddy	what
todea	what
todus	what
tody	what
toe	what
toea	what
toecap	what
toffee	what
toffy	what
tofu	what
toga	what
toggle	what
togo	what
togs	what
toilet	what
tokay	what
toke	what
token	what
tokio	what
tokyo	what
tole	what
toll	what
tolu	what
tom	what
tomato	what
tomb	what
tomcat	what
tome	what
tomorrow	what
tomtit	what
ton	what
tone	what
toner	what
tonga	what
tongs	what
tongue	what
tonne	what
tons	what
tonsil	what
tonus	what
tool	what
toon	what
toona	what
toot	what
tooth	what
top	what
topaz	what
tope	what
topee	what
topi	what
topic	what
topos	what
topper	what
topv	what
toque	what
tor	what
torah	what
torch	what
tore	what
torpor	what
torr	what
torsk	what
torso	what
tort	what
torte	what
torus	what
tosh	what
tosk	what
tote	what
totem	what
toucan	what
touchdown	what
toupe	what
toupee	what
tour	what
tourer	what
tournament	what
tours	what
tow	what
towage	what
towboat	what
towel	what
tower	what
towhee	what
town	what
toxin	what
toy	what
toying	what
toyon	what
tpn	what
tracer	what
trachea	what
tracing	what
track	what
tract	what
tractor	what
trad	what
trade	what
trademark	what
trading	what
tradition	what
traffic	what
tragedy	what
tragus	what
train	what
training	what
trait	what
tram	what
trance	what
transducer	what
transfer	what
transit	what
transition	what
trap	what
trapa	what
trash	what
trave	what
trawl	what
tray	what
treason	what
treasure	what
treasury	what
treatment	what
treaty	what
tree	what
treetop	what
trek	what
trema	what
tremor	what
trench	what
trend	what
trent	what
trepan	what
tress	what
trestle	what
trews	what
trey	what
trf	what
trh	what
triad	what
triage	what
trial	what
tribe	what
tribute	what
trice	what
trick	what
tricot	what
trifle	what
triga	what
trigger	what
trigon	what
trike	what
trilby	what
trill	what
trimox	what
trine	what
tringa	what
trinket	what
trio	what
triode	what
triops	what
trip	what
tripe	what
triple	what
tripod	what
triton	what
triumph	what
trivet	what
trivia	what
trm	what
trna	what
trogon	what
troika	what
troll	what
troop	what
troops	what
trope	what
trophy	what
troth	what
trouble	what
trough	what
troupe	what
trouser	what
trout	what
trove	what
trowel	what
troy	what
truce	what
truck	what
trump	what
trumpet	what
trunk	what
trunks	what
truss	what
truth	what
tryout	what
tryst	what
tsa	what
tsetse	what
tsh	what
tsine	what
tss	what
tsuga	what
tsunami	what
tsuris	what
tt	what
tub	what
tuba	what
tube	what
tuber	what
tubing	what
tubule	what
tucker	what
tucket	what
tudor	what
tudung	what
tues	what
tuesday	what
tufa	what
tuff	what
tuffet	what
tuft	what
tuille	what
tuition	what
tulip	what
tulle	what
tulsa	what
tulu	what
tum	what
tumbler	what
tummy	what
tumor	what
tumour	what
tums	what
tumult	what
tun	what
tuna	what
tune	what
tuner	what
tung	what
tunga	what
tunic	what
tunica	what
tuning	what
tunis	what
tunnel	what
tunny	what
tup	what
tupaia	what
tupek	what
tupi	what
tupik	what
turaco	what
turban	what
turbine	what
turbot	what
turd	what
turdus	what
tureen	what
turf	what
turin	what
turkey	what
turki	what
turmoil	what
turner	what
turning	what
turnix	what
turnup	what
turp	what
turps	what
turret	what
turtle	what
tush	what
tusk	what
tusker	what
tussah	what
tusseh	what
tusser	what
tussle	what
tussur	what
tutu	what
tux	what
tuxedo	what
tv	what
twain	what
twang	what
twat	what
tweak	what
tweed	what
tweet	what
twenties	what
twig	what
twill	what
twinge	what
twins	what
twit	what
twofer	what
tx	what
tyche	what
tying	what
tyiyn	what
tyler	what
tympan	what
tyne	what
type	what
typha	what
typhus	what
typing	what
typo	what
tyr	what
tyranny	what
tyre	what
tyrol	what
tyrosine	what
tyrr	what
tyto	what
tzetze	what
uakari	what
ubykh	what
uca	what
uda	what
udder	what
ufa	what
ufo	what
ugli	what
ugric	what
uhf	what
uighur	what
uigur	what
uk	what
ukase	what
uke	what
ulama	what
ulcer	what
ulema	what
ulex	what
ull	what
ullr	what
ulmus	what
ulna	what
ulster	what
ultima	what
ulva	what
uma	what
umbel	what
umbo	what
umbra	what
umbrella	what
umlaut	what
umma	what
ummah	what
un	what
unai	what
unau	what
uncertainty	what
uncus	what
understanding	what
undies	what
undoing	what
unease	what
unguis	what
uniform	what
unio	what
union	what
unison	what
unit	what
united-states	what
unity	what
universe	what
university	what
unix	what
unq	what
unrest	what
untruth	what
upcast	what
upkeep	what
uppp	what
uproar	what
upshot	what
uptake	what
uptick	what
uptown	what
upturn	what
upupa	what
ur	what
urals	what
urate	what
urd	what
urdu	what
urea	what
ureter	what
urex	what
urga	what
urgency	what
urging	what
uria	what
urial	what
urinal	what
urine	what
url	what
urmia	what
urn	what
ursus	what
urth	what
urus	what
usa	what
usacil	what
usaf	what
usage	what
usance	what
usbeg	what
usbek	what
uscb	what
usda	what
use	what
usefulness	what
ushas	what
using	what
uskub	what
usmc	what
usn	what
usnea	what
usps	what
ussr	what
usss	what
usuli	what
usury	what
ut	what
uta	what
utah	what
utc	what
ute	what
utensil	what
uterus	what
utica	what
utility	what
utn	what
utopia	what
utu	what
utug	what
uub	what
uuh	what
uup	what
uuq	what
uut	what
uv	what
uvea	what
uvula	what
uygur	what
uzbak	what
uzbeg	what
uzbek	what
uzi	what
va	what
vac	what
vacancy	what
vacation	what
vaccine	what
vacuum	what
vaduz	what
vagina	what
vagus	what
vajra	what
vale	what
vali	what
validity	what
valise	what
valium	what
valley	what
valmy	what
valor	what
valour	what
valse	what
value	what
values	what
valve	what
vamp	what
van	what
vanda	what
vane	what
vanir	what
vanity	what
vapor	what
var	what
vara	what
varan	what
variation	what
variety	what
varix	what
varna	what
varus	what
vas	what
vase	what
vat	what
vatican	what
vault	what
vaunt	what
vayu	what
vcr	what
vd	what
vdu	what
veal	what
veau	what
vector	what
veda	what
vedism	what
veery	what
veg	what
vega	what
vegetable	what
vehicle	what
vein	what
vela	what
velban	what
velcro	what
veld	what
veldt	what
vellum	what
velocity	what
velour	what
velours	what
velum	what
velvet	what
vena	what
vending	what
vendue	what
veneer	what
vengeance	what
venice	what
venom	what
venter	what
venue	what
venula	what
venule	what
venus	what
veps	what
vepse	what
veranda	what
verb	what
verbena	what
verdict	what
verdin	what
verdun	what
verge	what
verity	what
vermin	what
vermis	what
vermont	what
verpa	what
verse	what
version	what
verso	what
verst	what
vertex	what
vertu	what
verve	what
vervet	what
vesica	what
vespa	what
vesper	what
vespid	what
vessel	what
vesta	what
vestige	what
vestry	what
vetch	what
veto	what
vfw	what
vhf	what
viagra	what
vial	what
viand	what
vibe	what
vibes	what
vibrio	what
vice	what
vichy	what
vicia	what
vicinity	what
victory	what
vicuna	what
vidar	what
video	what
vidua	what
vienna	what
vientiane	what
view	what
viewpoint	what
vigil	what
vigna	what
vigor	what
vigour	what
vila	what
villa	what
village	what
villus	what
vilna	what
vilno	what
vim	what
vinca	what
vindication	what
vine	what
vinery	what
vino	what
vinyl	what
viocin	what
viol	what
viola	what
violation	what
violence	what
violet	what
violin	what
vioxx	what
viper	what
vipera	what
vireo	what
virga	what
virginia	what
virgo	what
virion	what
viroid	what
virtu	what
virtue	what
virus	what
visa	what
visage	what
viscosity	what
viscus	what
vise	what
vision	what
visken	what
visor	what
vista	what
vitality	what
vitals	what
vitamin	what
vitis	what
viva	what
vixen	what
viyella	what
vizor	what
vizsla	what
vldl	what
vlf	what
vocabulary	what
vocation	what
vodka	what
vodoun	what
vogue	what
vogul	what
voice	what
voider	what
voile	what
volary	what
vole	what
volga	what
volley	what
volt	what
volta	what
voltage	what
volume	what
volva	what
volvox	what
vomer	what
voodoo	what
voting	what
vouge	what
vowel	what
vox	what
voyage	what
vroom	what
vt	what
vulpes	what
vultur	what
vulture	what
vulva	what
wa	what
wac	what
waco	what
waddle	what
wader	what
waders	what
wadi	what
wading	what
wads	what
wafer	what
waffle	what
wage	what
wager	what
wages	what
waggon	what
wagon	what
wagram	what
wahoo	what
wailing	what
wain	what
waist	what
waiver	what
wale	what
wales	what
walker	what
walkout	what
wall	what
wallet	what
walnut	what
walrus	what
waltz	what
wampum	what
wand	what
waning	what
wank	what
wapiti	what
war	what
wardrobe	what
ware	what
warehouse	what
warfare	what
warji	what
warmer	what
warmth	what
warning	what
warsaw	what
wart	what
washer	what
washing	what
washington	what
washup	what
wasp	what
watching	what
water	what
watercolor	what
waters	what
wats	what
watt	what
wattle	what
wave	what
wavelength	what
waw	what
wax	what
waxing	what
way	what
ways	what
wayside	what
wb	what
wbc	what
wbn	what
wbs	what
weakness	what
weal	what
weald	what
wealth	what
weaning	what
weapon	what
weasel	what
weather	what
weaver	what
web	what
webcam	what
wedding	what
wedge	what
wedgie	what
wednesday	what
weed	what
weeder	what
weeds	what
week	what
weekend	what
weekly	what
weevil	what
weft	what
wei	what
weight	what
weir	what
weka	what
welfare	what
welt	what
welter	what
wen	what
weser	what
west	what
wether	what
wetting	what
whaler	what
whang	what
wharf	what
wheal	what
wheat	what
wheel	what
whelk	what
whelp	what
wherry	what
whey	what
whidah	what
whiff	what
while	what
whim	what
whimsy	what
whin	what
whir	what
whirr	what
whiskey	what
whisky	what
whist	what
whit	what
whorl	what
why	what
whydah	what
wi	what
wicca	what
wick	what
wicker	what
wicket	what
widget	what
width	what
wiffle	what
wifi	what
wig	what
wigeon	what
wight	what
wigwam	what
wikiup	what
wildcat	what
wildlife	what
wile	what
willet	what
willingness	what
willow	what
wilno	what
wilton	what
wimble	what
wimp	what
wimple	what
wincey	what
winch	what
wind	what
winder	what
window	what
wine	what
winery	what
wing	what
wings	what
winker	what
winkle	what
winter	what
wiper	what
wire	what
wiring	what
wisdom	what
wisent	what
wisp	what
wit	what
withe	what
withy	what
wits	what
wlan	what
wmd	what
wmo	what
wnw	what
woad	what
wodan	what
woden	what
woe	what
wok	what
wold	what
wolf	what
wolof	what
womb	what
wombat	what
wont	what
wood	what
woods	what
woodwork	what
woof	what
woofer	what
wool	what
word	what
words	what
work	what
workbench	what
workout	what
works	what
workshop	what
world	what
worm	what
worship	what
worsted	what
wort	what
wotan	what
wound	what
wow	what
wpm	what
wrack	what
wraith	what
wrapper	what
wrasse	what
wrath	what
wreath	what
wren	what
wrick	what
wrinkle	what
wrist	what
writ	what
writing	what
wsw	what
wtc	what
wto	what
wtv	what
wu	what
wuhan	what
wv	what
www	what
wy	what
wye	what
wyoming	what
wyrd	what
xanax	what
xe	what
xenon	what
xerox	what
xhosa	what
xian	what
xmas	what
xt	what
xtc	what
xxy	what
xy	what
xylem	what
xylol	what
xyris	what
xyy	what
yacca	what
yacht	what
yack	what
yafo	what
yagi	what
yahi	what
yahoo	what
yahve	what
yahwe	what
yak	what
yakut	what
yale	what
yalta	what
yalu	what
yam	what
yama	what
yana	what
yanan	what
yang	what
yard	what
yardage	what
yarder	what
yarn	what
yaw	what
yawl	what
yaws	what
yay	what
yazoo	what
yb	what
ybit	what
year	what
yearning	what
years	what
yeast	what
yeddo	what
yedo	what
yemen	what
yen	what
yesterday	what
yeti	what
yew	what
yezo	what
yhvh	what
yhwh	what
yi	what
yib	what
yibit	what
yin	what
yip	what
yips	what
ylem	what
ymir	what
yodel	what
yodh	what
yoga	what
yoke	what
yokuts	what
yolk	what
yore	what
york	what
yowl	what
ypres	what
yquem	what
yr	what
yuan	what
yucca	what
yue	what
yukon	what
yule	what
yuma	what
yurt	what
zaar	what
zag	what
zaire	what
zakat	what
zama	what
zaman	what
zamia	what
zantac	what
zap	what
zapper	what
zapus	what
zarf	what
zaria	what
zarqa	what
zayin	what
zb	what
zbit	what
zdv	what
zea	what
zeal	what
zebra	what
zebu	what
zed	what
zee	what
zeidae	what
zen	what
zend	what
zenith	what
zep	what
zero	what
zest	what
zeta	what
zeus	what
zhou	what
zib	what
zibit	what
zig	what
zilch	what
zill	what
zimmer	what
zinc	what
zing	what
zion	what
zionism	what
zipper	what
zippo	what
zit	what
zither	what
ziti	what
zizz	what
zloty	what
zn	what
zocor	what
zodiac	what
zoloft	what
zomba	what
zombi	what
zona	what
zone	what
zoning	what
zonula	what
zonule	what
zoo	what
zooid	what
zori	what
zoril	what
zr	what
zu	what
zulu	what
zygoma	what
zygote	what
a-bit	how
a-little	how
aback	how
abaft	how
abeam	how
abed	how
ably	how
aboard	how
aborad	how
above	how
abroad	how
abruptly	how
absently	how
absolutely	how
accordingly	how
accurately	how
across	how
actively	how
actually	how
acutely	how
adequately	how
afar	how
affably	how
afield	how
afoot	how
afresh	how
aft	how
after	how
afterward	how
afterwards	how
again	how
agilely	how
ago	how
ahead	how
airily	how
alas	how
alee	how
alertly	how
alias	how
all-right	how
almost	how
aloft	how
alone	how
along	how
aloud	how
already	how
altogether	how
always	how
amain	how
amply	how
and-then	how
anew	how
angrily	how
annually	how
anxiously	how
any	how
anyhow	how
anymore	how
anyway	how
anywhere	how
apace	how
apart	how
apiece	how
apparently	how
appreciably	how
approximately	how
aptly	how
archly	how
aright	how
around	how
as-well	how
asap	how
asea	how
ashore	how
aside	how
assuredly	how
astern	how
astray	how
astride	how
at-all	how
at-last	how
at-least	how
at-once	how
atop	how
aurally	how
automatically	how
avidly	how
away	how
awfully	how
awhile	how
awkwardly	how
axially	how
back	how
backward	how
badly	how
baldly	how
barely	how
basely	how
basically	how
bc	how
bce	how
beautifully	how
before	how
behind	how
belike	how
below	how
beneath	how
besides	how
between	how
beyond	how
bitterly	how
blandly	how
bleakly	how
blindly	how
blithely	how
bodily	how
boldly	how
bravely	how
briefly	how
briskly	how
broadly	how
busily	how
cagily	how
calmly	how
carefully	how
cautiously	how
ce	how
centrally	how
certainly	how
cf	how
chiefly	how
cleanly	how
clearly	how
closely	how
closer	how
coldly	how
comfortably	how
commercially	how
commonly	how
comparatively	how
completely	how
consequently	how
considerably	how
consistently	how
continually	how
continuously	how
conversely	how
coolly	how
correctly	how
cosily	how
covertly	how
coyly	how
cozily	how
crazily	how
crudely	how
cruelly	how
curiously	how
currently	how
curtly	how
cutely	how
daftly	how
daily	how
damply	how
dandily	how
darkly	how
dearly	how
decidedly	how
deeply	how
definitely	how
deftly	how
deliberately	how
desperately	how
differently	how
dimly	how
directly	how
dismally	how
distinctly	how
divinely	how
dizzily	how
doggedly	how
doggo	how
dolce	how
doubly	how
doubtless	how
dourly	how
downright	how
downstairs	how
downward	how
downwind	how
drably	how
drearily	how
drily	how
drunkenly	how
dryly	how
dully	how
duly	how
dumbly	how
e'en	how
e'er	how
each	how
eagerly	how
earlier	how
easily	how
eerily	how
effectively	how
either	how
elsewhere	how
entirely	how
equally	how
ergo	how
erst	how
especially	how
essentially	how
etc	how
even	how
evenly	how
eventually	how
ever	how
everywhere	how
evidently	how
evilly	how
exactly	how
excitedly	how
exclusively	how
extremely	how
faintly	how
fairly	how
far	how
farther	how
faster	how
fatally	how
favorably	how
fearfully	how
feebly	how
fiercely	how
finally	how
financially	how
finely	how
firmly	how
fitly	how
flatly	how
focally	how
fondly	how
for-example	how
forever	how
formally	how
formerly	how
forrad	how
forth	how
forward	how
foully	how
foxily	how
frankly	how
frantically	how
freely	how
frequently	how
freshly	how
fully	how
furiously	how
further	how
furthermore	how
fussily	how
gaily	how
gamely	how
gayly	how
generally	how
gently	how
gladly	how
glibly	how
gloomily	how
glumly	how
gradually	how
grandly	how
gravely	how
grayly	how
greatly	how
greedily	how
greenly	how
greyly	how
grimly	how
grossly	how
halfway	how
haply	how
happily	how
hardly	how
harshly	how
hastily	how
hazily	how
headlong	how
heaps	how
heartily	how
heavily	how
helpfully	how
hence	how
here	how
hereafter	how
hereby	how
herein	how
hereof	how
hereto	how
heretofore	how
highly	how
historically	how
hither	how
hitherto	how
hoarsely	how
home	how
honestly	how
hopefully	how
horribly	how
hotly	how
however	how
hugely	how
humbly	how
ib	how
ibid	how
ibidem	how
icily	how
ideally	how
idly	how
ie	how
immediately	how
immensely	how
impatiently	how
in-fact	how
in-front	how
increasingly	how
incredibly	how
indeed	how
indirectly	how
individually	how
indoors	how
ineptly	how
inevitably	how
infra	how
initially	how
insanely	how
inside	how
insofar	how
instantly	how
instead	how
intensely	how
intently	how
invariably	how
inversely	how
inwardly	how
irritably	how
jointly	how
justly	how
keenly	how
kinda	how
lamely	how
largely	how
lastly	how
lately	how
later	how
lavishly	how
laxly	how
lazily	how
least	how
legally	how
less	how
lewdly	how
lief	how
lightly	how
likewise	how
limply	how
linearly	how
literally	how
locally	how
longer	how
loosely	how
loudly	how
luckily	how
lustily	how
madly	how
mainly	how
markedly	how
maybe	how
mayhap	how
meanly	how
meanwhile	how
meekly	how
mentally	how
merely	how
merrily	how
mildly	how
modestly	how
molto	how
morally	how
moreover	how
mostly	how
mutely	how
nakedly	how
namely	how
narrowly	how
naturally	how
nay	how
ne'er	how
nearer	how
nearly	how
neatly	how
necessarily	how
needs	how
nervously	how
never	how
nevertheless	how
newly	how
nicely	how
nigher	how
nimbly	how
no-doubt	how
no-longer	how
nobly	how
nohow	how
noisily	how
non	how
none	how
normally	how
northward	how
notably	how
now	how
nowhere	how
nowise	how
numbly	how
o'clock	how
o'er	how
obviously	how
occasionally	how
oddly	how
of-course	how
oft	how
often	how
ok	how
ominously	how
once	how
onward	how
openly	how
orad	how
orally	how
ordinarily	how
otherwise	how
outdoors	how
outright	how
outside	how
overboard	how
overly	how
overtly	how
painfully	how
palely	how
partially	how
particularly	how
partly	how
passim	how
patiently	how
peculiarly	how
perfectly	how
perhaps	how
personally	how
pertly	how
physically	how
piping	how
plainly	how
plop	how
plum	how
plumb	how
politely	how
poorly	how
positively	how
possibly	how
practically	how
precisely	how
preferably	how
presently	how
presumably	how
pretty	how
previously	how
primarily	how
primly	how
privately	how
prn	how
probably	how
profoundly	how
prominently	how
promptly	how
pronto	how
properly	how
proudly	how
publicly	how
punily	how
purely	how
quicker	how
quickly	how
quietly	how
quite	how
racily	how
radically	how
randomly	how
rapidly	how
rarely	how
rashly	how
rather	how
raving	how
readily	how
really	how
rearward	how
reasonably	how
recently	how
redly	how
reflexly	how
regardless	how
regularly	how
relatively	how
reluctantly	how
remarkably	how
repeatedly	how
respectively	how
richly	how
rightly	how
rigidly	how
ripely	how
roughly	how
roundly	how
rudely	how
ruefully	how
sadly	how
safely	how
sagely	how
sanely	how
savagely	how
scarce	how
scarcely	how
secondly	how
secretly	how
seemingly	how
seldom	how
separately	how
serenely	how
seriously	how
severely	how
sexually	how
sharply	how
shortly	how
shrilly	how
shyly	how
sic	how
sidewise	how
silently	how
similarly	how
simply	how
simultaneously	how
sincerely	how
singly	how
slightly	how
slimly	how
slower	how
slowly	how
slyly	how
smoothly	how
smugly	how
snugly	how
soberly	how
socially	how
softly	how
solely	how
solemnly	how
solidly	how
someday	how
somehow	how
sometime	how
sometimes	how
somewhat	how
somewhere	how
soon	how
sooner	how
sorely	how
sourly	how
southward	how
specially	how
specifically	how
speedily	how
squarely	how
stably	how
steadily	how
steeply	how
sternly	how
stiffly	how
still	how
stolidly	how
stonily	how
stoutly	how
straight	how
strictly	how
strongly	how
stubbornly	how
stupidly	how
substantially	how
subtly	how
successfully	how
such	how
suddenly	how
sufficiently	how
suitably	how
sulkily	how
sullenly	how
superbly	how
supposedly	how
supra	how
surely	how
sweetly	how
swiftly	how
tamely	how
tandem	how
tartly	how
tautly	how
temporarily	how
tenderly	how
tenfold	how
tensely	how
terribly	how
tersely	how
testily	how
thence	how
there	how
thereafter	how
thereby	how
therefore	how
therefrom	how
therein	how
thereof	how
thereon	how
thereto	how
thickly	how
thinly	how
thither	how
thoroughly	how
though	how
thoughtfully	how
thrice	how
through	how
thus	how
thusly	how
tidily	how
tightly	how
timidly	how
tiptoe	how
tiredly	how
together	how
tonight	how
too-much	how
totally	how
trimly	how
truly	how
twice	how
typically	how
ultimately	how
unanimously	how
unco	how
underfoot	how
undoubtedly	how
unduly	how
uneasily	how
unfortunately	how
uniformly	how
uniquely	how
universally	how
unusually	how
upstairs	how
upstate	how
upstream	how
upward	how
upwards	how
usually	how
utterly	how
vaguely	how
vainly	how
vastly	how
verily	how
vigorously	how
vilely	how
violently	how
virtually	how
visibly	how
visually	how
vitally	how
vividly	how
viz	how
wanly	how
warily	how
warmly	how
weakly	how
wearily	how
weirdly	how
well	how
westward	how
whence	how
wholly	how
widely	how
wildly	how
wisely	how
withal	how
within	how
wondrously	how
woodenly	how
wrongly	how
wryly	how
yea	how
yeah	how
yet	how
a-couple-of	adj
a-few	adj
abashed	adj
abasic	adj
abatic	adj
abdominal	adj
abiding	adj
abient	adj
abject	adj
abkhaz	adj
ablated	adj
ablaze	adj
able	adj
abloom	adj
abnaki	adj
aboral	adj
abrupt	adj
absent	adj
absolute	adj
absorbed	adj
abstract	adj
absurd	adj
abulic	adj
abused	adj
abuzz	adj
academic	adj
accepted	adj
accrued	adj
accurate	adj
accusing	adj
accustomed	adj
acerb	adj
acetic	adj
aching	adj
achy	adj
acidic	adj
acinar	adj
acinic	adj
acned	adj
acold	adj
acrid	adj
activated	adj
actual	adj
acuate	adj
acute	adj
adagio	adj
adamant	adj
adapted	adj
addled	adj
adept	adj
adequate	adj
adient	adj
adjacent	adj
adjusted	adj
administrative	adj
admirable	adj
adnate	adj
adonic	adj
adopted	adj
adored	adj
adrenal	adj
adrift	adj
adroit	adj
adust	adj
advanced	adj
adverse	adj
aecial	adj
aerated	adj
aerobic	adj
aery	adj
aesthetic	adj
afeard	adj
affected	adj
affine	adj
affixed	adj
afire	adj
aflame	adj
aflare	adj
afloat	adj
afoul	adj
afraid	adj
african	adj
agamic	adj
agape	adj
agaze	adj
aged	adj
ageing	adj
aggressive	adj
aghast	adj
agile	adj
aging	adj
agitated	adj
agleam	adj
aglow	adj
agnate	adj
agog	adj
agonal	adj
agone	adj
agreed	adj
agricultural	adj
aguish	adj
ahorse	adj
aided	adj
ailing	adj
aimless	adj
ain	adj
airborne	adj
aired	adj
airless	adj
airy	adj
ajar	adj
akimbo	adj
akin	adj
alar	adj
alary	adj
alate	adj
alated	adj
alexic	adj
algal	adj
algerian	adj
algid	adj
algoid	adj
alien	adj
alike	adj
alive	adj
alkaline	adj
all	adj
alleged	adj
allied	adj
allocable	adj
allowable	adj
aloof	adj
alpine	adj
altaic	adj
altered	adj
alternate	adj
alto	adj
alular	adj
alveolar	adj
alvine	adj
amazed	adj
amazing	adj
amber	adj
ambiguous	adj
ambitious	adj
ameban	adj
amebic	adj
amended	adj
american	adj
amiable	adj
aminic	adj
amino	adj
amiss	adj
ammino	adj
amnic	adj
amok	adj
amorous	adj
amorphous	adj
amort	adj
ample	adj
amuck	adj
amused	adj
anal	adj
analog	adj
analogous	adj
analytic	adj
anatomical	adj
ancestral	adj
ancient	adj
andean	adj
ane	adj
anemic	adj
angelic	adj
angled	adj
anglican	adj
angry	adj
angular	adj
anile	adj
animate	adj
animated	adj
annoyed	adj
annual	adj
anodal	adj
anodic	adj
anomic	adj
anon	adj
anonymous	adj
another	adj
anoxic	adj
anterior	adj
anti	adj
antic	adj
anticipated	adj
antique	adj
antithyroid	adj
antsy	adj
anuran	adj
anuric	adj
anxious	adj
aortal	adj
aortic	adj
apian	adj
apical	adj
apish	adj
apneic	adj
apodal	adj
apostolic	adj
appalling	adj
apparent	adj
appealing	adj
applicable	adj
appropriate	adj
approved	adj
apt	adj
aqueous	adj
arabic	adj
arable	adj
arbitrary	adj
arcane	adj
arced	adj
arched	adj
arching	adj
arco	adj
ardent	adj
arduous	adj
areal	adj
argent	adj
argive	adj
arid	adj
ariled	adj
ariose	adj
armed	adj
armored	adj
aroid	adj
aroused	adj
arranged	adj
arrant	adj
arterial	adj
arteriolar	adj
artful	adj
artificial	adj
artistic	adj
arty	adj
aryan	adj
asat	adj
ashamed	adj
ashen	adj
ashy	adj
asian	adj
askant	adj
askew	adj
aslant	adj
asleep	adj
aslope	adj
assured	adj
astir	adj
astonished	adj
astral	adj
astute	adj
ataxic	adj
athletic	adj
atilt	adj
atomic	adj
atonal	adj
atonic	adj
atoxic	adj
atrial	adj
atrip	adj
atrophic	adj
attired	adj
attractive	adj
auburn	adj
audible	adj
audile	adj
augean	adj
auld	adj
aural	adj
auric	adj
aurous	adj
austere	adj
authentic	adj
automatic	adj
autonomic	adj
available	adj
average	adj
averse	adj
avian	adj
avid	adj
avowed	adj
awaited	adj
awake	adj
awakened	adj
aware	adj
awash	adj
aweary	adj
awed	adj
aweigh	adj
awestruck	adj
awful	adj
awheel	adj
awing	adj
awkward	adj
awless	adj
awned	adj
awny	adj
awol	adj
awry	adj
axenic	adj
axial	adj
axile	adj
axonal	adj
azido	adj
azo	adj
azoic	adj
azonal	adj
azonic	adj
azotic	adj
azure	adj
azygos	adj
backed	adj
bacterial	adj
bad	adj
baggy	adj
bahai	adj
baked	adj
baking	adj
balanced	adj
bald	adj
balding	adj
baleful	adj
balking	adj
balky	adj
bally	adj
balmy	adj
baltic	adj
banal	adj
bandaged	adj
banded	adj
banned	adj
bantam	adj
bantu	adj
barbaric	adj
barbed	adj
bardic	adj
bare	adj
bared	adj
barefoot	adj
baric	adj
barky	adj
barmy	adj
baroque	adj
barred	adj
barren	adj
basal	adj
based	adj
bashful	adj
basic	adj
bated	adj
bats	adj
battered	adj
batty	adj
bawdy	adj
beaded	adj
beady	adj
beaked	adj
beaming	adj
beamy	adj
bearded	adj
beaten	adj
beautiful	adj
bedded	adj
bedfast	adj
bedrid	adj
beefy	adj
beery	adj
beige	adj
belated	adj
belgian	adj
beloved	adj
belted	adj
bended	adj
beneficial	adj
benign	adj
bereft	adj
best	adj
bestial	adj
better	adj
bewildered	adj
biased	adj
biaxal	adj
bibbed	adj
biblical	adj
bicorn	adj
biface	adj
bifid	adj
biform	adj
big	adj
bigger	adj
bilgy	adj
billed	adj
billion	adj
binary	adj
binate	adj
binomial	adj
biological	adj
bionic	adj
biotic	adj
biped	adj
birch	adj
birken	adj
bitchy	adj
biting	adj
bitter	adj
bittie	adj
bitty	adj
bizarre	adj
blabby	adj
black	adj
bladed	adj
blae	adj
blamed	adj
bland	adj
blank	adj
blase	adj
blatant	adj
blate	adj
blazing	adj
bleak	adj
blear	adj
bleary	adj
blebby	adj
blessed	adj
blest	adj
blind	adj
blinded	adj
blithe	adj
blocky	adj
blond	adj
bloody	adj
blotto	adj
blown	adj
blowsy	adj
blowy	adj
blowzy	adj
blue	adj
bluish	adj
blunt	adj
blurred	adj
blurry	adj
bodied	adj
boffo	adj
boggy	adj
bogus	adj
boiled	adj
bold	adj
bolshy	adj
boned	adj
boney	adj
bonnie	adj
bonny	adj
bony	adj
bonzer	adj
booked	adj
boon	adj
booted	adj
boozy	adj
boreal	adj
bored	adj
boric	adj
boring	adj
born	adj
bosky	adj
bosomy	adj
bossy	adj
botchy	adj
both	adj
bouncy	adj
bound	adj
bounded	adj
bovid	adj
bovine	adj
bowed	adj
bowery	adj
bowing	adj
bowleg	adj
boxed	adj
boxy	adj
boyish	adj
braced	adj
braggy	adj
brainy	adj
braky	adj
branded	adj
brash	adj
brassy	adj
bratty	adj
brave	adj
braw	adj
brawny	adj
brazen	adj
breathless	adj
breezy	adj
briary	adj
bridal	adj
brief	adj
briery	adj
bright	adj
brilliant	adj
brindle	adj
briny	adj
brisk	adj
british	adj
briton	adj
brittle	adj
broad	adj
broke	adj
broken	adj
bromic	adj
bronchial	adj
bronzed	adj
bronzy	adj
brooding	adj
broody	adj
brown	adj
brumal	adj
brunet	adj
brushed	adj
brushy	adj
brusk	adj
brut	adj
brutal	adj
bubbly	adj
buccal	adj
bucolic	adj
bugged	adj
built	adj
bulbar	adj
bulbed	adj
bulging	adj
bulgy	adj
bulky	adj
bully	adj
bumpy	adj
bunchy	adj
buoyant	adj
burbly	adj
buried	adj
burked	adj
burled	adj
burly	adj
burned	adj
burnt	adj
burred	adj
burry	adj
bursal	adj
bushed	adj
bushy	adj
busted	adj
bustling	adj
busty	adj
busy	adj
butch	adj
buxom	adj
buzzing	adj
bygone	adj
bypast	adj
cackly	adj
cadent	adj
caecal	adj
cagey	adj
cagy	adj
calced	adj
calcic	adj
calico	adj
callous	adj
callow	adj
calm	adj
campy	adj
canary	adj
candid	adj
canine	adj
canned	adj
canny	adj
canonist	adj
canted	adj
canty	adj
capable	adj
capped	adj
captive	adj
cardinal	adj
carefree	adj
careful	adj
careless	adj
caring	adj
carnal	adj
carpal	adj
carpeted	adj
carved	adj
carven	adj
cased	adj
cashed	adj
casual	adj
catchy	adj
catholic	adj
catty	adj
caudal	adj
causal	adj
cautious	adj
ccc	adj
cd	adj
cecal	adj
cedarn	adj
celestial	adj
celiac	adj
celtic	adj
centered	adj
central	adj
ceramic	adj
cereal	adj
cerebral	adj
ceric	adj
cerise	adj
cerous	adj
certain	adj
certified	adj
chafed	adj
chaffy	adj
chalky	adj
chancy	adj
changed	adj
changing	adj
chanted	adj
chaotic	adj
characteristic	adj
charged	adj
charming	adj
chary	adj
chaste	adj
chatty	adj
cheap	adj
cheeky	adj
cheerful	adj
cheery	adj
cheesy	adj
chemic	adj
chemical	adj
cherry	adj
cherty	adj
chesty	adj
chewy	adj
chian	adj
chic	adj
chichi	adj
chief	adj
childish	adj
chilling	adj
chilly	adj
chinese	adj
chinked	adj
chinless	adj
chipper	adj
chirpy	adj
chiseled	adj
choked	adj
choky	adj
choosy	adj
choppy	adj
choral	adj
choric	adj
christian	adj
chronic	adj
chubby	adj
chummy	adj
chunky	adj
ci	adj
cilial	adj
cinematic	adj
circular	adj
cissy	adj
citric	adj
civic	adj
civil	adj
civilian	adj
civilized	adj
cl	adj
clad	adj
clammy	adj
clanking	adj
classic	adj
classical	adj
classy	adj
clawed	adj
clayey	adj
clean	adj
clear	adj
cleared	adj
clerical	adj
clever	adj
clinched	adj
clinical	adj
clogged	adj
cloggy	adj
clonal	adj
clonic	adj
close	adj
closed	adj
closing	adj
clothed	adj
clotted	adj
clouded	adj
cloudy	adj
cloven	adj
cloze	adj
clubby	adj
clumsy	adj
clunky	adj
cluttered	adj
clv	adj
clx	adj
clxv	adj
clxx	adj
clxxv	adj
clxxx	adj
coarse	adj
coastal	adj
coated	adj
coaxal	adj
coaxial	adj
coaxing	adj
coccal	adj
cocky	adj
cod	adj
coeval	adj
cogent	adj
cogged	adj
cognate	adj
coherent	adj
cohesive	adj
coiled	adj
coital	adj
cold	adj
collective	adj
colonial	adj
colored	adj
colorful	adj
colossal	adj
colour	adj
comal	adj
comate	adj
combed	adj
comely	adj
comfortable	adj
comfy	adj
comic	adj
coming	adj
commercial	adj
committed	adj
common	adj
communal	adj
communist	adj
comose	adj
compact	adj
comparable	adj
compatible	adj
competent	adj
competitive	adj
complete	adj
completed	adj
complex	adj
complicated	adj
composed	adj
comprehensive	adj
compulsive	adj
concave	adj
concerned	adj
concise	adj
confident	adj
confused	adj
conic	adj
conjugal	adj
conjugated	adj
connected	adj
conscious	adj
consequent	adj
conservative	adj
considerable	adj
consistent	adj
constant	adj
contemporary	adj
contented	adj
continual	adj
continued	adj
continuing	adj
continuous	adj
contrary	adj
controlled	adj
convenient	adj
conventional	adj
convex	adj
convinced	adj
convincing	adj
cooked	adj
cool	adj
cooperative	adj
coptic	adj
corded	adj
cordial	adj
corked	adj
corky	adj
corned	adj
corny	adj
corporate	adj
corresponding	adj
corrupt	adj
cortical	adj
cosher	adj
cosmic	adj
costal	adj
costly	adj
cosy	adj
countless	adj
couth	adj
couthy	adj
covered	adj
covert	adj
cowardly	adj
cowled	adj
coy	adj
cozy	adj
crabby	adj
cracked	adj
crafty	adj
craggy	adj
crank	adj
cranky	adj
crappy	adj
crass	adj
craved	adj
craven	adj
crazed	adj
crazy	adj
creaky	adj
creamy	adj
creative	adj
credal	adj
creedal	adj
creepy	adj
creole	adj
crested	adj
crimson	adj
crisp	adj
crispy	adj
critical	adj
croaky	adj
crocked	adj
crooked	adj
crossed	adj
croupy	adj
crowded	adj
crowned	adj
crucial	adj
cruddy	adj
crude	adj
cruel	adj
crummy	adj
crural	adj
crushed	adj
crushing	adj
crusted	adj
crusty	adj
crying	adj
cryptic	adj
cuban	adj
cubic	adj
cubist	adj
cuboid	adj
cuddly	adj
cultural	adj
cultured	adj
cumulative	adj
cuneal	adj
cupric	adj
cured	adj
curious	adj
curled	adj
curly	adj
current	adj
cursed	adj
cursory	adj
curst	adj
curt	adj
curtal	adj
curved	adj
curvey	adj
curving	adj
curvy	adj
cushy	adj
cusped	adj
cussed	adj
customary	adj
cute	adj
cv	adj
cx	adj
cxl	adj
cxlv	adj
cxv	adj
cxx	adj
cxxv	adj
cxxx	adj
cxxxv	adj
cyan	adj
cyclic	adj
cylindrical	adj
cymose	adj
cynical	adj
cystic	adj
czech	adj
dabbled	adj
daedal	adj
daft	adj
dainty	adj
damask	adj
damn	adj
damned	adj
damp	adj
dandy	adj
dangerous	adj
danish	adj
dank	adj
dapper	adj
dappled	adj
daring	adj
dark	adj
darned	adj
dashed	adj
dashing	adj
dated	adj
dazed	adj
dazzling	adj
dead	adj
deadly	adj
deaf	adj
dear	adj
deathly	adj
debile	adj
deceased	adj
decent	adj
decisive	adj
dedicated	adj
deep	adj
defensive	adj
defiant	adj
defined	adj
definite	adj
deft	adj
degage	adj
deific	adj
deist	adj
delicate	adj
delighted	adj
delightful	adj
deluxe	adj
demanding	adj
democratic	adj
demode	adj
demure	adj
denary	adj
dense	adj
dental	adj
dented	adj
dependable	adj
dependent	adj
deranged	adj
derived	adj
dermal	adj
dermic	adj
desirable	adj
desired	adj
desolate	adj
desperate	adj
destructive	adj
detached	adj
detailed	adj
detectable	adj
detected	adj
determined	adj
deuced	adj
developed	adj
deviant	adj
devious	adj
devoid	adj
devoted	adj
devout	adj
dewy	adj
dexter	adj
dextrous	adj
diagonal	adj
diagonalizable	adj
diatomic	adj
diazo	adj
dicey	adj
dickey	adj
dicky	adj
dietary	adj
different	adj
difficult	adj
diffuse	adj
dim	adj
dimmed	adj
dingy	adj
dinky	adj
dipped	adj
dipylon	adj
dire	adj
direct	adj
directed	adj
dirty	adj
disabled	adj
disastrous	adj
discrete	adj
dished	adj
dishy	adj
dismal	adj
dispersed	adj
dissolved	adj
distal	adj
distant	adj
distinct	adj
distinctive	adj
distinguished	adj
disturbing	adj
divers	adj
diverse	adj
divided	adj
divine	adj
divisive	adj
dizzy	adj
doable	adj
docile	adj
dodgy	adj
dogged	adj
dogging	adj
doglike	adj
doleful	adj
domed	adj
domestic	adj
dominant	adj
done	adj
doomed	adj
doped	adj
dopey	adj
dopy	adj
dorian	adj
doric	adj
dormie	adj
dormy	adj
dorsal	adj
dosed	adj
doting	adj
dotted	adj
dotty	adj
doubtful	adj
doughy	adj
dour	adj
dovish	adj
dowdy	adj
downtown	adj
downy	adj
dozy	adj
drab	adj
drafty	adj
dramatic	adj
draped	adj
drastic	adj
drawn	adj
dreadful	adj
dreamed	adj
dreamy	adj
drear	adj
dreary	adj
dressed	adj
dressy	adj
dried	adj
drilled	adj
drippy	adj
driven	adj
driving	adj
droll	adj
droopy	adj
drowsy	adj
drugged	adj
drunk	adj
drunken	adj
dry	adj
dual	adj
dubious	adj
ducal	adj
dud	adj
due	adj
dulcet	adj
dull	adj
dulled	adj
dumb	adj
dummy	adj
dumpy	adj
dun	adj
duple	adj
duplex	adj
durable	adj
dural	adj
dusky	adj
dusty	adj
dutch	adj
dyadic	adj
dyed	adj
dying	adj
dynamic	adj
eager	adj
eared	adj
earliest	adj
early	adj
earned	adj
earnest	adj
earthy	adj
eased	adj
east	adj
eastern	adj
easy	adj
eatable	adj
ebon	adj
eccentric	adj
echoic	adj
echt	adj
eclectic	adj
economic	adj
economical	adj
ecstatic	adj
edged	adj
edgy	adj
edible	adj
edited	adj
educated	adj
educational	adj
eerie	adj
eery	adj
effective	adj
effete	adj
efficient	adj
eight	adj
eighteen	adj
eighteenth	adj
eighth	adj
eighty	adj
elaborate	adj
elapsed	adj
elastic	adj
elated	adj
elderly	adj
eldest	adj
elected	adj
electoral	adj
electric	adj
electrical	adj
electronic	adj
elegant	adj
eleven	adj
eleventh	adj
elfin	adj
elfish	adj
eligible	adj
eloquent	adj
elusive	adj
elvish	adj
emotional	adj
empirical	adj
empty	adj
enate	adj
enatic	adj
ended	adj
endless	adj
endowed	adj
enduring	adj
energetic	adj
engaged	adj
english	adj
engrossed	adj
enolic	adj
enormous	adj
enough	adj
enraged	adj
enthusiastic	adj
entire	adj
entitled	adj
enured	adj
envious	adj
eonian	adj
epical	adj
epidemic	adj
equal	adj
equine	adj
equipt	adj
equitable	adj
eroded	adj
erose	adj
erotic	adj
errant	adj
erratic	adj
erring	adj
ersatz	adj
erudite	adj
escaped	adj
essene	adj
essential	adj
established	adj
esthetic	adj
etched	adj
eternal	adj
ethereal	adj
ethical	adj
ethnic	adj
eugenic	adj
european	adj
evasive	adj
eventual	adj
every	adj
everyday	adj
evident	adj
evil	adj
evoked	adj
ex	adj
exact	adj
exalted	adj
excellent	adj
excess	adj
excessive	adj
excitatory	adj
excited	adj
exciting	adj
exclusive	adj
exempt	adj
exhausted	adj
exilic	adj
existing	adj
exotic	adj
expanded	adj
expectant	adj
expected	adj
expensive	adj
experienced	adj
experimental	adj
explicit	adj
explosive	adj
exposed	adj
expressed	adj
exquisite	adj
extant	adj
extended	adj
extensive	adj
exterior	adj
external	adj
extra	adj
extraordinary	adj
extreme	adj
exuberant	adj
exultant	adj
eyed	adj
eyelike	adj
fab	adj
fabian	adj
fabled	adj
faced	adj
facial	adj
facile	adj
factual	adj
faddy	adj
faded	adj
faecal	adj
fagged	adj
fain	adj
faint	adj
fair	adj
faithful	adj
fake	adj
fallen	adj
falling	adj
fallow	adj
false	adj
famed	adj
familiar	adj
famous	adj
fancy	adj
fanged	adj
fanned	adj
fantastic	adj
faraway	adj
fascinating	adj
fascist	adj
fast	adj
fat	adj
fatal	adj
fated	adj
fateful	adj
fatigued	adj
fatty	adj
faucal	adj
faulty	adj
faux	adj
favorable	adj
favored	adj
fazed	adj
fearful	adj
feasible	adj
featured	adj
fecal	adj
fecund	adj
federal	adj
feeble	adj
feisty	adj
feline	adj
felted	adj
feminine	adj
feral	adj
ferial	adj
ferine	adj
ferned	adj
ferny	adj
ferric	adj
fertile	adj
fervent	adj
fervid	adj
festal	adj
festive	adj
fetal	adj
fetid	adj
feudal	adj
feverish	adj
few	adj
fewer	adj
fewest	adj
fey	adj
fickle	adj
fictional	adj
fictive	adj
fierce	adj
fiery	adj
fifteen	adj
fifteenth	adj
fifth	adj
fifty	adj
fijian	adj
filar	adj
filial	adj
filled	adj
filmed	adj
filmy	adj
filthy	adj
final	adj
financial	adj
fine	adj
finer	adj
finicky	adj
finished	adj
finite	adj
fired	adj
first	adj
fiscal	adj
fishy	adj
fitful	adj
fitted	adj
fitter	adj
fitting	adj
five	adj
fixed	adj
fizzy	adj
flabby	adj
flakey	adj
flaky	adj
flashy	adj
flat	adj
flawed	adj
flawless	adj
flaxen	adj
flecked	adj
fleecy	adj
fleet	adj
fleshy	adj
flexible	adj
flimsy	adj
flinty	adj
floaty	adj
flooded	adj
floppy	adj
floral	adj
florid	adj
flossy	adj
floury	adj
fluent	adj
fluffy	adj
flukey	adj
fluky	adj
flushed	adj
flying	adj
foamy	adj
focal	adj
foetal	adj
foetid	adj
fogged	adj
foggy	adj
foiled	adj
folksy	adj
following	adj
fond	adj
fooling	adj
foolish	adj
footed	adj
foppish	adj
forbidden	adj
forced	adj
forceful	adj
fore	adj
foreign	adj
foremost	adj
forged	adj
forgotten	adj
forked	adj
formal	adj
formed	adj
former	adj
formic	adj
formidable	adj
fortunate	adj
forty	adj
fossil	adj
foul	adj
fouled	adj
four	adj
fourteen	adj
fourth	adj
foxy	adj
fragile	adj
fragmentary	adj
fragrant	adj
frail	adj
framed	adj
frank	adj
frantic	adj
frayed	adj
freaky	adj
free	adj
freehand	adj
french	adj
frequent	adj
fresh	adj
friable	adj
fried	adj
friendly	adj
frightening	adj
frightful	adj
frigid	adj
frilly	adj
fringed	adj
fringy	adj
frisky	adj
frivolous	adj
frizzy	adj
frontal	adj
frore	adj
frosty	adj
frothy	adj
frowsy	adj
frowzy	adj
frozen	adj
frugal	adj
fruity	adj
frumpy	adj
fueled	adj
fugal	adj
fuggy	adj
fugly	adj
fulgid	adj
full	adj
fumed	adj
fundamental	adj
funded	adj
fungal	adj
funky	adj
funny	adj
furious	adj
furled	adj
furred	adj
furry	adj
furtive	adj
fused	adj
fussy	adj
fusty	adj
futile	adj
fuzzed	adj
fuzzy	adj
gabby	adj
gabled	adj
gaelic	adj
gaga	adj
gainful	adj
gainly	adj
gallant	adj
galled	adj
gallic	adj
galling	adj
galore	adj
gamey	adj
gammy	adj
gamy	adj
gangly	adj
gaping	adj
garbed	adj
garbled	adj
garish	adj
gaseous	adj
gassy	adj
gauche	adj
gaudy	adj
gaunt	adj
gauzy	adj
gawky	adj
gay	adj
geared	adj
gelded	adj
gelid	adj
gemmed	adj
general	adj
generous	adj
genetic	adj
genial	adj
genic	adj
gentile	adj
gentle	adj
genuine	adj
geometric	adj
german	adj
germy	adj
ghastly	adj
ghostly	adj
gi	adj
giant	adj
giddy	adj
gifted	adj
gigantic	adj
gilded	adj
gilled	adj
gilt	adj
gimpy	adj
ginger	adj
girlish	adj
given	adj
glace	adj
glad	adj
glaring	adj
glary	adj
glassy	adj
glazed	adj
gleaming	adj
gleeful	adj
glial	adj
glib	adj
glinting	adj
glittering	adj
global	adj
gloomy	adj
glorious	adj
glossy	adj
gloved	adj
glowing	adj
glued	adj
gluey	adj
glum	adj
gnarly	adj
gnomic	adj
goaded	adj
goddam	adj
goddamn	adj
goddamned	adj
godless	adj
godlike	adj
godly	adj
going	adj
golden	adj
gone	adj
gonzo	adj
good	adj
goodly	adj
gooey	adj
goofy	adj
goosey	adj
goosy	adj
gory	adj
gothic	adj
gouty	adj
gowned	adj
grabby	adj
graceful	adj
graded	adj
gradual	adj
grainy	adj
grammatic	adj
grand	adj
granted	adj
granular	adj
grapey	adj
graphic	adj
grapy	adj
grassy	adj
grateful	adj
gratis	adj
graven	adj
gravid	adj
gray	adj
grazed	adj
greasy	adj
great	adj
greater	adj
grecian	adj
greedy	adj
greek	adj
green	adj
grey	adj
greyed	adj
grim	adj
grimy	adj
grisly	adj
gritty	adj
groggy	adj
groomed	adj
grooved	adj
groovy	adj
gross	adj
grotesque	adj
grotty	adj
grown	adj
grubby	adj
gruesome	adj
gruff	adj
grumpy	adj
grungy	adj
gu	adj
guided	adj
guilty	adj
gummed	adj
gummy	adj
gushy	adj
gusty	adj
gutsy	adj
gymnastic	adj
gyral	adj
hadal	adj
hadean	adj
haemal	adj
haemic	adj
haggard	adj
haired	adj
hairy	adj
halal	adj
hale	adj
hammy	adj
handed	adj
handled	adj
handmade	adj
handsome	adj
handy	adj
hapless	adj
happy	adj
haptic	adj
harassed	adj
hard	adj
hardy	adj
harsh	adj
hasty	adj
hated	adj
hateful	adj
hatless	adj
hatted	adj
haughty	adj
haunted	adj
haunting	adj
hazel	adj
hazy	adj
headed	adj
headless	adj
heady	adj
healed	adj
healing	adj
healthy	adj
heard	adj
hearty	adj
heated	adj
heavy	adj
hebephrenic	adj
hebraic	adj
hebrew	adj
hectic	adj
hedged	adj
heedless	adj
hefty	adj
hegelian	adj
held	adj
heliac	adj
hellenic	adj
helpful	adj
helpless	adj
hemal	adj
hemic	adj
hempen	adj
hep	adj
herbal	adj
heroic	adj
het	adj
hewn	adj
hexed	adj
hick	adj
hidden	adj
hideous	adj
hiemal	adj
high	adj
higher	adj
hilar	adj
hilly	adj
hind	adj
hindi	adj
hindoo	adj
hindu	adj
hipped	adj
hired	adj
hispid	adj
historical	adj
hitless	adj
hmong	adj
hoar	adj
hoarse	adj
hoary	adj
hogged	adj
hokey	adj
holey	adj
holy	adj
homely	adj
homeric	adj
homey	adj
homing	adj
homogeneous	adj
homozygous	adj
homy	adj
honest	adj
honied	adj
honored	adj
hoofed	adj
hooked	adj
hooved	adj
hopeful	adj
hopeless	adj
horary	adj
horizontal	adj
horned	adj
horny	adj
horrible	adj
horrid	adj
hostile	adj
hot	adj
hourly	adj
huddled	adj
huffy	adj
huge	adj
hulky	adj
human	adj
humane	adj
humble	adj
humic	adj
humid	adj
humorous	adj
humped	adj
hundred	adj
hungry	adj
hunted	adj
hurried	adj
hurrying	adj
hushed	adj
husky	adj
hyaline	adj
hybrid	adj
hydric	adj
hydrous	adj
hyoid	adj
hypothalamic	adj
iambic	adj
ic	adj
icky	adj
iconic	adj
ictal	adj
ictic	adj
icy	adj
ideal	adj
idealized	adj
identical	adj
idiotic	adj
idle	adj
idyllic	adj
iffy	adj
ignorant	adj
ii	adj
iii	adj
il	adj
iliac	adj
ill	adj
illegal	adj
illicit	adj
ilx	adj
ilxx	adj
ilxxx	adj
imaginary	adj
immature	adj
immediate	adj
immense	adj
immoral	adj
immortal	adj
immune	adj
impatient	adj
impending	adj
impersonal	adj
impious	adj
impish	adj
implicit	adj
implike	adj
important	adj
impossible	adj
impotent	adj
impressive	adj
improved	adj
impudent	adj
impure	adj
inactive	adj
inadequate	adj
inane	adj
inapt	adj
inboard	adj
inborn	adj
inbred	adj
incan	adj
incapable	adj
incisive	adj
inclined	adj
incomplete	adj
increased	adj
increasing	adj
incredible	adj
indecent	adj
indefinite	adj
independent	adj
indie	adj
indigo	adj
indirect	adj
indolent	adj
indoor	adj
induced	adj
industrial	adj
inept	adj
inert	adj
inevitable	adj
infamous	adj
infectious	adj
inferior	adj
infinite	adj
infirm	adj
influent	adj
informal	adj
informed	adj
infrared	adj
inherent	adj
inhuman	adj
inhumane	adj
initial	adj
injured	adj
inky	adj
inlaid	adj
inland	adj
inmost	adj
innate	adj
inner	adj
innocent	adj
inorganic	adj
insane	adj
inscribed	adj
insolent	adj
insoluble	adj
inst	adj
insured	adj
intact	adj
integral	adj
intended	adj
intense	adj
intent	adj
interested	adj
interesting	adj
interim	adj
interlobular	adj
intermediate	adj
internal	adj
international	adj
intimal	adj
intimate	adj
intricate	adj
inured	adj
invariant	adj
inverse	adj
invisible	adj
inviting	adj
involved	adj
inward	adj
iodinated	adj
ionian	adj
ionic	adj
ionized	adj
iraki	adj
iraqi	adj
irate	adj
ireful	adj
irenic	adj
iridic	adj
irish	adj
iritic	adj
irksome	adj
ironed	adj
ironic	adj
ironical	adj
irregular	adj
irrelevant	adj
isolated	adj
isotonic	adj
isotropic	adj
italian	adj
itchy	adj
iv	adj
ivied	adj
ix	adj
ixc	adj
ixl	adj
jaded	adj
jagged	adj
jaggy	adj
jailed	adj
jain	adj
jammed	adj
jangling	adj
jangly	adj
japanese	adj
jarring	adj
jaunty	adj
javan	adj
jawed	adj
jazzy	adj
jealous	adj
jejune	adj
jelled	adj
jerky	adj
jeweled	adj
jewish	adj
jihadi	adj
jilted	adj
jingly	adj
jinxed	adj
jocose	adj
jocular	adj
jocund	adj
joined	adj
joint	adj
joking	adj
jolly	adj
jolted	adj
jolty	adj
jovial	adj
jovian	adj
jowly	adj
joyful	adj
joyous	adj
jr	adj
jubilant	adj
judaic	adj
juicy	adj
julian	adj
jumbled	adj
jumbo	adj
jumpy	adj
jungian	adj
jungly	adj
junior	adj
jural	adj
jutting	adj
kaput	adj
katari	adj
kayoed	adj
keeled	adj
keen	adj
kempt	adj
kenyan	adj
kept	adj
keyed	adj
khaki	adj
kin	adj
kindled	adj
kindly	adj
kindred	adj
kinetic	adj
kingly	adj
kinky	adj
knobby	adj
knotted	adj
knotty	adj
knowing	adj
known	adj
ko'd	adj
kokka	adj
kookie	adj
kooky	adj
korean	adj
kosher	adj
labeled	adj
labial	adj
labile	adj
laced	adj
lacking	adj
lactic	adj
lacy	adj
laden	adj
ladened	adj
laic	adj
laid	adj
lame	adj
lanate	adj
landed	adj
languid	adj
lank	adj
lanky	adj
lao	adj
lapsed	adj
large	adj
larger	adj
largo	adj
larval	adj
lashing	adj
last	adj
lasting	adj
late	adj
lateen	adj
latent	adj
latest	adj
latino	adj
latish	adj
latter	adj
lavender	adj
lavish	adj
lawful	adj
lawless	adj
lax	adj
lazy	adj
leaded	adj
leaden	adj
leading	adj
leafed	adj
leafy	adj
leaky	adj
leal	adj
leaning	adj
learned	adj
leased	adj
leaved	adj
lee	adj
leering	adj
leery	adj
left	adj
legal	adj
legato	adj
legendary	adj
legged	adj
leggy	adj
legislative	adj
lemony	adj
lengthy	adj
lenten	adj
lentic	adj
lento	adj
lessened	adj
lesser	adj
lethal	adj
lewd	adj
lexical	adj
li	adj
liable	adj
libyan	adj
licensed	adj
licit	adj
licked	adj
lidded	adj
liege	adj
lienal	adj
lifeless	adj
lifelike	adj
lifted	adj
lighted	adj
lii	adj
liii	adj
liked	adj
likely	adj
limbed	adj
limber	adj
limbic	adj
limited	adj
limiting	adj
limp	adj
limpid	adj
lineal	adj
linear	adj
lined	adj
lingual	adj
linguistic	adj
linked	adj
lipped	adj
liquid	adj
lissom	adj
listed	adj
lit	adj
lite	adj
literal	adj
literary	adj
lithe	adj
lithic	adj
little	adj
liv	adj
livable	adj
lively	adj
livery	adj
livid	adj
loaded	adj
loamy	adj
loath	adj
lobar	adj
lobate	adj
lobed	adj
lobular	adj
local	adj
located	adj
loco	adj
lofty	adj
logical	adj
logy	adj
lone	adj
lonely	adj
long	adj
looking	adj
loony	adj
loopy	adj
loose	adj
looted	adj
lordly	adj
lossy	adj
lost	adj
loth	adj
lotic	adj
louche	adj
loud	adj
lousy	adj
loved	adj
lovely	adj
loving	adj
low	adj
lowered	adj
lowest	adj
lowly	adj
lowset	adj
loyal	adj
lucent	adj
lucid	adj
lucky	adj
lumbar	adj
luminous	adj
lumpen	adj
lumpish	adj
lumpy	adj
lunar	adj
lunate	adj
lunatic	adj
lupine	adj
lurid	adj
lush	adj
lusty	adj
luteal	adj
luxe	adj
luxurious	adj
lv	adj
lvi	adj
lvii	adj
lviii	adj
lx	adj
lxi	adj
lxii	adj
lxiii	adj
lxiv	adj
lxv	adj
lxvi	adj
lxvii	adj
lxviii	adj
lxx	adj
lxxi	adj
lxxii	adj
lxxiii	adj
lxxiv	adj
lxxv	adj
lxxvi	adj
lxxvii	adj
lxxx	adj
lxxxi	adj
lxxxii	adj
lxxxiv	adj
lxxxv	adj
lxxxvi	adj
lyrate	adj
lyrical	adj
macabre	adj
macho	adj
macro	adj
mad	adj
madcap	adj
maddened	adj
made	adj
magical	adj
magnetic	adj
magnificent	adj
magnified	adj
magyar	adj
mailed	adj
main	adj
major	adj
malay	adj
male	adj
malian	adj
malign	adj
malted	adj
mammoth	adj
mandatory	adj
manful	adj
mangey	adj
mangled	adj
mangy	adj
maniacal	adj
manic	adj
manky	adj
manly	adj
manned	adj
manque	adj
mantic	adj
manx	adj
many	adj
maoist	adj
marginal	adj
marian	adj
marine	adj
marital	adj
marked	adj
marketable	adj
marly	adj
maroc	adj
maroon	adj
marred	adj
married	adj
marshy	adj
martial	adj
martian	adj
marvelous	adj
marxist	adj
masked	adj
massive	adj
masted	adj
matched	adj
matching	adj
mated	adj
matey	adj
matt	adj
matte	adj
matted	adj
mauve	adj
maxi	adj
maximal	adj
maximum	adj
mazed	adj
mazy	adj
meager	adj
meagre	adj
mealy	adj
meaningful	adj
measly	adj
measurable	adj
meaty	adj
mechanical	adj
meddling	adj
medial	adj
median	adj
medical	adj
medieval	adj
medium	adj
meek	adj
mellow	adj
melodic	adj
melted	adj
melting	adj
memorable	adj
menial	adj
mensal	adj
mental	adj
merciless	adj
mere	adj
merged	adj
merry	adj
meshed	adj
mesial	adj
mesic	adj
messy	adj
metallic	adj
meteoritic	adj
metric	adj
metropolitan	adj
micro	adj
mid	adj
midget	adj
midi	adj
midway	adj
midwestern	adj
miffed	adj
mighty	adj
milch	adj
mild	adj
military	adj
milky	adj
milled	adj
million	adj
mimetic	adj
mimic	adj
mincing	adj
minded	adj
mindful	adj
mined	adj
mingy	adj
mini	adj
minimal	adj
minimum	adj
minoan	adj
minor	adj
minty	adj
minus	adj
miotic	adj
mired	adj
mirky	adj
miry	adj
miserable	adj
misleading	adj
misplaced	adj
missed	adj
missing	adj
mistaken	adj
misty	adj
misused	adj
mitral	adj
mixed	adj
moated	adj
mobile	adj
moblike	adj
mocking	adj
mod	adj
modal	adj
modeled	adj
moderate	adj
modern	adj
modest	adj
modish	adj
moist	adj
molal	adj
molar	adj
molded	adj
moldy	adj
molecular	adj
molten	adj
momentary	adj
monastic	adj
mongol	adj
monied	adj
monkish	adj
mono	adj
monotone	adj
monstrous	adj
moody	adj
moonlit	adj
moony	adj
moot	adj
moral	adj
morbid	adj
more	adj
mormon	adj
moroccan	adj
morose	adj
mortal	adj
moslem	adj
mossy	adj
most	adj
mothy	adj
motile	adj
motionless	adj
motivated	adj
motley	adj
mottled	adj
mouldy	adj
mounted	adj
mournful	adj
mousey	adj
mousy	adj
moved	adj
moving	adj
mown	adj
much	adj
mucky	adj
mucoid	adj
mucose	adj
mucous	adj
muddied	adj
muddy	adj
muffled	adj
muggy	adj
mulish	adj
multiple	adj
mum	adj
mundane	adj
municipal	adj
mural	adj
murine	adj
murky	adj
muscular	adj
mushy	adj
musical	adj
musky	adj
muslim	adj
mussy	adj
must	adj
musty	adj
mute	adj
muted	adj
mutual	adj
muzzy	adj
myelic	adj
myeloid	adj
myoid	adj
myopic	adj
myotic	adj
myriad	adj
mysterious	adj
mystic	adj
mythic	adj
mythological	adj
nagging	adj
naiant	adj
naif	adj
naive	adj
naked	adj
naming	adj
napped	adj
nappy	adj
narial	adj
narrow	adj
narrowed	adj
nary	adj
nasal	adj
nasty	adj
natal	adj
national	adj
native	adj
natty	adj
natural	adj
naval	adj
near	adj
nearby	adj
neat	adj
necessary	adj
necked	adj
nee	adj
needed	adj
needless	adj
needy	adj
negative	adj
negligible	adj
negroid	adj
neo	adj
nepali	adj
nervous	adj
nervy	adj
net	adj
nether	adj
netlike	adj
nett	adj
netted	adj
neural	adj
neurotic	adj
neutral	adj
new	adj
newborn	adj
newsy	adj
next	adj
nibbed	adj
nice	adj
nicene	adj
niffy	adj
nifty	adj
nigh	adj
nighted	adj
nilpotent	adj
nimble	adj
nine	adj
nineteen	adj
nineteenth	adj
ninety	adj
ninth	adj
nippy	adj
nisi	adj
nitid	adj
nitric	adj
noble	adj
nocent	adj
nodular	adj
noetic	adj
noisy	adj
nominal	adj
nonfat	adj
nonspecific	adj
nonverbal	adj
nordic	adj
normal	adj
norman	adj
norse	adj
northern	adj
nosed	adj
nosey	adj
nosy	adj
notable	adj
noted	adj
notorious	adj
nth	adj
nubbly	adj
nubby	adj
nubile	adj
nuclear	adj
nude	adj
null	adj
numb	adj
numbing	adj
numerical	adj
numerous	adj
nursed	adj
nuts	adj
nutty	adj
oafish	adj
oaken	adj
oaten	adj
obedient	adj
obese	adj
oblate	adj
oblique	adj
oblong	adj
obscene	adj
obscure	adj
observed	adj
obtuse	adj
obvious	adj
occasional	adj
occluded	adj
occult	adj
occupied	adj
ochre	adj
octal	adj
ocular	adj
odd	adj
oddish	adj
odious	adj
offbeat	adj
offish	adj
ohmic	adj
oiled	adj
oily	adj
okay	adj
old	adj
olden	adj
older	adj
oldish	adj
olive	adj
olympic	adj
omani	adj
ominous	adj
one	adj
onetime	adj
online	adj
onshore	adj
onside	adj
oozing	adj
oozy	adj
opaque	adj
opened	adj
opening	adj
operatic	adj
operational	adj
opposed	adj
opposing	adj
opposite	adj
optic	adj
optical	adj
optimal	adj
optimum	adj
opulent	adj
oral	adj
orange	adj
orbital	adj
ordered	adj
orderly	adj
ordinary	adj
organic	adj
organized	adj
oriental	adj
oriented	adj
original	adj
ornate	adj
ornery	adj
orphic	adj
orthodox	adj
oscine	adj
osseous	adj
osteal	adj
otc	adj
other	adj
otic	adj
otiose	adj
outdoor	adj
outer	adj
outgoing	adj
outre	adj
outstanding	adj
outward	adj
oval	adj
ovate	adj
overall	adj
overdone	adj
overhead	adj
overt	adj
overwhelming	adj
ovine	adj
ovoid	adj
ovular	adj
owing	adj
owlish	adj
own	adj
owned	adj
packed	adj
padded	adj
paid	adj
pained	adj
painful	adj
painted	adj
paired	adj
pale	adj
palish	adj
pallid	adj
pally	adj
palmar	adj
palmy	adj
paltry	adj
papal	adj
papery	adj
papist	adj
papuan	adj
parallel	adj
paramagnetic	adj
paramount	adj
paranoid	adj
parasympathetic	adj
parched	adj
pareve	adj
parisian	adj
parked	adj
parky	adj
parous	adj
parted	adj
partial	adj
particular	adj
parve	adj
passe	adj
passee	adj
passionate	adj
passive	adj
pasted	adj
pastel	adj
pasty	adj
patched	adj
patchy	adj
patriotic	adj
paved	adj
pawky	adj
payable	adj
paying	adj
peaceful	adj
peachy	adj
peaked	adj
peaky	adj
peanut	adj
pearly	adj
peaty	adj
pebbly	adj
pectic	adj
peculiar	adj
pedal	adj
pedate	adj
peeled	adj
peeved	adj
peevish	adj
pelvic	adj
penal	adj
pending	adj
penial	adj
penile	adj
pensive	adj
pent	adj
peopled	adj
peppy	adj
peptic	adj
perfect	adj
perilous	adj
periodic	adj
perky	adj
permanent	adj
permed	adj
persistent	adj
personal	adj
pert	adj
pertinent	adj
perverse	adj
pesky	adj
pestered	adj
petite	adj
petty	adj
philosophical	adj
phobic	adj
phonemic	adj
phonetic	adj
phoney	adj
phonic	adj
phonologic	adj
phony	adj
photic	adj
photographic	adj
physical	adj
physiological	adj
picky	adj
pictorial	adj
pied	adj
piggy	adj
pilar	adj
pilary	adj
pilose	adj
pilous	adj
pimply	adj
pinched	adj
pineal	adj
pink	adj
pious	adj
pissed	adj
pitched	adj
pitchy	adj
piteous	adj
pithy	adj
pitiful	adj
pitiless	adj
pitted	adj
placed	adj
placid	adj
plaguy	adj
plain	adj
planar	adj
planetary	adj
planned	adj
planted	adj
platonic	adj
played	adj
playful	adj
pleasant	adj
pleased	adj
pleasing	adj
pleural	adj
pliant	adj
plowed	adj
plucky	adj
plumed	adj
plummy	adj
plump	adj
plumy	adj
plural	adj
plus	adj
plush	adj
plushy	adj
pocked	adj
podgy	adj
poetic	adj
poignant	adj
pointed	adj
poised	adj
pokey	adj
poky	adj
polar	adj
polished	adj
polite	adj
politic	adj
political	adj
pomaded	adj
pompous	adj
poor	adj
popish	adj
popular	adj
populous	adj
porose	adj
porous	adj
portable	adj
portly	adj
posed	adj
posh	adj
positive	adj
possible	adj
postal	adj
posted	adj
posterior	adj
postwar	adj
potent	adj
potted	adj
potty	adj
powdered	adj
powdery	adj
powerful	adj
practical	adj
precarious	adj
precast	adj
preceding	adj
precious	adj
precise	adj
predictable	adj
prefab	adj
pregnant	adj
preliminary	adj
premium	adj
prepared	adj
present	adj
preset	adj
presidential	adj
pressing	adj
presto	adj
previous	adj
prewar	adj
priceless	adj
pricey	adj
prickly	adj
pricy	adj
prim	adj
prima	adj
primal	adj
primary	adj
prime	adj
primed	adj
primeval	adj
primitive	adj
primo	adj
principal	adj
prior	adj
prissy	adj
private	adj
privileged	adj
pro	adj
probable	adj
procedural	adj
prodigious	adj
productive	adj
profane	adj
professional	adj
profitable	adj
profound	adj
profuse	adj
prolix	adj
prolonged	adj
prominent	adj
promising	adj
prone	adj
prongy	adj
pronounced	adj
proper	adj
prophetic	adj
proportional	adj
prospective	adj
prosy	adj
protective	adj
protestant	adj
proto	adj
proud	adj
proved	adj
proven	adj
prox	adj
proximal	adj
prying	adj
pseudo	adj
psychical	adj
pubescent	adj
pubic	adj
public	adj
published	adj
pucka	adj
puckish	adj
pudgy	adj
puffed	adj
puffy	adj
pukka	adj
pulmonary	adj
pulpy	adj
pumped	adj
punic	adj
puny	adj
pupal	adj
pure	adj
purple	adj
pursuant	adj
pursued	adj
pursuing	adj
pursy	adj
pushy	adj
putrid	adj
puzzled	adj
puzzling	adj
pyemic	adj
pyknic	adj
pyknotic	adj
qatari	adj
quaggy	adj
quaint	adj
qualitative	adj
quasi	adj
quavering	adj
queasy	adj
queer	adj
quick	adj
quiet	adj
quilted	adj
quirky	adj
quits	adj
quixotic	adj
rabid	adj
racial	adj
racy	adj
radial	adj
radiant	adj
radical	adj
ragged	adj
raging	adj
rainy	adj
raised	adj
raising	adj
rakish	adj
ramate	adj
ramose	adj
ramous	adj
rampant	adj
rancid	adj
random	adj
randy	adj
ranging	adj
rangy	adj
ranked	adj
raped	adj
rapid	adj
rapt	adj
rare	adj
raring	adj
rash	adj
rasping	adj
raspy	adj
ratable	adj
rational	adj
ratty	adj
raucous	adj
raw	adj
razed	adj
ready	adj
real	adj
realistic	adj
reasonable	adj
reborn	adj
recent	adj
reciprocal	adj
reckless	adj
recorded	adj
rectal	adj
red	adj
reduced	adj
redux	adj
reedy	adj
reefy	adj
reeking	adj
refined	adj
refreshed	adj
regal	adj
regent	adj
regimental	adj
regional	adj
regular	adj
related	adj
relative	adj
relaxed	adj
relevant	adj
reliable	adj
relieved	adj
religious	adj
reluctant	adj
remaining	adj
remarkable	adj
remiss	adj
remote	adj
renal	adj
rending	adj
renewed	adj
rental	adj
repand	adj
repeated	adj
reported	adj
reputable	adj
required	adj
resentful	adj
residential	adj
resiny	adj
resolved	adj
resonant	adj
respectable	adj
respective	adj
respiratory	adj
responsible	adj
rested	adj
restive	adj
restless	adj
resultant	adj
retinal	adj
retired	adj
retral	adj
retro	adj
revered	adj
revised	adj
revolutionary	adj
rheumy	adj
rhinal	adj
rhymed	adj
rhythmic	adj
riant	adj
ribald	adj
ribbed	adj
rich	adj
rickety	adj
riddled	adj
ridged	adj
ridiculous	adj
rife	adj
rifled	adj
rigged	adj
rigid	adj
riled	adj
rimed	adj
riming	adj
rimless	adj
rimmed	adj
rimose	adj
rimy	adj
ringed	adj
riotous	adj
ripe	adj
ripping	adj
risen	adj
rising	adj
risky	adj
risque	adj
rit	adj
ritzy	adj
roan	adj
roasted	adj
robed	adj
robust	adj
rocklike	adj
rocky	adj
rococo	adj
roiled	adj
roiling	adj
roily	adj
rolled	adj
rolling	adj
romaic	adj
romani	adj
romantic	adj
romany	adj
romish	adj
roofed	adj
roomy	adj
rooted	adj
ropey	adj
ropy	adj
rosy	adj
rotary	adj
rotated	adj
rotted	adj
rotten	adj
rotund	adj
rouged	adj
rough	adj
round	adj
rounded	adj
rousing	adj
roving	adj
rowdy	adj
royal	adj
rubbery	adj
ruddy	adj
rude	adj
rueful	adj
ruffled	adj
rugged	adj
rugose	adj
ruined	adj
ruinous	adj
ruled	adj
ruly	adj
rum	adj
rummy	adj
runaway	adj
runic	adj
runny	adj
runty	adj
rural	adj
rushed	adj
rushy	adj
russian	adj
rusted	adj
rustic	adj
rusty	adj
rutted	adj
rutty	adj
sacked	adj
sacral	adj
sacred	adj
sad	adj
safe	adj
sagging	adj
said	adj
salable	adj
salient	adj
sallow	adj
salted	adj
salty	adj
same	adj
samoan	adj
sandy	adj
sane	adj
sapid	adj
sappy	adj
sarcastic	adj
sassy	adj
satanic	adj
satiny	adj
satiric	adj
satisfactory	adj
satisfied	adj
saucy	adj
saudi	adj
savage	adj
saved	adj
savory	adj
saxon	adj
scabby	adj
scalar	adj
scaled	adj
scaley	adj
scalic	adj
scaly	adj
scant	adj
scanty	adj
scared	adj
scarey	adj
scarred	adj
scary	adj
scattered	adj
scatty	adj
scenic	adj
scented	adj
schematic	adj
scientific	adj
scopal	adj
scornful	adj
scotch	adj
scots	adj
scoured	adj
scrawny	adj
screwy	adj
scrimy	adj
scummy	adj
scurfy	adj
scurvy	adj
sealed	adj
seamed	adj
seamy	adj
seared	adj
seasonal	adj
seated	adj
second	adj
secondary	adj
secret	adj
sedate	adj
sedgy	adj
seeded	adj
seedy	adj
seeing	adj
seeming	adj
seemly	adj
seeping	adj
seismic	adj
selected	adj
selective	adj
selfish	adj
seljuk	adj
semantic	adj
semite	adj
senile	adj
senior	adj
sensed	adj
sensible	adj
sensitive	adj
sensory	adj
sensual	adj
sent	adj
separate	adj
separated	adj
septal	adj
septic	adj
sere	adj
serene	adj
serial	adj
serious	adj
serous	adj
servo	adj
setose	adj
settled	adj
seven	adj
seventeen	adj
seventh	adj
seventy	adj
several	adj
severe	adj
sewed	adj
sewn	adj
sexed	adj
sexist	adj
sexual	adj
sexy	adj
shabby	adj
shackled	adj
shaded	adj
shadowy	adj
shady	adj
shaggy	adj
shaken	adj
shaky	adj
shallow	adj
shamed	adj
shameful	adj
shaped	adj
shapeless	adj
shapely	adj
shared	adj
sharp	adj
shaved	adj
shaven	adj
sheeny	adj
sheer	adj
shelfy	adj
shelvy	adj
shielded	adj
shifting	adj
shifty	adj
shining	adj
shinto	adj
shiny	adj
shirty	adj
shitty	adj
shivery	adj
shoaly	adj
shod	adj
shoddy	adj
shoed	adj
shona	adj
shorn	adj
short	adj
showy	adj
shrewd	adj
shrill	adj
shuha	adj
sicilian	adj
sick	adj
sickish	adj
sickly	adj
sidelong	adj
signed	adj
significant	adj
sikh	adj
silent	adj
silken	adj
silky	adj
silly	adj
silty	adj
silvan	adj
silver	adj
silvery	adj
simian	adj
similar	adj
simple	adj
simplex	adj
simulated	adj
sincere	adj
sinewy	adj
sinful	adj
single	adj
singular	adj
sinister	adj
sinuous	adj
siouan	adj
sissy	adj
sitting	adj
situated	adj
six	adj
sixteen	adj
sixth	adj
sixty	adj
sizable	adj
sized	adj
sizzling	adj
skanky	adj
skeletal	adj
skeptical	adj
skew	adj
skewed	adj
skilled	adj
skillful	adj
skimpy	adj
skinny	adj
skint	adj
slack	adj
slaked	adj
slangy	adj
slanted	adj
slanting	adj
slashed	adj
slatey	adj
slaty	adj
slav	adj
sleazy	adj
sleek	adj
sleepy	adj
sleety	adj
slender	adj
sliced	adj
sliding	adj
slim	adj
slimed	adj
slimy	adj
slippery	adj
slippy	adj
slivery	adj
sloped	adj
sloping	adj
sloppy	adj
slovenly	adj
slow	adj
sluggish	adj
slummy	adj
slurred	adj
slushy	adj
sly	adj
small	adj
smaller	adj
smarmy	adj
smart	adj
smelly	adj
smiling	adj
smitten	adj
smoggy	adj
smoked	adj
smoky	adj
smooth	adj
smudgy	adj
smug	adj
smutty	adj
snafu	adj
snaky	adj
snappy	adj
snarly	adj
snazzy	adj
sneaky	adj
sneezy	adj
snide	adj
sniffy	adj
snobby	adj
snoopy	adj
snooty	adj
snorty	adj
snotty	adj
snowy	adj
snuff	adj
snug	adj
soaked	adj
soapy	adj
soaring	adj
sober	adj
social	adj
sodden	adj
soft	adj
soggy	adj
soigne	adj
soiled	adj
solar	adj
sold	adj
soled	adj
solemn	adj
solitary	adj
soluble	adj
solved	adj
somali	adj
somatic	adj
somber	adj
sombre	adj
some	adj
sonant	adj
sonic	adj
sonsie	adj
sonsy	adj
sooty	adj
sophisticated	adj
soppy	adj
sorbed	adj
sordid	adj
sore	adj
sorrel	adj
sorry	adj
sorted	adj
sotho	adj
sought	adj
sounding	adj
soupy	adj
soured	adj
soused	adj
southern	adj
soviet	adj
sown	adj
spaced	adj
spacey	adj
spacious	adj
spacy	adj
sparse	adj
spatial	adj
spayed	adj
special	adj
specialized	adj
specific	adj
specified	adj
spectral	adj
speedy	adj
spent	adj
spherical	adj
spic	adj
spick	adj
spicy	adj
spidery	adj
spiffy	adj
spiked	adj
spiky	adj
spinal	adj
spiny	adj
spirited	adj
spiritual	adj
splay	adj
splendid	adj
spoiled	adj
spoilt	adj
spoken	adj
spongy	adj
spontaneous	adj
spooky	adj
sporadic	adj
sporting	adj
sporty	adj
spotless	adj
spotty	adj
spruce	adj
spry	adj
spumy	adj
spunky	adj
squab	adj
squared	adj
squeaky	adj
sr	adj
stable	adj
stacked	adj
staged	adj
stagey	adj
stagy	adj
staid	adj
stained	adj
stale	adj
stalked	adj
standard	adj
stark	adj
starry	adj
startled	adj
startling	adj
starved	adj
stated	adj
stately	adj
static	adj
statistical	adj
statutory	adj
staunch	adj
steady	adj
steamed	adj
steamy	adj
steely	adj
steep	adj
stellar	adj
stemmed	adj
stepwise	adj
stereotyped	adj
stern	adj
sternal	adj
stewed	adj
sticking	adj
sticky	adj
stiff	adj
stilly	adj
stilted	adj
stingy	adj
stinky	adj
stocky	adj
stodgy	adj
stoic	adj
stoical	adj
stolid	adj
stoned	adj
stony	adj
stooped	adj
storied	adj
stormy	adj
stout	adj
strained	adj
strange	adj
strategic	adj
stray	adj
streaked	adj
strep	adj
stretched	adj
stricken	adj
strict	adj
striking	adj
stringy	adj
striped	adj
stripy	adj
strong	adj
struck	adj
structural	adj
structured	adj
strung	adj
stubborn	adj
stubby	adj
stuck	adj
studded	adj
stuffed	adj
stuffy	adj
stumpy	adj
stung	adj
stunned	adj
stupid	adj
sturdy	adj
suave	adj
subdued	adj
subjective	adj
sublime	adj
submissive	adj
subsequent	adj
substantial	adj
subtle	adj
suburban	adj
successful	adj
successive	adj
sudden	adj
sudsy	adj
suety	adj
sufficient	adj
sufi	adj
sugary	adj
suitable	adj
suited	adj
sullen	adj
sultry	adj
sundry	adj
sunk	adj
sunken	adj
sunlit	adj
sunny	adj
sunset	adj
super	adj
superb	adj
superior	adj
supine	adj
supple	adj
supportive	adj
supposed	adj
supreme	adj
surd	adj
sure	adj
surging	adj
surly	adj
surprised	adj
surprising	adj
surrounding	adj
suspended	adj
svelte	adj
swampy	adj
swank	adj
swanky	adj
swart	adj
swarthy	adj
swazi	adj
swedish	adj
sweeping	adj
sweet	adj
swelled	adj
swept	adj
swift	adj
swingy	adj
swishy	adj
sworn	adj
sylvan	adj
symbolic	adj
symmetric	adj
sympathetic	adj
symphonic	adj
synthetic	adj
syrian	adj
syrupy	adj
tabby	adj
taboo	adj
tabu	adj
tacit	adj
tacky	adj
tactile	adj
tactual	adj
tagged	adj
tai	adj
tailed	adj
tailored	adj
taken	adj
taking	adj
talky	adj
tall	adj
tame	adj
tamed	adj
tamil	adj
tangled	adj
tangy	adj
tanned	adj
tannic	adj
taoist	adj
taped	adj
tapped	adj
tardy	adj
tarsal	adj
tart	adj
tasty	adj
tattered	adj
tatty	adj
taupe	adj
taut	adj
tawdry	adj
tawny	adj
taxable	adj
taxing	adj
teal	adj
teary	adj
teased	adj
technical	adj
techy	adj
tedious	adj
teen	adj
teenage	adj
teensy	adj
teeny	adj
telling	adj
temporal	adj
temporary	adj
ten	adj
tenable	adj
tender	adj
tensed	adj
tentative	adj
tenth	adj
tepid	adj
terete	adj
terrible	adj
terrific	adj
terse	adj
tested	adj
testy	adj
tetchy	adj
thai	adj
thawed	adj
theban	adj
theist	adj
thenal	adj
thenar	adj
theological	adj
theoretical	adj
therapeutic	adj
thermal	adj
thick	adj
thieving	adj
thin	adj
third	adj
thirsty	adj
thirteen	adj
thirty	adj
thorny	adj
thorough	adj
three	adj
thrifty	adj
thriving	adj
thrown	adj
tibetan	adj
tibial	adj
tidal	adj
tiddly	adj
tidy	adj
tied	adj
tiered	adj
tight	adj
tiled	adj
tilled	adj
tilted	adj
timed	adj
timely	adj
timid	adj
tined	adj
tingling	adj
tinkly	adj
tinned	adj
tinny	adj
tinpot	adj
tiny	adj
tipped	adj
tippy	adj
tipsy	adj
tiptop	adj
tired	adj
tiring	adj
titanic	adj
titled	adj
tod	adj
toed	adj
togged	adj
toiling	adj
tolerant	adj
tonal	adj
toned	adj
tongan	adj
tongued	adj
tonic	adj
toothy	adj
topical	adj
topped	adj
tops	adj
torn	adj
torpid	adj
torrid	adj
tortuous	adj
total	adj
totemic	adj
tottering	adj
touching	adj
touchy	adj
tough	adj
tousled	adj
toxic	adj
traditional	adj
tragic	adj
trained	adj
transparent	adj
transverse	adj
trapped	adj
trashy	adj
treated	adj
treble	adj
treed	adj
tref	adj
trembling	adj
tremendous	adj
trendy	adj
trepid	adj
tribal	adj
tricky	adj
tried	adj
trifid	adj
trig	adj
trite	adj
triune	adj
trivial	adj
trojan	adj
tropic	adj
tropical	adj
truant	adj
true	adj
trusted	adj
trusty	adj
trying	adj
tubal	adj
tubby	adj
tubed	adj
tubular	adj
tucked	adj
tufted	adj
tumid	adj
tuneful	adj
turbid	adj
turgid	adj
turkic	adj
turkish	adj
turned	adj
tuscan	adj
tusked	adj
twee	adj
tweedy	adj
twelfth	adj
twelve	adj
twentieth	adj
twenty	adj
twiggy	adj
twilit	adj
twin	adj
twisted	adj
twisty	adj
two	adj
twofold	adj
typic	adj
typical	adj
ugly	adj
ulnar	adj
ult	adj
ultimate	adj
ultimo	adj
ultra	adj
ultrasonic	adj
umber	adj
umteen	adj
unable	adj
unadjusted	adj
unaged	adj
unanimous	adj
unarmed	adj
unary	adj
unasked	adj
unavoidable	adj
unaware	adj
unawed	adj
unbent	adj
unborn	adj
unbroken	adj
uncanny	adj
uncertain	adj
uncharged	adj
uncial	adj
unclad	adj
unclean	adj
uncommon	adj
unconscious	adj
uncool	adj
uncut	adj
undepicted	adj
underground	adj
underlying	adj
underway	adj
undone	adj
undue	adj
undyed	adj
uneasy	adj
uneven	adj
unexpected	adj
unfair	adj
unfamiliar	adj
unfed	adj
unfirm	adj
unfit	adj
unfitting	adj
unfixed	adj
unfortunate	adj
unfree	adj
unfrozen	adj
ungainly	adj
ungodly	adj
ungual	adj
unhappy	adj
unhewn	adj
unholy	adj
unhurt	adj
uniate	adj
unified	adj
uniformed	adj
unique	adj
unisex	adj
united	adj
universal	adj
unjust	adj
unkept	adj
unkind	adj
unknown	adj
unlike	adj
unlikely	adj
unlimited	adj
unlined	adj
unlit	adj
unlocked	adj
unlucky	adj
unmade	adj
unmated	adj
unmolested	adj
unmoved	adj
unmown	adj
unnatural	adj
unnecessary	adj
unopen	adj
unpaid	adj
unpaired	adj
unpaved	adj
unpleasant	adj
unpopular	adj
unread	adj
unready	adj
unreal	adj
unripe	adj
unruly	adj
unsafe	adj
unsaid	adj
unseen	adj
unsent	adj
unsexy	adj
unshod	adj
unsold	adj
unsolved	adj
unsown	adj
unspeakable	adj
unstable	adj
unstressed	adj
unstructured	adj
unsung	adj
unsure	adj
untidy	adj
untied	adj
untold	adj
untried	adj
untrod	adj
untrue	adj
unused	adj
unusual	adj
unwanted	adj
unwary	adj
unwed	adj
unwell	adj
unwise	adj
upbeat	adj
uphill	adj
upland	adj
upmost	adj
upper	adj
uppish	adj
uppity	adj
upraised	adj
upright	adj
upwind	adj
urban	adj
urbane	adj
uremic	adj
urgent	adj
uric	adj
urinary	adj
ursine	adj
usable	adj
useable	adj
used	adj
useful	adj
useless	adj
usual	adj
utile	adj
utmost	adj
utopian	adj
uveal	adj
uveous	adj
uvular	adj
vacant	adj
vagal	adj
vagile	adj
vague	adj
vain	adj
valent	adj
valiant	adj
valid	adj
valuable	adj
valued	adj
valved	adj
vaned	adj
vanished	adj
vapid	adj
variable	adj
variant	adj
varied	adj
various	adj
varying	adj
vascular	adj
vast	adj
vatic	adj
vedic	adj
vehement	adj
veiled	adj
veinal	adj
veined	adj
velar	adj
velvety	adj
venal	adj
venial	adj
venose	adj
venous	adj
vented	adj
verbal	adj
vernal	adj
versed	adj
vertical	adj
vestal	adj
vested	adj
veteran	adj
vexed	adj
vexing	adj
vi	adj
viable	adj
vibrant	adj
vicious	adj
victorian	adj
vigorous	adj
vii	adj
viii	adj
vile	adj
vinous	adj
violent	adj
viral	adj
virile	adj
virtual	adj
viscid	adj
visible	adj
visored	adj
visual	adj
vital	adj
vivace	adj
vivid	adj
vocal	adj
vocalic	adj
vocational	adj
voiced	adj
void	adj
volant	adj
volar	adj
volatile	adj
voltaic	adj
volute	adj
votive	adj
vulgar	adj
vulnerable	adj
vulpine	adj
vulval	adj
vulvar	adj
wacky	adj
wailful	adj
waiting	adj
wakeful	adj
waking	adj
walking	adj
wan	adj
wanted	adj
wanton	adj
warlike	adj
warm	adj
warmed	adj
warming	adj
warped	adj
warty	adj
wary	adj
washed	adj
washy	adj
wasted	adj
wasteful	adj
watery	adj
wavy	adj
waxed	adj
waxen	adj
waxlike	adj
waxy	adj
wayward	adj
weak	adj
wealthy	adj
weaned	adj
wearied	adj
weary	adj
webbed	adj
webby	adj
wedded	adj
wedged	adj
wee	adj
weedy	adj
weensy	adj
weeny	adj
weeping	adj
weepy	adj
weird	adj
welsh	adj
western	adj
wet	adj
whacky	adj
wheezy	adj
whiney	adj
whiny	adj
whippy	adj
white	adj
whole	adj
wiccan	adj
wicked	adj
wide	adj
widespread	adj
widowed	adj
wieldy	adj
wifely	adj
wigged	adj
wiggly	adj
wild	adj
wilful	adj
willful	adj
willing	adj
wilted	adj
wily	adj
wimpy	adj
winded	adj
winding	adj
windup	adj
windy	adj
winey	adj
winged	adj
winless	adj
winning	adj
wintry	adj
winy	adj
wired	adj
wiry	adj
wise	adj
wispy	adj
witty	adj
wizen	adj
wobbly	adj
woeful	adj
won	adj
wonderful	adj
wondrous	adj
wonky	adj
wonted	adj
wooded	adj
wooden	adj
woodsy	adj
woody	adj
woolen	adj
woolly	adj
wooly	adj
woozy	adj
wordy	adj
workable	adj
working	adj
worldly	adj
wormy	adj
worn	adj
worried	adj
worse	adj
worst	adj
worth	adj
worthy	adj
wounded	adj
woven	adj
wrapped	adj
wrathful	adj
wretched	adj
writhed	adj
writhing	adj
written	adj
wrong	adj
wroth	adj
wry	adj
xc	adj
xci	adj
xcii	adj
xciii	adj
xciv	adj
xcl	adj
xcv	adj
xcvi	adj
xcvii	adj
xcviii	adj
xeric	adj
xi	adj
xii	adj
xiii	adj
xiv	adj
xix	adj
xl	adj
xli	adj
xlii	adj
xliii	adj
xliv	adj
xlv	adj
xlvi	adj
xlvii	adj
xlviii	adj
xv	adj
xvi	adj
xvii	adj
xviii	adj
xx	adj
xxi	adj
xxii	adj
xxiii	adj
xxiv	adj
xxix	adj
xxv	adj
xxvi	adj
xxvii	adj
xxviii	adj
xxx	adj
xxxi	adj
xxxii	adj
xxxiii	adj
xxxiv	adj
xxxv	adj
xxxvi	adj
xxxvii	adj
yawning	adj
yearly	adj
yeasty	adj
yelled	adj
yellow	adj
yemeni	adj
yielding	adj
yogic	adj
yon	adj
yonder	adj
young	adj
younger	adj
youthful	adj
yucky	adj
yuman	adj
yummy	adj
zaftig	adj
zany	adj
zeroth	adj
zesty	adj
zippy	adj
zoftig	adj
zoic	adj
zonal	adj
zonary	adj
zymoid	adj
