# word	synonyms (comma-separated)
a	alias,amp,milne
a-bit	a-little,a-trifle
a-couple-of	a-few
a-few	a-couple-of
a-la-mode	modish
a-little	a-bit,a-trifle
a-one	super,tiptop,tops
a-trifle	a-bit,a-little
aa	associate-in-arts
aachen	aken
aah	ooh
aalto	alvar-aalto,hugo-alvar-henrik-aalto
aar	aare,aare-river
aare	aar,aare-river
aare-river	aar,aare
aarhus	arhus
aave	black-english,black-vernacular,ebonics
ab	artium-baccalaurens,av,ba,bachelor-of-arts
ab-initio	initially
abaca	manila-hemp,musa-textilis
abaft	aft,astern
abamp	abampere
abampere	abamp
abandon	desert,forsake
abase	chagrin,humble,humiliate,mortify
abash	embarrass
abashed	chagrined,embarrassed
abasic	abatic
abate	die-away,let-up,slack,slack-off
abatic	abasic
abatis	abattis
abattis	abatis
abaxial	dorsal
abb	alex-boncayao-brigade,rpa-abb
abbot	archimandrite
abc	abc's,abcs,alphabet,first-principle,first-rudiment,rudiment
abc's	abc,abcs,alphabet,first-principle,first-rudiment,rudiment
abcs	abc,abc's,alphabet,first-principle,first-rudiment,rudiment
abdias	book-of-obadiah,obadiah
abdomen	belly,stomach,venter
abduct	kidnap
abductor	kidnapper
abele	aspen-poplar,populus-alba,silver-leaved-poplar,white-aspen,white-poplar
aberdeen-angus	angus
aberrant	deviant
abhor	abominate,execrate,loathe
abhorrence	odium
abide	bide,stay
abide-by	comply
abiding	enduring,imperishable
abies	genus-abies
abila	abyla,jebel-musa
abject	low,low-down,miserable,scummy,scurvy
abjure	retract
abkhaz	abkhazian
abkhazian	abkhaz
ablactate	wean
ablactation	weaning
ablation	cutting-out,excision,extirpation
ablaze	afire,aflame,aflare,aroused
able-bodiedism	ablism
able-bodism	ablism
ableism	ablism
ablism	able-bodiedism,able-bodism,ableism
abloom	efflorescent
ably	aptly,capably,competently
abm	antiballistic-missile
abo	aboriginal,aborigine,australian-aborigine,native-australian
aboard	on-board
abode	domicile,dwelling,dwelling-house,habitation,home,residence
abolish	get-rid-of
abominable	awful,odious
abominable-snowman	yeti
abominate	abhor,loathe
abomination	odium
abor	dafla,miri,mirish
aboriginal	abo,primal,primeval
aborigine	abo
aboulic	abulic
abounding	galore
about	almost,approximately,around,astir,close-to,just-about,more-or-less,nearly,or-so,roughly,some,virtually
above	supra
abreaction	catharsis
abrupt	disconnected
abruptly	dead,short,suddenly
abseil	rappel
absent	scatty
absently	absentmindedly,abstractedly,inattentively
absentminded	scatty
absentmindedly	absently
absolute	sheer
absolutely	dead,perfectly,utterly
absolutism	tyranny
absorb	engulf,imbibe
absorbed	captive,engrossed,enwrapped,intent,wrapped
absorbing	fascinating
abstract	abstraction,filch,pilfer,precis,snarf
abstract-thought	reasoning
abstracted	scatty
abstractedly	absently
abstraction	abstract
abstruseness	obscurity
absurdity	absurdness,ridiculousness
absurdness	absurdity
abu-nidal-organization	ano
abuja	capital-of-nigeria,nigerian-capital
abulic	aboulic
abuse	ill-treat,ill-use,maltreat,mistreat,step
abut	adjoin,border,butt,butt-against,butt-on,edge,march
abuzz	buzzing
aby	abye,atone,expiate
abye	aby,atone,expiate
abyla	abila,jebel-musa
abysm	abyss
abyss	abysm
ac	alternating-current
academy-award	oscar
acanthocybium-solandri	wahoo
acarus	genus-acarus
acc	air-combat-command
accede	bow,defer,give-in,submit
accelerate	quicken,speed,speed-up
accelerator	throttle
accent	dialect,emphasis,emphasize,speech-pattern,stress
accentuate	emphasize
acceptance	adoption,credence
acceptation	adoption
accepted	recognised,recognized
acceptor-rna	trna
access	approach
accho	acre,akka,akko
acclaim	applaud,hail,herald
acclivitous	uphill
accolade	honour,laurels
accommodate	adapt,fit
accommodation	adjustment
accompany	attach-to,come-with,go-with
accompanying	consequent,resultant
accomplish	achieve,action,attain,carry-out,carry-through,execute,fulfil,fulfill
accomplishable	doable
accomplished	completed
accomplishment	achievement,skill
accord	accordance,agree,concord,consort,fit-in,harmonise,harmonize,pact,treaty
accordance	accord,conformity
accordingly	consequently
accost	address,come-up-to
account	chronicle,describe,explanation,history,story
account-book	ledger
accra	capital-of-ghana
accredited	licensed
accrued	accumulated
accumulate	amass,collect
accumulated	accrued
accumulation	collection
accumulative	cumulative
accuracy	truth
accusative	accusing
accusatory	accusing
accuse	criminate,impeach,incriminate
accusing	accusative,accusatory,accusive
accusive	accusing
accustomed	customary,wonted
ace	i,maven,mavin,one,single,super,tiptop,tops,unity,whizz,wiz,wizard
acedia	laziness,sloth
acer	genus-acer
acerb	acerbic,acid,acrid,bitter,blistering,caustic,sulfurous,sulphurous
acerbic	acerb,acrid
acetaminophen	datril,tempra
acetone	dimethyl-ketone,propanone
acetonemia	ketosis
acetylsalicylic-acid	aspirin,bayer
ache	languish,pine,yearn,yen
acheta	genus-acheta
achievable	doable
achieve	accomplish,attain,reach
achievement	accomplishment
aching	achy
achromasia	pallor
achy	aching
acid	acerb,acrid,elvis,zen
acidity	sour,sourness
acinar	acinic
acinic	acinar,acinose,acinous
acinonyx-jubatus	chetah
acinose	acinic
acinous	acinic
acipenser-huso	hausen
ack-ack	flack,flak
ack-ack-gun	flack,flak
ackee	akee
acknowledge	admit,recognize
acknowledgement	recognition
acknowledgment	recognition
acme	apex,peak,vertex
acned	pimpled,pimply,pustulate
acquaint	introduce
acquiescence	assent
acquire	get,larn,learn
acquirement	skill
acquisition	learning,skill
acquit	assoil,clear,discharge,exculpate,exonerate
acre	accho,akka,akko
acreage	land-area
acres	demesne,estate,land,landed-estate
acrid	acerb,acerbic,acid,bitter,blistering,caustic,sulfurous,sulphurous
acrimonious	bitter
acris	genus-acris
acrobatic	gymnastic
acrocomia-vinifera	coyol
act	behave,enactment
acth	adrenocorticotrophin,adrenocorticotropin,corticotrophin,corticotropin
actias	genus-actias
acting	performing,playacting,playing
action	accomplish,fulfil,fulfill,sue
action-replay	replay
activate	actuate,set-off,spark,spark-off,touch-off,trigger,trigger-off,trip
active	active-agent
active-agent	active
actor	doer,histrion,player,role-player,thespian
acts	acts-of-the-apostles
acts-of-the-apostles	acts
actual	existent,factual,literal
actually	really
actuate	activate,motivate,prompt,set-off,spark,spark-off,touch-off,trigger,trigger-off,trip
acuate	acute,needlelike,sharp
acuity	acuteness,keenness,sharpness
acular	ketorolac-tromethamine,toradol
acumen	insightfulness
acute	acuate,incisive,keen
acuteness	acuity
acyl	acyl-group
acyl-group	acyl
ad	advert,advertisement,advertising,advertizement,advertizing
ada	adenosine-deaminase
adage	byword,proverb,saw
adalia	genus-adalia
adam	xtc
adamant	adamantine,inexorable,intransigent
adamantine	adamant
adams	mount-adams
adana	seyhan
adapid	adapid-group
adapid-group	adapid
adapin	doxepin,doxepin-hydrochloride,sinequan
adapt	accommodate
adapted	altered
add	adhd,contribute,mbd
add-on	append
addax	addax-nasomaculatus
addax-nasomaculatus	addax
adder	common-viper,vipera-berus
addict	junky
additive	linear
addled	befuddled,muddled,muzzy,woolly,woolly-headed,wooly,wooly-minded
address	accost,computer-address,deal,reference,speech
ade	fruit-drink
adelie	adelie-penguin,pygoscelis-adeliae
adelie-penguin	adelie
aden-abyan-islamic-army	iaa
adenoidal	nasal
adenosine-deaminase	ada
adenosine-triphosphate	atp
adenota-vardoni	puku
adept	expert,good,maven,mavin,practiced,proficient,skilful,skillful,whizz,wiz,wizard
adequacy	adequateness
adequate	enough,equal
adequateness	adequacy
adh	antidiuretic-hormone,pitressin,vasopressin
adhd	add,hyperkinetic-syndrome,mbd,minimal-brain-damage
adhere	bind,cling,cohere
adherent	disciple
adhesive	adhesive-agent,adhesive-material
adhesive-agent	adhesive
adhesive-material	adhesive
adi-granth	granth
adieu	adios,arrivederci,au-revoir,auf-wiedersehen,bye,bye-bye,cheerio,good-by,goodby
adige	river-adige
adios	adieu,arrivederci,au-revoir,auf-wiedersehen,bye,bye-bye,cheerio,good-by,goodby
adjacent	next,side-by-side
adjoin	abut,border,butt,butt-against,butt-on,edge,march
adjourn	break-up,recess
adjudicate	resolve
adjure	beseech
adjust	align,aline,correct,set
adjustment	accommodation,fitting
adjutant	aide
adman	advertiser,advertizer
administer	administrate,dispense,distribute
administrate	administer
administration	disposal
admiral-byrd	byrd
admiration	esteem
admire	look-up-to
admission	admittance
admit	acknowledge
admittance	admission
admixture	alloy,mixing
admonish	caution
adnexa	annexa
ado	bustle,flurry,fuss,hustle,stir
adobe	adobe-brick
adobe-brick	adobe
adobe-house	soddy
adolescent	teen,teenage,teenager
adolf-hitler	hitler
adolf-loos	loos
adolph-simon-ochs	ochs
adopt	espouse,follow
adopted	adoptive
adoption	acceptance,acceptation,espousal
adoptive	adopted
adoration	latria
adored	idolised,idolized,worshipped
adoring	doting
adorn	beautify,decorate,embellish,grace,ornament
adp-system	adps
adps	adp-system,computer-system,computing-system
adrenocorticotrophin	acth
adrenocorticotropin	acth
adrift	afloat,aimless
adult	grown,grownup
adult-female	woman
adult-male	man
adult-onset-diabetes	niddm
adulteress	hussy,slut
adulthood	maturity
adumbrate	outline
adust	parched
advance	elevate,encourage,progress,progression,promote
advancement	progress
advantage	vantage
advent	coming
adventitia	tunica
adventure	dangerous-undertaking,escapade,gamble,risky-venture
adventurer	explorer
adversary	antagonist
adverse	inauspicious,untoward
advert	ad,advertising,cite,mention,refer
advertise	advertize,publicise,publicize
advertisement	ad,advertising
advertiser	adman
advertising	ad,advert,advertisement,advertizement,advertizing
advertize	advertise
advertizement	ad,advertising
advertizer	adman
advertizing	ad,advertising
advil	ibuprofen,motrin,nuprin
advise	counsel,notify,propose,rede,suggest
advisedly	deliberately
advocate	counsel,recommend,urge
adz	adze
adze	adz
aedes	genus-aedes
aegean	aegean-sea
aegean-sea	aegean
aegir	bore,eager,eagre,tidal-bore
aegis	auspices,egis,protection
aeolic	eolic
aeolic-dialect	eolic
aeon	eon
aeonian	eonian,eternal
aepyceros-melampus	impala
aerial	aery,antenna,ethereal,forward-pass
aerie	aery,eyrie,eyry
aeriform	aery,ethereal
aerobic	aerophilic,aerophilous
aerodrome	airport,drome
aeroembolism	bends
aerophilic	aerobic
aerophilous	aerobic
aeroplane	airplane,plane
aery	aerial,aerie,aeriform,airy,ethereal,eyrie,eyry
aesthesis	sensation
aesthetic	esthetic
aesthetical	esthetic
aether	ether
afeard	afeared
afeared	afeard
affable	amiable,cordial,genial
affably	amiably,genially
affair	amour,matter,thing
affaire	amour
affairs	personal-business,personal-matters
affect	bear-on,bear-upon,feign,impact,impress,involve,pretend,touch,touch-on
affected	moved
affecting	poignant,touching
affection	affectionateness,fondness,heart,philia,tenderness,warmheartedness,warmness
affectionate	fond,tender
affectionateness	affection
affiliate	consort
affiliated	connected
affinal	affine
affine	affinal
affinity	kinship
affirm	aver,confirm,corroborate,substantiate,support,sustain
affirmation	avowal
affix	append,stick-on
afflicted	stricken
affluent	wealthy
afford	yield
affray	disturbance,fracas,fray,ruffle
affright	frighten,panic,scare,terror
affront	diss,insult
afghan	paxto
afghani	paxto
afire	ablaze,aflame,aflare,alight,on-fire
afisr	air-force-isr
aflame	ablaze,afire,aflare,aroused
aflare	ablaze,afire,aflame,alight,on-fire
aflaxen	aleve
afloat	adrift,aimless,awash,directionless,flooded,planless,rudderless,undirected
afoot	underway
aforementioned	said
aforesaid	said
afoul	foul,fouled
afp	alpha-fetoprotein,alpha-foetoprotein
afresh	anew
african-millet	ragee,ragi
african-tea	kat,khat,qat,quat
afrikaans	taal
afrikander	boer
afrikaner	boer
afro	afro-hairdo
afro-hairdo	afro
afspc	air-force-space-command
aft	abaft,astern
after	afterward,afterwards,later,later-on,subsequently
after-part	poop
afters	dessert
afterward	after,afterwards,later,later-on,subsequently
afterwards	after,afterward,later,later-on,subsequently
ag	silver
aga	agha
again	once-again,once-more,over-again
agamic	agamogenetic,agamous,apomictic,parthenogenetic
agamid	agamid-lizard
agamid-lizard	agamid
agamogenetic	agamic
agamous	agamic
agape	gaping
agar	agar-agar
agar-agar	agar
agathis-australis	kaury
agave	american-aloe,century-plant
agave-sisalana	sisal
agaze	staring
age	eld,years
aged	cured,elderly,older,senior
agee	james-agee
ageing	aging,senescent
ageism	agism
ageless	eonian,eternal
agency	authority,bureau,federal-agency,government-agency,means,office,way
agenda	docket,schedule
agene	nitrogen-trichloride
agent	broker
aggeus	book-of-haggai,haggai
agglomerate	heap,pile
aggregation	collection
aggregator	collector
aggressively	sharply
aggressor	attacker
agha	aga
aghan	margasivsa
aghast	appalled,dismayed,shocked
agile	nimble,quick,spry
agilely	nimbly
aging	ageing,senescent
agio	agiotage,exchange-premium,premium
agiotage	agio
agism	ageism
agitate	budge,foment,shake,stir-up
agitation	unrest
agleam	gleaming,nitid
aglet	aiglet,aiguilette
aglitter	fulgid,glinting,glittering
aglow	lambent,lucent,luminous
agnail	hangnail
agnate	agnatic,paternal
agnatic	agnate
agnise	realize
agnize	realize
ago	agone
agone	ago
agonus	genus-agonus
agonus-cataphractus	pogge
agony	suffering,torment,torture
agora	public-square
agouti	dasyprocta-aguti
agree	accord,concord,concur,correspond,hold,match
agreed	in-agreement
agreement	arrangement,understanding
agriculturalist	grower
agriculture	farming,usda
agriculture-department	usda
agriculturist	grower
agua	agua-toad,bufo-marinus
agua-toad	agua
aguacate	avocado
ahead	before,in-front,onward
ahem	hem
ahorse	ahorseback
ahorseback	ahorse
ai	artificial-insemination
aiai	al-itihaad-al-islamiya,islamic-unity
aid	assist,assistance,help,tending
aide	adjutant,aide-de-camp
aide-de-camp	aide
aided	assisted
aides	aidoneus,hades,pluto
aidoneus	aides
aiglet	aglet,aiguilette
aigret	aigrette
aigrette	aigret
aiguilette	aglet,aiglet
aiken	conrad-aiken,conrad-potter-aiken
ail	garlic
ailey	alvin-ailey
ailing	indisposed,peaked,poorly,seedy,sickly,under-the-weather,unwell
ailment	complaint,ill
ailurus-fulgens	panda
aim	aspire,design,intent,intention,objective,purpose
aimless	adrift,afloat,directionless,planless,rudderless,undirected
ain	own
aioli	aioli-sauce,garlic-sauce
aioli-sauce	aioli
air	aura,breeze,melody,tune
air-cell	alveolus
air-combat-command	acc
air-current	wind
air-duct	airway
air-embolism	bends
air-force	usaf
air-force-isr	afisr
air-force-space-command	afspc
air-gun	airgun
air-national-guard	ang
air-passage	airway
air-raid-shelter	bombproof
air-rifle	airgun
air-sac	alveolus
aircraft-carrier	carrier
airdock	hangar
airdrome	airport,drome
aire	aire-river,river-aire
aire-river	aire
aired	airy
airgun	air-gun,air-rifle
airheaded	dizzy,giddy
airily	flippantly
airing	ventilation
airless	close,stuffy,unaired
airplane	aeroplane,plane
airplane-pilot	pilot
airport	aerodrome,airdrome,drome
airs	pose
airt	redirect
airway	air-duct,air-passage
airy	aery,aired,ethereal
aisle	gangway
aix	genus-aix
aix-la-chapelle	aken
ajaia	genus-ajaia
ajuga	genus-ajuga
ak	alaska,last-frontier
akaba	al-aqabah,aqaba
akee	ackee
aken	aachen,aix-la-chapelle
akha	hani
akin	kin,kindred
akka	accho,acre,akko
akko	accho,acre,akka
aku	yoruba
al	alabama,aluminum,camellia-state,heart-of-dixie
al-aqabah	akaba,aqaba
al-asifa	fatah
al-faran	hua
al-fatah	fatah
al-iraq	irak,iraq
al-itihaad-al-islamiya	aiai
al-magrib	morocco
al-qa'ida	qaeda
al-qaeda	qaeda
al-qahira	cairo
al-qaida	qaeda
al-qur'an	koran,quran
alabama	al,camellia-state,heart-of-dixie
alan-alexander-milne	milne
alan-paton	paton
alan-stewart-paton	paton
alar	alary,aliform,wing-shaped
alarm	alarum,alert,appal,consternation,dismay
alarum	alarm,alert,warning-signal
alary	alar,aliform,wing-shaped
alas	regrettably,unfortunately,unluckily
alaska	ak,last-frontier
alaskan-brown-bear	kodiak
alate	alated
alated	alate
alauda	genus-alauda
albany	capital-of-new-york
albee	edward-albee,edward-franklin-albeen
albert-bruce-sabin	sabin
albert-camus	camus
albert-sabin	sabin
albert-speer	speer
albizia-lebbeck	siris
albizia-saman	saman,zaman
albizzia-lebbeck	siris
albrecht-durer	durer
albula	genus-albula
album	record-album
albumen	albumin
albumin	albumen
alca	genus-alca
alcaic	alcaic-verse
alcaic-verse	alcaic
alcea	genus-alcea
alcedo	genus-alcedo
alces	genus-alces
alces-alces	moose
alcohol	alcoholic-beverage,alcoholic-drink,inebriant,intoxicant
alcoholic	alky
alcoholic-beverage	alcohol
alcoholic-drink	alcohol
alcove	bay
aldehyde-alcohol	aldol
alder	alder-tree
alder-tree	alder
aldol	aldehyde-alcohol
alep	aleppo,halab
aleppo	alep,halab
alert	alarm,alarum,brisk
aleurites-fordii	tung
aleve	aflaxen,anaprox,naproxen-sodium
alex-boncayao-brigade	abb
alex-haley	haley
alexandre-dumas	dumas
alexic	word-blind
alfred-bernhard-nobel	nobel
alfred-binet	binet
alfred-lunt	lunt
alfred-nobel	nobel
alfred-noyes	noyes
alfred-thayer-mahan	mahan
alfresco	outdoors,outside
alga	algae
algae	alga
alger	horatio-alger
algerian-dinar	dinar
algin	alginic-acid
alginic-acid	algin
alias	a,also-known-as
alibi	excuse
alidad	alidade
alidade	alidad
alien	alienate,exotic,foreign,foreigner,stranger
alienate	alien,disaffect,estrange
alienated	anomic
aliform	alar,alary
alight	afire,aflare,light,perch
align	adjust,aline,line-up
alike	like,similar
alikeness	similitude
alimentary-paste	pasta
aline	adjust,align,line-up
alir	far,former-armed-forces,interahamwe
alive	animated,live
alkali	base
alkalic	alkaline
alkaline	alkalic
alky	alcoholic,boozer,dipsomaniac,lush,soaker,souse
alkyd	alkyd-resin
alkyd-resin	alkyd
alkyl	alkyl-group,alkyl-radical
alkyl-group	alkyl
alkyl-radical	alkyl
all	altogether,completely,entirely,totally,wholly
all-in	bushed
all-of-a-sudden	suddenly
all-over	ended,everywhere
all-right	alright,fine,ok,okay,very-well
all-the-same	however,nevertheless,still,withal
allay	assuage,quench,slake
allege	aver,say
alleghany-plum	sloe
allegheny-plum	sloe
allegiance	fealty
allegory	apologue,fable,parable
allele	allelomorph
allelomorph	allele
allen	ethan-allen
allen-tate	tate
alleviate	facilitate,relieve
alleviated	eased,relieved
alleviation	easing,relief
alley	alleyway,back-street
alleyway	alley
allice	allice-shad,allis,allis-shad,alosa-alosa
allice-shad	allice,allis
alligator	gator
alligator-pear	avocado
allis	allice,allice-shad,allis-shad,alosa-alosa
allis-shad	allice,allis
allium-schoenoprasum	chive,cive
allmouth	angler,lotte
allocable	allocatable,apportionable
allocatable	allocable
allocate	apportion
allocation	allotment
allot	assign,portion
allotment	allocation
allow	grant,let,permit
allowance	leeway
alloy	admixture
allure	allurement,temptingness
allurement	allure
allyl	allyl-group,allyl-radical
allyl-group	allyl
allyl-radical	allyl
almighty	creator,lord
almost	about,most,near,nearly,nigh,virtually,well-nigh
alnus	genus-alnus
aloes	bitter-aloes
aloha	ciao
aloha-state	hawaii
alone	entirely,exclusively,only,solely,unique
along	on
aloof	distant,upstage
alopex	genus-alopex
alosa	genus-alosa
alosa-alosa	allice,allis
aloud	loudly,out-loud
alpaca	lama-pacos
alpha-centauri	rigil
alpha-fetoprotein	afp
alpha-foetoprotein	afp
alpha-lipoprotein	hdl
alphabet	abc,abc's,abcs
alprazolam	xanax
alps	the-alps
alright	all-right,ok
als	lou-gehrig's-disease
also	as-well,besides,likewise,too
also-known-as	alias
also-ran	loser
alstonia-scholaris	dita
alt	altitude,el,elevation
altace	ramipril
alter	change,modify,spay,vary
alteration	revision
alterative	healing,therapeutic
altercate	quarrel
altercation	fracas
altered	adapted
alternating-current	ac
alternative	choice,option
alternatively	instead
altitude	alt,height
altogether	all,completely,entirely,totally,whole,wholly
alula	bastard-wing,spurious-wing
alum	grad
aluminium	aluminum
aluminum	al,aluminium
alumna	grad
alumnus	grad
alvar-aalto	aalto
alveolate	pitted
alveolus	air-cell,air-sac
alvin-ailey	ailey
always	e'er,ever,invariably
alytes	genus-alytes
am	amplitude-modulation
amah	housemaid,maid,maidservant
amalgamate	fused,mingle
amalgamated	fused
amalgamation	merger
amass	accumulate,collect,conglomerate,cumulate,gather,pile-up
amative	amorous
amaze	astonish,astound
amazed	astonied,astonished,astounded,stunned
amazement	astonishment
amazing	awe-inspiring,awesome,awful,awing
ambassador	embassador
amber	brownish-yellow,gold,yellow-brown
ambiance	atmosphere
ambience	atmosphere
ambiguous	equivocal
ambit	compass,orbit,range,reach,scope
ambition	aspiration,dream
amble	mosey,stroll
ambo	dais,podium,pulpit,rostrum,soapbox,stump
ambrosia	beebread
ambuscade	ambush,waylay
ambush	ambuscade,lying-in-wait,trap,waylay
ameba	amoeba
ameban	amebic,amebous,amoeban,amoebic,amoebous
amebic	ameban,amebous,amoeban,amoebic,amoebous
amebous	ameban,amebic
ameer	amir,emeer,emir
ameiurus-melas	pout
ameliorate	improve
amen	amon,amun
amend	improve,remedy
amends	reparation
amenities	comforts
ament	catkin
amentia	idiocy
amercement	mulct
america	the-states,u,united-states,us,usa
american-aloe	agave
american-bison	buffalo
american-buffalo	buffalo
american-capital	washington
american-chameleon	anole
american-elk	elk,wapiti
american-ginseng	sang
american-indian	indian
american-oriole	oriole
american-robin	robin
american-sign-language	asl
american-stock-exchange	amex
amex	american-stock-exchange,curb
amia	genus-amia
amia-calva	bowfin
amiable	affable,cordial,genial
amiably	affably
amine	aminoalkane
aminic	amino
amino	aminic
aminoalkane	amine
amir	ameer,emeer,emir
amiss	awry,haywire,wrong
amitriptyline	elavil
amity	cordiality
amman	capital-of-jordan
ammo	ammunition
ammotragus-lervia	aoudad,arui,audad
ammunition	ammo
amnic	amnionic,amniotic
amnio	amniocentesis
amniocentesis	amnio
amnion	amnios,amniotic-sac
amnionic	amnic
amnionic-fluid	waters
amnios	amnion,amniotic-sac
amniotic	amnic
amniotic-fluid	waters
amniotic-sac	amnion,amnios
amobarbital-sodium	amytal
amoeba	ameba
amoeban	ameban,amebic
amoebic	ameban,amebic
amoebous	ameban,amebic
amok	amuck,berserk,demoniac,demoniacal,possessed
amon	amen,amun
amor	cupid
amorous	amative
amorphophallus-titanum	krubi
amorphous	formless,shapeless
amos	book-of-amos
amount	amount-of-money,quantity,sum,sum-of-money
amount-of-money	amount,sum
amour	affair,affaire,intimacy,involvement,liaison
amour-propre	vanity
amoxicillin	amoxil,trimox
amoxil	amoxicillin,augmentin,larotid,polymox,trimox
amoy	fukien,fukkianese,hokkianese,min,min-dialect,taiwanese
amp	a,ampere
ampere	amp
ample	sizable
amplify	exaggerate,magnify
amplitude-modulation	am
amply	richly
ampoule	ampul,ampule,phial,vial
ampul	ampoule,ampule,phial,vial
ampule	ampoule,ampul,phial,vial
amrinone	inocor
amuck	amok,berserk,demoniac,demoniacal,possessed
amulet	talisman
amun	amen,amon
amur	amur-river,heilong,heilong-jiang
amur-river	amur
amusd	doctor-of-musical-arts
amuse	disport,divert
amused	diverted,entertained
amusing	comic,funny
amyotonia	atony
amytal	amobarbital-sodium,blue,blue-angel,blue-devil
an	associate-in-nursing
an-nafud	nafud,nefud
an-nefud	nafud,nefud
anabas	genus-anabas
anacin-iii	datril,tempra
anaconda	eunectes-murinus
anaemia	anemia
anaemic	anemic
anal	anal-retentive
anal-intercourse	sodomy
anal-retentive	anal
anal-sex	sodomy
analog	analogue,linear
analogous	correspondent
analogue	analog
analyse	analyze,canvas,canvass,examine,study
analysis-of-variance	anova
analyze	analyse,canvas,canvass,examine,study
anaprox	aleve
anarchic	lawless
anarchical	lawless
anarchy	lawlessness
anas	genus-anas
anas-penelope	wigeon
anasa	genus-anasa
anastomosis	inosculation
anathemise	bedamn
anathemize	bedamn
anatomic	anatomical
anatomical	anatomic
anatomy	bod,general-anatomy,soma
ancestral	hereditary,patrimonial,transmissible
ancestry	blood,blood-line,bloodline,descent,line,line-of-descent,lineage,pedigree
anchor	ground-tackle
and-so	and-then,then
and-so-forth	etc
and-so-on	etc
and-then	and-so,so,then
andre-gide	gide
andre-weil	weil
andrena	andrenid,mining-bee
andrenid	andrena
andres-martinez	salim
andrew-wyeth	wyeth
andrzej-wajda	wajda
ane	i,one
anele	anoint,embrocate,inunct,oil
anemia	anaemia
anemic	anaemic
anew	afresh
ang	air-national-guard
angel	backer
angel-dust	pcp
angelic	angelical,beatific,sainted,saintlike,saintly
angelical	angelic
anger	choler,ira,ire
angered	enraged,maddened
angle	lean,tilt
angler	allmouth,angler-fish,anglerfish,goosefish,lophius-americanus,lotte,monkfish
angler-fish	angler,lotte
anglerfish	angler,lotte
anglesea	mona
anglesea-island	mona
anglesey	mona
anglesey-island	mona
angora	angora-cat
angora-cat	angora
angry	raging
anguilla-sucklandii	tuna
anguis	genus-anguis
anguish	torment,torture
angular	angulate
angulate	angular
angus	aberdeen-angus,black-angus
anhima	genus-anhima
anil	indigofera-anil,indigofera-suffruticosa
animadversion	censure
animal	animate-being,beast,brute,carnal,creature,fauna,sensual
animate	inspire,liven,recreate,revive,vivify
animate-being	animal,beast,creature,fauna
animated	alive
animated-cartoon	toon
animation	brio
anime	gum-anime
anionic	anionic-detergent,non-ionic-detergent
anionic-detergent	anionic
anise	anise-seed,aniseed
anise-seed	anise
aniseed	anise
ankle	ankle-joint,mortise-joint
ankle-bracelet	anklet
ankle-joint	ankle
anklebone	talus
anklet	ankle-bracelet
anlage	primordium
annals	chronological-record
annam	viet-nam,vietnam
annex	annexe,extension,wing
annexa	adnexa
annexe	annex,extension,wing
annon	sugar-apple,sweetsop
announce	denote
announcement	proclamation
annoy	bother,get-at,get-to,irritate,nark,nettle,rag,rile,vex
annoyance	irritation
annoyed	harassed,irritated,miffed,nettled,peeved,pestered,pissed,pissed-off,riled,roiled,stung
annoyer	vexer
annoying	galling,pesky,plaguy,vexing
annual	one-year,yearly
annually	each-year,every-year,yearly
annuity	rente
annul	countermand,lift,overturn,repeal,rescind,reverse,revoke,vacate
annunciation	proclamation
annwfn	annwn
annwn	annwfn
ano	abu-nidal-organization,black-september,fatah-rc
anoa	anoa-depressicornis,dwarf-buffalo
anoa-depressicornis	anoa
anodal	anodic
anodic	anodal
anoint	anele
anole	american-chameleon,anolis-carolinensis
anolis	genus-anolis
anolis-carolinensis	anole
anomia	genus-anomia
anomic	alienated,disoriented
anomie	anomy
anomy	anomie
anon	anonymous
anonym	nom-de-guerre,pseudonym
anonymous	anon
anorak	parka,windbreaker,windcheater
another	some-other
anova	analysis-of-variance
anpu	anubis
ansaid	flurbiprofen
anser	genus-anser
anserine	dopey,dopy,goosey,goosy,jerky
answer	reply,respond,suffice
ant	emmet,pismire
antagonist	adversary,opponent,opposer,resister
anteater	numbat
antecede	forego,precede
antecedently	previously
antechamber	foyer,lobby
antedate	forego,precede
antenna	aerial,feeler,transmitting-aerial
anterior	prior
anteroom	foyer,lobby
anthem	hymn
antheraea-mylitta	tussah,tusseh,tusser,tussur
anthony-wayne	wayne
anthus	genus-anthus
anti-racketeering-law	rico
antiaircraft	flack,flak
antiaircraft-gun	flack,flak
antiballistic-missile	abm
antic	fantastic,fantastical,grotesque
anticipant	expectant
anticipate	expect,foresee,predict
anticipated	awaited,hoped-for
anticipative	expectant
antidiuretic-hormone	adh
antipathetic	averse,loath,loth
antipathetical	averse,loath,loth
antipathy	distaste
antique	demode,ex,old-fashioned,old-hat,outmoded,passe,passee
antisatellite	asat
antonio-gaudi	gaudi
antonio-gaudi-i-cornet	gaudi
antsy	fidgety,fretful,itchy
anubis	anpu
anunnaki	enuki
anura	batrachia,order-anura,order-batrachia,order-salientia,salientia
anuran	batrachian,frog,salientian,toad
anuretic	anuric
anuric	anuretic
anvil	incus
anwar-el-sadat	sadat
anwar-sadat	sadat
anxiety	anxiousness
anxious	dying,queasy
anxiously	apprehensively,uneasily
anxiousness	anxiety
any-longer	anymore
anyhow	anyway,anyways,at-any-rate,in-any-case,in-any-event
anymore	any-longer
anyplace	anywhere
anyway	anyhow,anyways,at-any-rate,in-any-case,in-any-event
anyways	anyhow,anyway
anywhere	anyplace
aortal	aortic
aortic	aortal
aotus	genus-aotus
aoudad	ammotragus-lervia,arui,audad,barbary-sheep,maned-sheep
apace	chop-chop,quickly,rapidly,speedily
apar	three-banded-armadillo,tolypeutes-tricinctus
apartment	flat
apathy	indifference,numbness,spiritlessness
ape	aper
apelike	apish
aper	ape,copycat,emulator,imitator
aperea	cavia-porcellus,wild-cavy
aperient	physic
apery	mimicry
apex	acme,peak,vertex
aphis	genus-aphis
apiary	bee-house
apidae	family-apidae
apiece	each,for-each-one,from-each-one,to-each-one
apios	genus-apios
apis	genus-apis
apis-mellifera	honeybee
apish	apelike
apium	genus-apium
aplomb	assuredness,cool,poise,sang-froid
aplysia	tethys
apneic	apnoeic
apnoeic	apneic
apodal	apodous
apodous	apodal
apogee	culmination
apogon	genus-apogon
apologue	allegory,parable
apomictic	agamic
apoplexy	cva
apostle-of-the-gentiles	paul,saul
apostle-paul	paul,saul
apostolic	apostolical,papal
apostolical	apostolic,papal
apothecaries'-ounce	ounce
apothecary's-shop	drugstore
appal	alarm,appall,dismay,horrify,outrage
appall	appal,outrage
appalled	aghast
appalling	dismaying
apparatus	setup
apparel	clothes
appareled	attired,dressed,garbed,robed
apparent	evident,manifest,patent,plain,seeming,unmistakable
apparent-horizon	horizon
apparently	evidently,obviously,on-the-face-of-it,ostensibly,plainly,seemingly
apparition	phantom
apparitional	ghostly
appeal	charm,entreaty,prayer
appealingness	charm
appear	seem
appearance	visual-aspect
appease	assuage,conciliate,gentle,gruntle,lenify,mollify,pacify,placate
appellative	naming
append	add-on,affix,supplement
appetence	appetite
appetency	appetite
appetite	appetence,appetency
applaud	acclaim,clap,spat
applause	clapping,hand-clapping
applesauce	tripe
appliance	gadget,gismo,gizmo,widget
applicant	applier
application	practical-application
applied-scientist	engineer
applier	applicant
apply	employ,enforce,use,utilise,utilize
appoint	constitute,name,nominate
appointment	assignment,designation,naming
apportion	allocate
apportionable	allocable
apposite	apt
appraisal	assessment
appraise	assess,evaluate,survey
appreciation	grasp,hold
apprehend	arrest,comprehend,grok,nab,savvy
apprehension	understanding
apprehensively	anxiously,uneasily
apprentice	learner,prentice
apprise	notify
apprize	notify
approach	access,come-near,come-on,draw-close,draw-near,go-up,near
approaching	coming
appropriately	fitly,suitably
approval	approving,blessing
approve	okay,sanction
approved	sanctioned
approving	approval
approximate	estimate,gauge
approximately	about,around,close-to,just-about,more-or-less,or-so,roughly,some
apr	april
apricot	peach
april	apr
apse	apsis
apsis	apse
apt	apposite,liable,pertinent
apteryx	kiwi
aptly	ably,capably,competently
apus	genus-apus
aqaba	akaba,al-aqabah
aqua	aquamarine,cobalt-blue,greenish-blue,peacock-blue,turquoise
aqua-lung	scuba
aqualung	scuba
aquamarine	aqua
aquila	genus-aquila
ar	are,argon,arkansas,land-of-opportunity
ar-rimsal	dahna
ara	genus-ara
arab	arabian
arab-republic-of-egypt	egypt
arabian	arab
arabian-tea	kat,khat,qat,quat
arable	cultivable,cultivatable,tillable
araceous	aroid
arachnidian	spidery
arachnoid	spidery
arak	arrack
aramus	genus-aramus
aranea	araneus,genus-aranea,genus-araneus
araneus	aranea
aras	araxes
arava	leflunomide
araxes	aras
arb	arbitrager,arbitrageur
arbitrager	arb
arbitrageur	arb
arbitrarily	randomly
arbitrariness	whimsy
arbor	arbour,bower,pergola
arboraceous	woodsy
arboreous	woodsy
arbour	arbor,bower,pergola
arc	arch,discharge,electric-arc,electric-discharge,spark
arca	genus-arca
arcade	colonnade
arcadian	bucolic
arced	arched,arching,arciform,arcuate,bowed
arch	arc,curve,impish,implike,puckish
arched	arced,arching,arciform,arcuate,bowed
archimandrite	abbot
arching	arced,arched,arciform,arcuate,bowed
architect	designer
arciform	arced,arched,arching
arctic	arctic-zone,galosh,gelid,golosh,north-frigid-zone
arctic-zone	arctic
arcuate	arced,arched,arching
arcus	arcus-senilis
arcus-senilis	arcus
arcus-zygomaticus	zygoma
ardea	genus-ardea
ardent	fervent,fervid,fiery,impassioned,perfervid,torrid
ardor	ardour,elan,fervor,zeal
ardour	ardor,fervor
ards	wet-lung,white-lung
arduous	backbreaking,grueling,gruelling,hard,heavy,laborious,operose,punishing
are	ar
area	arena,country,domain
arena	area,domain,field,orbit,sphere,stadium
areola	ring-of-color
arere	obeche,obechi,samba
argal	argali,ovis-ammon
argali	argal,ovis-ammon
argent	silver,silverish,silvery
argillaceous	clayey
argon	ar
argonne	meuse
argonne-forest	meuse
argot	cant,jargon,lingo,patois,slang,vernacular
arguable	moot
argue	reason
argufy	quarrel
arguing	controversy
argument	controversy,debate,statement
argumentation	debate
argun	argun-river,ergun-he
argun-river	argun
argus	argus-pheasant
argus-eyed	wakeful
argus-pheasant	argus
argyle	argyll
argyll	argyle
arhant	arhat,lohan
arhat	arhant,lohan
arhus	aarhus
arid	desiccate,desiccated
aridity	barrenness,fruitlessness
aries	aries-the-ram,ram
aries-the-ram	aries
aright	correctly,right
ariled	arillate
arillate	ariled
arilus	genus-arilus
ariose	songlike
arise	develop,grow,originate,rise,spring-up,stand-up,uprise
arishth	neem
aristocracy	gentry
arius	genus-arius
arizona	az
arkansas	ar,land-of-opportunity
arles	earnest-money
arm	branch,gird,sleeve,weapon
arm-band	armlet
armament	arming
armed-bullhead	pogge
armed-combat	combat
armed-islamic-group	gia
armed-robbery	holdup
armin	arminius,hermann
arming	armament,equipping
arminius	armin
armistice	truce
armlet	arm-band
armor	armour
armored	armoured
armored-combat-vehicle	tank
armory	armoury,arsenal
armour	armor
armoured	armored
armoured-combat-vehicle	tank
armoury	armory
armpit	axilla,axillary-cavity,axillary-fossa
arms	blazon,implements-of-war,munition,weaponry,weapons-system
army	ground-forces,regular-army,usa
army-corps	corps
army-hut	hut
army-national-guard	arng
army-of-muhammad	jem
army-tank	tank
arng	army-national-guard
arno	arno-river,river-arno
arno-river	arno
aroid	araceous,arum
aroma	odor,odour,olfactory-property,scent,smell
arouet	voltaire
around	about,approximately,roughly
arousal	rousing
arouse	awaken,elicit,enkindle,evoke,fire,invoke,kindle,provoke,raise,waken
aroused	ablaze,aflame,excited,randy,steamy,stimulated,stirred,stirred-up
arp	hans-arp,jean-arp
arquebus	hagbut
arrack	arak
arrange	set-up
arranged	ordered,staged
arrangement	agreement,placement
arrant	complete,consummate,double-dyed,everlasting,gross,perfect,pure,sodding
arras	tapestry
arrest	apprehend,collar,cop,halt,nab,nail,pick-up
arrival	reaching
arrive	come,get
arrive-at	reach
arrivederci	adieu,adios,bye,goodby
arrogant	chesty
arrogate	usurp
arrow	pointer
arse	arsehole,ass,asshole,bunghole,buns,nates,prat,tush
arse-about	loll
arse-around	loll
arsehole	arse
arsenal	armory
arson	fire-raising,incendiarism
art	fine-art,prowess
art-deco	deco
art-tatum	tatum
arteria	artery
arterial-blood-vessel	artery
artery	arteria,arterial-blood-vessel
artfully	foxily,slyly
arthritic	creaky,rheumy
arthur-ashe	ashe
arthur-evans	evans
arthur-marx	harpo
arthur-robert-ashe	ashe
arthur-tatum	tatum
article-of-clothing	clothing
article-of-faith	conviction
article-of-furniture	furniture
articulatio-coxae	coxa
articulatio-cubiti	elbow
articulatio-genus	genu,knee
articulatio-radiocarpea	carpus,wrist
artifice	ruse
artificial	hokey,stilted,unreal
artificial-insemination	ai
artificial-satellite	satellite
artillery	gun,heavy-weapon,ordnance
artilleryman	gunner
artist	creative-person
artistry	prowess
artium-baccalaurens	ab,ba
artlessness	innocence
arts	humanistic-discipline,humanities,liberal-arts
artsd	doctor-of-arts
arui	ammotragus-lervia,aoudad,audad,barbary-sheep,maned-sheep
arum	aroid
aryan	indo-aryan,indo-european
as	equally,every-bit
as-a-matter-of-fact	in-fact
as-luck-would-have-it	luckily
as-needed	prn
as-required	prn
as-well	also,besides,likewise,too
as-yet	heretofore,hitherto
asadha	asarh
asala	orly-group
asama	mount-asama
asarh	asadha
asat	antisatellite
ascend	go-up
ascending	ascent
ascension	ascent
ascent	ascending,ascension,rise
ascertain	determine,find,find-out,insure
ascertained	observed
asch	shalom-asch,sholem-asch,sholom-asch
ascribe	assign,attribute,impute
asdic	echo-sounder,sonar
asea	seaward,seawards
ash-bin	ashbin,ashcan,dustbin
ash-gray	ashy
ash-grey	ashy
ashbin	ash-bin,ashcan,dustbin,garbage-can,trash-barrel,trash-bin,trash-can,wastebin
ashcan	ash-bin,ashbin,dustbin,garbage-can,trash-barrel,trash-bin,trash-can,wastebin
ashe	arthur-ashe,arthur-robert-ashe
ashen	blanched,bloodless,livid,white
ashir	ashur
ashur	ashir,assur,asur
ashy	ash-gray,ash-grey
asian	asiatic
asiatic	asian
asin	asvina
asinine	inane
asio	genus-asio
ask	inquire,necessitate,require
ask-for	invite
askance	askant,sidelong
askant	askance,asquint,sidelong,squint,squint-eyed,squinty
asker	enquirer,inquirer,querier,questioner
askew	awry,cockeyed,lopsided,skew-whiff,wonky
asl	american-sign-language
aslant	aslope,diagonal,slanted,slanting,sloped,sloping
asleep	deceased,numb
aslope	aslant,diagonal,slanted,slanting,sloped,sloping
asp	egyptian-cobra,naja-haje
asparaginase	elspar
aspect	expression,facet,vista
aspen-poplar	abele
asperity	rigor
aspiration	ambition
aspire	aim,draw-a-bead-on,shoot-for
aspirin	acetylsalicylic-acid,bayer,empirin,st
aspis	genus-aspis,genus-cerastes
asquint	askant,sidelong
ass	arse,backside,bum,buns,butt,buttocks,can,fuck,nates,nookie,nooky,screw
ass-kisser	toady
assail	assault,attack,set-on
assailant	attacker
assassin	assassinator,bravo
assassinator	assassin
assault	assail,attack,rape,set-on
assaulter	attacker
assay	attempt,check,try
assemblage	collection,gathering
assemble	piece,put-together,set-up,tack,tack-together
assembly	fabrication,forum,gathering
assent	acquiescence
assert	asseverate,aver,maintain
assess	appraise,evaluate,measure,valuate,value
assessment	appraisal
asset	plus
asseverate	assert
asshole	arse,bastard
assign	allot,ascribe,attribute,impute,portion
assignation	tryst
assignment	appointment,duty-assignment
assist	aid,assistance,help
assistance	aid,assist,help
assistant	help,helper,supporter
assisted	aided
associate	colligate,companion,comrade,connect,consort,link,link-up,relate,tie-in
associate-in-arts	aa
associate-in-nursing	an
association-football	soccer
assoil	acquit
assort	classify,consort
assorted	mixed,sundry,various
assortment	classification,variety
assouan	aswan
assuage	allay,appease,pacify,quench,relieve
assuagement	relief
assuan	aswan
assume	don,presume,take-for-granted,usurp
assumed	fictive
assumed-name	dba
assumption	premise,premiss
assur	ashur,asur
assurance	authority,confidence,self-assurance,self-confidence,sureness
assure	ensure,guarantee,insure,promise,reassure,secure
assuredness	aplomb
asterisk	star
astern	abaft,aft
asthmatic	wheezy
astir	about
astonied	amazed,astonished,stunned
astonish	amaze,astound
astonished	amazed,astonied,astounded,stunned
astonishment	amazement
astor	john-jacob-astor
astound	amaze,astonish
astounded	amazed,astonished,stunned
astraddle	astride
astragal	talus
astragalus	talus
astral	stellar
astride	astraddle
astronomical-unit	au
astute	sharp,shrewd
asur	ashur,assur
asvina	asin
aswan	assouan,assuan
asylum	insane-asylum,institution,mental-home,mental-hospital,mental-institution,psychiatric-hospital
at-a-loss	puzzled
at-a-lower-place	below,beneath
at-all	in-the-least,the-least-bit
at-any-rate	anyhow,anyway
at-bay	trapped,treed
at-hand	impending
at-large	escaped
at-last	at-long-last,finally,in-the-end,ultimately
at-least	at-the-least
at-long-last	at-last,ultimately
at-once	directly,forthwith,immediately,instantly,now,right-away,straight-off,straightaway
at-one-time	erst,formerly
at-peace	deceased
at-random	randomly
at-rest	deceased
at-that-place	there
at-the-least	at-least
at-the-same-time	simultaneously
at-times	occasionally
atactic	ataxic
atar	athar,attar,ottar
atarax	hydroxyzine,vistaril
ataxia	ataxy
ataxic	atactic
ataxy	ataxia,dyssynergia,motor-ataxia
ateles	genus-ateles
aten	aton
athabascan	athabaskan,athapascan,athapaskan,athapaskan-language
athabaskan	athabascan
athapascan	athabascan
athapaskan	athabascan
athapaskan-language	athabascan
athar	atar,attar,ottar
athene	genus-athene
athens	athinai,capital-of-greece,greek-capital
atherodyde	ramjet
athinai	athens
athlete	jock
athletic	gymnastic
athletic-supporter	jock
athletics	sport
athodyd	ramjet
athos	mount-athos
atilt	canted,leaning,tilted,tipped
ativan	lorazepam
atlanta	capital-of-georgia
atlantic	atlantic-ocean
atlantic-ocean	atlantic
atlas	telamon
atm	atmosphere,standard-atmosphere,standard-pressure
atmosphere	ambiance,ambience,atm,aura
atmospheric-condition	weather
atom	mote,particle
atomic	nuclear
atomic-warhead	nuke
aton	aten
atonal	unkeyed
atone	aby,abye,expiate,repent
atonia	atony
atonic	unaccented
atonicity	atony
atony	amyotonia,atonia,atonicity
atopic-allergy	atopy
atopy	atopic-allergy,immediate-allergy
atoxic	nontoxic
atp	adenosine-triphosphate
atrip	aweigh
atrocious	awful,frightful,horrible
atrophy	wasting,wasting-away
attach-to	accompany
attached	connected
attack	assail,assault,onrush
attack-aircraft-carrier	carrier
attacker	aggressor,assailant,assaulter
attain	accomplish,achieve,reach
attainment	skill
attar	atar,athar,ottar
attempt	assay,effort,essay,seek,try,undertake
attempter	trier
attend	go-to
attendant	consequent,resultant
attender	hearer,listener
attending	attention
attention	attending,tending
attention-getting	catchy
attest	certify,demonstrate,evidence,manifest,testify
attic	bonce,garret,loft,noggin,noodle
attire	dress,garb
attired	appareled,dressed,garbed,garmented,habilimented,robed
attitude	mental-attitude,posture
attorney	lawyer
attract	draw,draw-in,pull,pull-in
attractively	beautifully
attribute	ascribe,assign,impute
au	astronomical-unit
au-naturel	naked,nude
au-revoir	adieu,adios,bye,goodby
auberge	inn
auction	vendue
auction-sale	vendue
audacious	brazen,daring
audaciousness	temerity
audacity	temerity
audad	ammotragus-lervia,aoudad,arui,barbary-sheep,maned-sheep
auden	w,wystan-hugh-auden
audible	hearable
audile	auditive,auditory
audit	audited-account
audited-account	audit
audition	tryout
auditive	audile
auditor	hearer,listener
auditory	audile
auf-wiedersehen	adieu,adios,bye,goodby
aug	august
auger	gimlet,screw-auger,wimble
aught	cipher,cypher,goose-egg,nada,naught,nil,nix,nothing,null,zero,zilch,zippo
augmentin	amoxil,trimox
augur	auspicate,betoken,bode,foreshadow,omen,portend,presage,prognosticate
august	aug,lordly,revered
auguste-comte	comte
auguste-rodin	rodin
aum	aum-shinrikyo,supreme-truth
aum-shinrikyo	aum
aunt	auntie,aunty
auntie	aunt,aunty
aunty	aunt,auntie
aura	air,atmosphere,halo,nimbus
aureate	florid,gilded,gilt,golden
aureole	corona,halo,nimbus
aureomycin	chlortetracycline
auric	aurous
auricle	pinna
auricular	otic
auriparus-flaviceps	verdin
aurochs	urus,wisent
aurora	dawn,sunup
aurous	auric
auspicate	augur,bode
auspices	aegis
austere	severe,stark,stern
austin	capital-of-texas
australian-aborigine	abo
austrian-capital	vienna
authentic	bona-fide,unquestionable,veritable
authenticity	genuineness,legitimacy
author	writer
authorisation	authority,mandate,potency
authorise	authorize
authoritarianism	tyranny
authoritative	classic
authorities	government,regime
authority	agency,assurance,authorisation,authorization,bureau,confidence,dominance,potency,say-so
authorization	authority,mandate,potency
authorize	authorise,clear,pass
authorship	writing
auto	automobile,car,machine,motorcar
autobus	bus,jitney
autocrat	tyrant
autocratic	bossy
autoimmune-diabetes	iddm
automatic-washer	washer
automaton	golem,robot
automobile	auto,car,machine,motorcar
autonomy	liberty
autopsy	necropsy,pm,post-mortem,post-mortem-examination,postmortem,postmortem-examination
autumn	fall
av	ab
avahi	genus-avahi
avarice	avaritia,covetousness,greed,rapacity
avaricious	grabby,greedy
avariciously	greedily
avaritia	avarice
avena	genus-avena
avenge	retaliate,revenge
aventail	camail
aver	affirm,allege,assert,avow,swan,swear,verify
average	mean,median,medium,modal
averse	antipathetic,antipathetical,indisposed,loath,loth
aversion	distaste
avert	debar,deflect,fend-off,forefend,forfend,head-off,obviate,stave-off
aves	class-aves
avesta	zend-avesta
avestan	zend
aviary	bird-sanctuary,volary
avid	zealous
avidity	eagerness
avidness	eagerness
avocado	aguacate,alligator-pear,avocado-pear
avocado-pear	avocado
avocation	hobby
avoidance	dodging,shunning,turning-away
avouch	avow
avouchment	avowal
avow	aver,avouch
avowal	affirmation,avouchment
avowed	professed
await	expect,look,wait
awaited	anticipated,hoped-for
awake	awaken,waken
awaken	arouse,awake,come-alive,wake,wake-up,waken
award	awarding,honour,laurels,prize
awarding	award
aware	cognisant,cognizant,mindful
awareness	cognisance,cognizance,consciousness,knowingness
awash	afloat,flooded,inundated,overflowing
away	forth,off
awe-inspiring	amazing,awing
aweary	weary
awed	awestruck,awful
aweigh	atrip
aweless	awless
awesome	amazing,awing
awestricken	awestruck
awestruck	awed,awestricken
awful	abominable,amazing,atrocious,awed,awfully,awing,dire,dreadful,fearful,frightening,nasty,painful
awfully	awful,frightfully,horribly,terribly
awhile	for-a-while
awing	amazing,awe-inspiring,awesome,awful
awkward	inapt
awkwardness	slowness
awless	aweless,disrespectful
awned	awny
awning	sunblind,sunshade
awny	awned
awol	truant
awry	amiss,askew,cockeyed,lopsided,skew-whiff,wonky
ax	axe
axe	ax
axial	axile
axile	axial
axilla	armpit,axillary-cavity,axillary-fossa
axillary-cavity	armpit,axilla
axillary-fossa	armpit,axilla
axiom	maxim
axis	bloc
axon	axone
axone	axon
aythya	genus-aythya
az	arizona,grand-canyon-state
az-zarqa	zarqa
azadirachta-indica	neem
azathioprine	imuran
azoimide	hn
azotemic	uremic
azotic	nitric,nitrous
azt	retrovir,zdv,zidovudine
azure	bright-blue,cerulean,sky-blue
azygos	azygous
azygous	azygos
b	bc,bce,boron,btu
ba	ab,artium-baccalaurens,bachelor-of-arts,barium
baa	blat
babble	blab
babble-out	blab
babe	baby,infant
baboo	babu
babu	baboo
baby	babe,coddle,infant,pamper
baby's-room	nursery
baby-buggy	pram,pusher
baby-carriage	pram,pusher
baby-walker	walker
babyhood	infancy
bacca	simple-fruit
bacchanal	debauch
bacchanalia	debauch
baccy	tobacco
bachelor-of-arts	ab,ba
bachelor-of-divinity	bd
bachelor-of-laws	llb
bachelor-of-literature	blitt
bachelor-of-medicine	mb
bachelor-of-music	bmus
bachelor-of-science	bs,sb
bachelor-of-theology	thb
back	backward,endorse,hind,rachis,rearward,spine
back-breaker	elvis,zen
back-pack	haversack,knapsack
back-street	alley
back-talk	sass,sassing
back-up	clog,support
backbone	grit,guts,moxie,rachis,spine
backbreaking	arduous
backchat	banter
backer	angel
backing	backup,championship,patronage
backpack	haversack,knapsack
backside	ass,buns,nates,prat,tush
backstop	catcher
backtalk	sass,sassing
backup	backing,championship,patronage
backward	back,backwards,rearward,rearwards
backwards	backward,rearward
bacteria	bacterium
bacteriophage	phage
bacterium	bacteria
bad	badness,forged
bad-mannered	rude
bad-tempered	crabby,fussy,grumpy
badger	beleaguer,bug,pester,tease
badger-state	wi
badly	gravely,poorly,seriously,severely
badness	bad,severity
baeda	beda,bede,saint-baeda,saint-beda,saint-bede,st,the-venerable-bede
baffle	beat,frustrate,get,mystify,perplex,pose,puzzle,stick,thwart,vex
baffled	bewildered,confused,mazed
baffling	knotty
bag	handbag,purse,suitcase,udder
bagel	beigel
baggage	luggage
baggy	loose-fitting,sloppy
bagnio	bathhouse,brothel
bagpiper	piper
bahama-grass	doob,kweek
baht	tical
bai	baic
baic	bai
baisa	baiza
bait	come-on,decoy,hook,lure,sweetener,taunt
baiza	baisa
baked	parched
bakehouse	bakery
baker	bread-maker
bakery	bakehouse,bakeshop
bakeshop	bakery
baking	baking-hot
baking-hot	baking
baku	capital-of-azerbaijan
balance	libra,remainder,rest,symmetry
balas	balas-ruby
balas-ruby	balas
bald	bald-headed,bald-pated
bald-faced	brazen
bald-headed	bald
bald-pated	bald
balder	baldr
balderdash	piffle
baldhead	baldy
baldpate	baldy
baldr	balder
baldy	baldhead,baldpate
bale	basel,basle
balefire	bonfire
baleful	baneful,ominous,sinister
balibago	purau
balk	baulk,jib,rafter,resist
balking	balky
balky	balking
ball	chunk,clod,glob,lump,orchis,testicle,testis
ball-club	club
ballad	lay
ballet	concert-dance
ballet-skirt	tutu
ballock	orchis,testicle,testis
balloon-bomb	fugo
ballot	voting
balloting	voting
ballpen	biro
ballplayer	baseball-player
ballpoint	biro
ballpoint-pen	biro
ballroom	dance-hall,dance-palace
balls-up	ballup,cockup
ballup	balls-up,cockup,mess-up
bally	blinking,bloody,blooming,crashing,flaming,fucking
ballyhoo	hype
balm	ointment,salve,unction,unguent
balmily	daftly
balmy	barmy,bats,batty,daft,fruity,kookie,kooky,loco,loony,loopy,mild,nuts
baloney	bosh,tosh
balsa	ochroma-lagopus
balsam-of-tolu	tolu
balusters	banister
balustrade	banister
balzac	honore-balzac,honore-de-balzac
bam	bang,blast,clap,eruption
bambino	tot
ban	banish
banal	commonplace,hackneyed,old-hat,shopworn,stock,threadbare,timeworn,tired,trite
banality	cliche
band	circle,lot,set,stria,stripe
band-aid	quickie,quicky
bandage	patch
bandaged	bound
bandeau	bra
banded-anteater	numbat
banding	stria,stripe
bandit	brigand
bandy	bowleg
bandy-legged	bowleg
bane	curse,nemesis,scourge
baneful	baleful
bang	bam,bash,clap,slam,spang,thrill
bang-up	bully,dandy,nifty
banger	cracker,firecracker
banging	battering
bangle	bauble,fallal,gaud,gewgaw,novelty,trinket
banian	banyan
banish	ban,blackball,cast-out,ostracise,ostracize,shun
banister	balusters,balustrade,bannister,handrail
bank	rely,trust
bankia	genus-bankia
banks	sir-joseph-banks
banned	prohibited
banner	streamer
bannister	banister
banquet	feast
banshee	banshie
banshie	banshee
bantam	diminutive,flyspeck,lilliputian,midget,petite,tiny
banteng	tsine
banter	backchat,chaff,give-and-take,josh,raillery
banting	tsine
banyan	banian
baptise	baptize
baptismal-font	font
baptistery	font
baptistry	font
baptize	baptise,christen
bar	barroom,cake,debar,ginmill,prevention,saloon,taproom
bar-absolute	barye
barb	dig,gibe,jibe,shaft,shot,slam
barbarian	barbaric,boor
barbaric	barbarian,savage,uncivilised,uncivilized,wild
barbarous	brutal,cruel,savage,vicious
barbary-sheep	aoudad,arui,audad
barbate	bearded
barbed	biting,briary,briery,burred,burry,mordacious,nipping,pungent,setose,spiny,thorny
barbel	feeler
barbellate	briary,briery,burred,burry,setose,spiny,thorny
barbu	polydactylus-virginicus
bard	barde
bard-of-avon	shakespeare
barde	bard,caparison,dress-up
bare	desolate,naked,nude,scanty,spare
bare-ass	peeled
bare-assed	peeled
bared	bareheaded
barefaced	brazen
barefoot	barefooted,shoeless
barefooted	barefoot
bareheaded	bared
barely	hardly,just,scarce,scarcely
barf	puke,vomit,vomitus
bargain	deal
bargainer	dealer,trader
barge	flatboat,hoy,lighter
baring	denudation,husking,stripping,uncovering
barium	ba
bark	barque
barker	bow-wow,doggie,doggy,pooch
barley	barleycorn
barleycorn	barley
barm	yeast
barmy	balmy,bats,batty,bonkers,buggy,cracked,crackers,daft,fruity,kookie,kooky,loco
baron	big-businessman,business-leader,king,magnate,mogul,power,top-executive,tycoon
baron-clive	clive
baron-clive-of-plassey	clive
baroness-emmusca-orczy	orczy
baronet	bart
baronial	noble,stately
baroque	churrigueresco,churrigueresque
barque	bark
barrack	jeer,scoff
barracouta	snoek
barrage	bombardment,onslaught,outpouring
barratry	simony
barrel	bbl,cask,gun-barrel
barren	desolate,destitute,devoid,free,innocent
barrenness	aridity
barroom	bar,ginmill,saloon
barrow	garden-cart,lawn-cart,wheelbarrow
bars	parallel-bars
bart	baronet
barter	swap,swop,trade
barth	john-barth,john-simmons-barth
bartholomeu-dias	dias,diaz
bartholomeu-diaz	dias,diaz
baruch	book-of-baruch
barye	bar-absolute,microbar
basal	radical
basal-metabolic-rate	bmr
base	alkali,establish,found,ground,qaeda,radix,stem
baseball	baseball-game
baseball-club	club
baseball-diamond	infield
baseball-game	baseball
baseball-glove	glove,mitt
baseball-mitt	glove,mitt
baseball-player	ballplayer
basel	bale,basle
basely	meanly,scurvily
basement	cellar
bash	bang,belt,bonk,knock,smash,whap,whop
bashful	blate
bashfully	shyly,timidly
basia	basra
basic	staple
basic-principle	basics
basically	essentially,fundamentally
basics	basic-principle,bedrock,fundamental-principle,fundamentals
basil	sweet-basil
basis	footing,ground
bask	enjoy,relish,savor,savour
basket	handbasket
basket-rummy	meld
basketball	hoops
basketball-game	hoops
basketball-player	cager
basketeer	cager
basle	bale,basel
basra	basia
bass	basso
bass-horn	tuba
bass-viol	gamba
bass-voice	basso
basset	basset-hound
basset-hound	basset
basso	bass,bass-voice
basswood	linden
bast	phloem
bastard	asshole,bogus,cocksucker,dickhead,fake,mother-fucker,motherfucker,phoney,phony,prick,shit,whoreson
bastard-wing	alula
baste	clobber
bat	drub,lick
bataan	corregidor
batch	lot,mint,slew
bath	bathroom,bathtub,tub
bather	natator,swimmer
bathetic	drippy,mushy,slushy,soppy,soupy
bathhouse	bagnio
bathing	washup
bathing-tub	bathtub,tub
bathroom	bath,john,lav,lavatory,toilet
bathtub	bath,bathing-tub,tub
batis	genus-batis
baton	wand
baton-twirler	twirler
batrachia	anura
batrachian	anuran,frog,toad
bats	balmy,barmy,batty,bonkers,buggy,cracked,crackers,daft,fruity,kookie,kooky,loco
batsman	hitter,slugger
batter	buffet,clobber,hitter,knock-about,slugger
battered	beat-up,beaten-up
battering	banging
battery-acid	elvis,zen
batting-order	lineup
battle	conflict,engagement,fight,struggle
battle-born-state	nv
battle-of-boyne	boyne
battle-of-crecy	crecy
battle-of-cunaxa	cunaxa
battle-of-ipsus	ipsus
battle-of-issus	issus
battle-of-ivry	ivry
battle-of-jena	jena
battle-of-lutzen	lutzen
battle-of-maldon	maldon
battle-of-minden	minden
battle-of-naseby	naseby
battle-of-pydna	pydna
battle-of-rocroi	rocroi
battle-of-shiloh	shiloh
battle-of-tertry	tertry
battle-of-the-somme	somme
battle-of-valmy	valmy
battle-of-verdun	verdun
battle-of-wagram	wagram
battle-of-ypres	ypres
battle-of-zama	zama
battle-royal	melee
battler	fighter
battue	bloodbath,bloodletting,bloodshed
batty	balmy,barmy,bats,bonkers,buggy,cracked,crackers,daft,fruity,kookie,kooky,loco
bauble	bangle,fallal,gaud,gewgaw,novelty,trinket
baud	baud-rate
baud-rate	baud
baulk	balk,rafter
baum	frank-baum,lyman-frank-brown
bawd	cocotte,cyprian,fancy-woman,harlot,prostitute,tart,whore,working-girl
bawdy	off-color,ribald
bawdyhouse	brothel
bawl	bellow
bawler	roarer
bawling	wailing
bawling-out	earful
bay	alcove,embayment
bay-lynx	bobcat
bay-wreath	laurel
baya	ploceus-philippinus
baycol	cerivastatin
bayer	acetylsalicylic-acid,aspirin,empirin,st
bayes	thomas-bayes
bazaar	bazar
bazar	bazaar
bb	bb-shot
bb-shot	bb
bbl	barrel
bbs	bulletin-board,bulletin-board-system
bc	b,before-christ
bce	b
bd	bachelor-of-divinity
be	constitute,embody,exist,follow
be-adrift	drift,float
be-due	flow-from
be-given	incline,tend
be-sick	retch,spew,spue,vomit
beach-waggon	waggon
beach-wagon	waggon
beacon	beacon-fire,pharos
beacon-fire	beacon
beacon-light	pharos
beadlike	beady
beads	string-of-beads
beady	beadlike,buttonlike,buttony,gemmed,jeweled
beak	bill,neb,nib,peck,pecker,schnoz,snoot
beam	ray
beam-of-light	ray
beaming	beamy,glad,radiant
beamish	smiling
beamy	beaming,effulgent,radiant,refulgent
bean	bonce,edible-bean,noggin,noodle
bean-curd	tofu
bean-town	boston
beanball	beaner
beaner	beanball
beanie	beany
beano	bingo,keno,lotto
beantown	boston
beany	beanie
bear	endure,tolerate
bear-cat	panda
bear-on	affect,concern,pertain,preserve,uphold
bear-upon	affect
bear-witness	testify
beard	byssus,face-fungus,whiskers
bearded	barbate,bewhiskered,whiskered,whiskery
bearer	carrier,toter
bearing	comportment,mien,presence
bearskin	busby,shako
beast	animal,animate-being,brute,creature,fauna
beast-of-burden	jument
beastly	bestial
beat	baffle,beat-out,bushed,crush,exhaust,pulse,puzzle,rhythm,shell,thump,trounce,vanquish
beat-back	repel
beat-generation	beats
beat-out	beat
beat-up	battered,rally
beaten-up	battered
beatific	angelic
beating	lacing,whipping
beating-reed-instrument	reed
beatniks	beats
beats	beat-generation,beatniks
beats-per-minute	bpm
beau	boyfriend,dude,fellow,fop,sheik,swain,young-man
beau-ideal	paragon
beaut	beauty
beautifully	attractively
beautify	adorn,decorate
beauty	beaut,lulu
beaver	topper
beaver-state	oregon
bebop	bop
bechance	befall
beckon	wave
becloud	befog
become	get,go
becoming	seemly
bed	layer
bed-bug	bedbug,chinch
bed-clothing	bedding
beda	baeda,bede,saint-baeda,saint-beda,saint-bede,st,the-venerable-bede
bedamn	anathemise,anathemize,beshrew,curse,damn,imprecate,maledict
bedazzle	dazzle
bedbug	bed-bug,chinch,cimex-lectularius
bedchamber	bedroom
bedclothes	bedding
bedding	bed-clothing,bedclothes
bede	baeda,beda,saint-baeda,saint-beda,saint-bede,st,the-venerable-bede
bedewed	dewy
bedfast	bedrid,bedridden,sick-abed
bedim	obscure,overcloud
bedizen	dizen
bedlam	booby-hatch,chaos,crazy-house,cuckoo's-nest,funny-farm,funny-house,loony-bin,madhouse,nut-house
bedrid	bedfast,bedridden,sick-abed
bedridden	bedfast,bedrid
bedrock	basics
bedroom	bedchamber,chamber,sleeping-accommodation,sleeping-room
bedsit	bedsitter,bedsitting-room
bedsitter	bedsit
bedsitting-room	bedsit
bee-house	apiary
beebread	ambrosia
beech	beech-tree
beech-tree	beech
beef	beef-cattle,boeuf,gripe
beef-cattle	beef
beef-up	fortify,strengthen
beefy	buirdly,burly,husky,strapping
beehive	hive
beehive-state	utah
beelzebub	devil,lucifer,satan
beep	bleep
beeper	pager
beer-mug	stein
beet	beetroot
beetle	mallet
beetleweed	galax
beetroot	beet
befall	bechance,betide
befit	beseem,suit
befittingly	fitly,suitably
befog	becloud,cloud,fog,haze-over,mist,obnubilate,obscure
befool	dupe,gull
before	ahead,earlier,in-front
before-christ	bc
before-long	presently,soon
befouled	fouled
befuddled	addled,bewildered,confused,mazed,muzzy,woolly
beg	implore,pray,solicit
beget	bring-forth,engender,father,generate,get,mother,sire
begetter	father
beggar	mendicant
begild	gild
begin	commence,get,get-down,set-about,set-out,start,start-out
beginner	tiro,tyro
beginning	origin,outset,source
begrime	colly
begrimed	dingy,grimy,grubby,grungy
behave	act,do
behavior	behaviour,conduct,demeanor,doings
behaviour	behavior,demeanor,doings
behead	decapitate,decollate
behmen	boehm,bohme
behold	lay-eyes-on
beholder	observer
beige	ecru
beigel	bagel
being	beingness,existence,organism
beingness	being,existence
belated	late,tardy
belau	palau,palau-islands,pelew
belch	belching,burp,burping,eruct,eructation
belching	belch,burp
beldam	crone
beldame	crone
beleaguer	badger,besiege,pester,tease
beleaguering	siege
belem	feliz-lusitania,para,santa-maria-de-belem,st
belfry	campanile
belgian-congo	congo,zaire
belie	contradict,negate
belief	impression
belike	in-all-likelihood,in-all-probability,likely,probably
bell	chime,gong
bell-morel	verpa
bella-sombra	ombu
belle-miriam-silverman	sills
bellied	bulgy
belligerent	fighter
bellow	bawl,holla,hollo,yowl
bellower	roarer
bellowing	holla,hollo,yowl
belly	abdomen,paunch,stomach,venter
belly-button	navel
belly-laugh	wow
bellybutton	navel
bellying	bulgy
belong	belong-to
belong-to	belong
belongings	property
beloved	darling,dear
below	at-a-lower-place,beneath,downstairs,infra,to-a-lower-place
belowground	underground
belt	bash,swath,whang
beluga	delphinapterus-leucas,hausen,white-whale
bema	chancel,sanctuary
bemire	colly
bemoan	bewail,deplore,lament
bemock	mock
bemused	bewildered,confused,mazed
ben-hecht	hecht
ben-shahn	shahn
ben-sira	sirach
bench	workbench
bench-vise	vise
bend	crouch,flex,stoop
bended	bent
bender	breaking-ball,curve,curve-ball,toot
bends	aeroembolism,air-embolism,caisson-disease,decompression-sickness,gas-embolism
beneath	at-a-lower-place,below,to-a-lower-place
benefactor	helper
beneficial	good
beneficiary	donee
benet	william-rose-benet
benevolent	kindly
benighted	nighted
benign	benignant
benignant	benign
benin	dahomey,republic-of-benin
benjamin-kubelsky	benny
benjamin-shahn	shahn
benjamin-spock	spock
benne	benni,benny,sesame,sesamum-indicum
benni	benne,benny,sesame,sesamum-indicum
bennie	benzedrine
benny	benjamin-kubelsky,benne,benni,jack-benny
bent	bended,dented,knack,set
benumbed	dulled,numb
benzedrine	bennie
bequest	legacy
berate	call-on-the-carpet,lecture,rag,rebuke,reprimand,reproof,take-to-task,trounce
bercy	bercy-butter
bercy-butter	bercy
bereaved	bereft
bereft	bereaved,grief-stricken,grieving,mourning,sorrowing
berg	iceberg
bergall	cunner
berit	berith,bris,briss,brith
berith	berit,bris,briss,brith
berkelium	bk
berlin	german-capital
berm	shoulder
bermuda-grass	doob,kweek
bern	berne,capital-of-switzerland
berne	bern,capital-of-switzerland
berra	lawrence-peter-berra,yogi,yogi-berra
berserk	amok,amuck
berth	billet,office,place,position,post,situation,spot
beseech	adjure,bid,conjure,entreat,press
beseem	befit
beset	chevvy,chevy,chivvy,chivy,harass,harry,hassle,plague
beshrew	bedamn
besides	also,as-well,in-any-case
besiege	beleaguer,circumvent,hem-in,surround
besieging	siege
besot	stupefy
besotted	blotto,crocked,pissed,soaked,soused
bespeak	call-for,indicate,request
best-loved	favored
bestial	beastly,brutal,brute,brutish
bestir	rouse
bestow	confer,contribute
bestower	donor
bet	wager
beta-lipoprotein	ldl
beta-orionis	rigel
betel	betel-pepper,piper-betel
betel-pepper	betel
bethe	hans-albrecht-bethe,hans-bethe
betide	befall
betise	folly,foolishness,imbecility,stupidity
betoken	augur,bode,indicate
betray	bewray
betrayal	perfidy,treachery,treason
betsy-griscom-ross	ross
betsy-ross	ross
bette-davis	davis
better	improve
better-half	partner,spouse
better-looking	handsome
bevel	chamfer
beverly-sills	sills
bevin	ernest-bevin
bewail	bemoan,deplore,lament
beware	mind
bewhiskered	bearded
bewildered	baffled,befuddled,bemused,confounded,confused,lost,mazed,mixed-up
bewray	betray
bextra	valdecoxib
bezoar-goat	pasang
bh	bohrium
bhagavad-gita	gita
bhagavadgita	gita
bharat	india
bi	bismuth
bialy	bialystoker
bialystoker	bialy
bias	preconception,prejudice
biased	colored,coloured,one-sided,slanted
biaxal	biaxate,biaxial
biaxate	biaxal
biaxial	biaxal
bible	book,christian-bible,good-book,holy-scripture,holy-writ,scripture,word,word-of-god
biblical	scriptural
bibos	genus-bibos
bibos-frontalis	gayal,mithan
bibos-gaurus	gaur
bibulous	boozy,drunken
bicker	brabble,niggle,pettifog,quibble,squabble,tiff
bickering	tiff
bicorn	bicornate,bicorned,bicornuate,bicornuous
bicornate	bicorn
bicorned	bicorn
bicornuate	bicorn
bicornuous	bicorn
bicycle	bike,cycle,wheel
bicycler	cyclist
bicyclist	cyclist
bid	beseech,command,offer,tender
bida	capital-of-qatar,doha,el-beda
bidding	command
biddy	chick,hen
bide	abide,stay
biface	bifacial
bifacial	biface
biff	clout,lick,poke,pommel,pummel,punch,slug
bifurcate	forked,prongy
big	braggy,gravid,grown,large,swelled
big-board	nyse
big-businessman	baron,mogul
big-h	scag,skag
big-league	majors
big-toe	hallux
bigger	larger
bigheaded	snooty,uppish
bigmouthed	blabby
bike	bicycle,cycle,wheel
bikini	two-piece
bilby	macrotis-lagotis,rabbit-bandicoot,rabbit-eared-bandicoot
bile	gall
bilgewater	bosh,tosh
bilious	livery
bilk	elude,frustrate,thwart
bill	beak,flier,flyer,measure,neb,nib,pecker,poster,visor,vizor
bill-gates	gates
bill-of-fare	carte,menu
billet	berth,office,place,position,post,situation,spot
billfish	gar,saury
billfold	wallet
billow	surge,wallow
billowing	surging
billowy	surging
billy	billy-goat,he-goat
billy-goat	billy
bimli	bimli-hemp,bombay-hemp,deccan-hemp,hibiscus-cannabinus,indian-hemp,kanaf,kenaf
bimli-hemp	bimli,kanaf,kenaf
bind	adhere,bond,hold-fast,stick,stick-to,tie
binder	reaper-binder
bine	common-hop,common-hops,european-hop,humulus-lupulus
binet	alfred-binet
binge	bout,bust,tear
bingle	single
bingo	beano,keno,lotto
bio-assay	bioassay
bioarm	biological-weapon,bioweapon
bioassay	bio-assay
bioattack	bw
biography	life,life-history,life-story
biologic	biological
biologic-attack	bw
biological	biologic
biological-attack	bw
biological-science	biology
biological-warfare	bw
biological-weapon	bioarm
biology	biological-science,biota
biota	biology
bioweapon	bioarm
biped	bipedal,two-footed
bipedal	biped
biramous	forked,prongy
birch	birchen,birken
birchen	birch,birken
bird	dame,razz,wench
bird-of-jove	eagle
bird-of-minerva	hooter,owl
bird-of-night	hooter,owl
bird-of-prey	raptor
bird-sanctuary	aviary,volary
bird-scarer	scarer
birken	birch,birchen
birl	birle,spin,twirl,whirl
birle	birl
biro	ballpen,ballpoint,ballpoint-pen
birr	whir,whirr,whirring,whiz
birthing-coach	doula
birthmark	nevus
biscuit	cookie,cooky
bise	bize
bishop-of-rome	pope
bismuth	bi
bison-bison	buffalo
bison-bonasus	wisent
bisulcate	cloven
bit	fleck,morsel,scrap,spot
bit-by-bit	gradually,stepwise
bitch	gripe
bitchy	cattish,catty
bite	chomp,morsel,seize-with-teeth,snack
biting	barbed,mordacious,nipping,pungent
biting-midge	punkey,punkie,punky
bitis	genus-bitis
bitmap	electronic-image
bits-per-inch	bpi
bits-per-second	bps
bitt	bollard
bitter	acerb,acrid,acrimonious
bitter-aloes	aloes
bitter-cassava	gari
bitterness	gall,rancor,rancour,resentment
bittie	bitty,teensy,teensy-weensy,teentsy,teeny,wee,weensy,weeny
bitty	bittie,teensy,teensy-weensy,teentsy,teeny,wee,weensy,weeny
bivouac	camp,cantonment,encamp,encampment
bivouacking	camping,tenting
biz	game
bizarre	eccentric,flakey,flaky,freakish,freaky,gonzo,off-the-wall,outlandish,outre
bize	bise
bizet	georges-bizet
bk	berkelium
blab	babble,babble-out,blab-out,peach,sing,spill-the-beans,talk,tattle
blab-out	blab
blabbermouthed	blabby,leaky
blabby	bigmouthed,blabbermouthed,talkative
black	blacken,blackness,bleak,disastrous,negro,shameful,smutty
black-angus	angus
black-cat	pekan
black-english	aave
black-eye	setback
black-footed-albatross	gooney,goonie,goony
black-lead	graphite
black-margate	pompon
black-maria	hearts
black-person	negro
black-pine	matai
black-september	ano
black-tie	tux,tuxedo
black-vernacular	aave
blackamoor	negro
blackball	banish
blackbird	merl,merle,ousel,ouzel
blacken	black,melanise,melanize,nigrify
blackfish	tautog
blackguard	ridicule
blackhead	comedo
blackjack	cosh
blackness	black,inkiness
bladder	vesica
blade	leaf-blade,sword
blah	bombast,claptrap,fustian,rant
blair	tony-blair
blake	william-blake
blame	blamed,blessed,damned,darned,deuced,fault,goddam,goddamned
blamed	blame,blasted,blessed,damn,damned,darned,deuced,goddam,goddamned
blanch	blench,pale
blanched	ashen
bland	flat,flavorless,flavourless,insipid,savorless,savourless,suave,vapid
blandish	flatter
blank	vacuous
blanket	cover
blare	blaring,blast,cacophony,clamor,din
blaring	blare,clamor,din
blarney	coax
blase	bored
blaspheme	curse,swear
blasphemous	profane
blast	bam,blare,clap,gust,smash
blasted	blamed,blessed,damned,darned,deuced,goddam,goddamned
blat	baa,blate,bleat
blatant	clamant,clamorous,strident,vociferous
blate	bashful,blat
blatta	genus-blatta
blazer	sport-coat,sport-jacket,sports-coat,sports-jacket
blazing	blinding,dazzling,fulgent,glaring,glary
blazon	arms,blazonry,coat-of-arms
blazonry	blazon
bleached	dyed,faded,washy
bleak	black,desolate,dim
blear	blear-eyed,bleary,bleary-eyed
blear-eyed	blear,bleary
bleary	blear,blear-eyed,bleary-eyed,blurred,blurry
bleary-eyed	blear,bleary
bleat	blat
bleb	blister,bulla
blebbed	blebby
blebby	blebbed
bleed	hemorrhage,shed-blood
bleep	beep
blemish	defect,mar
blemished	flawed
blench	blanch
blend	fuse,immingle,immix,intermingle,intermix,mix
blending	shading
blennius-pholis	shanny
blenny	combtooth-blenny
blessed	blame,blamed,blasted,blest,damn,damned,darned,deuced,goddam,goddamned
blessed-virgin	mary
blessing	approval
blest	blessed
blether	prate
bleu	blue-cheese
bligh	captain-bligh,william-bligh
blight	plague
blighted	spoilt
blighter	bloke,chap,cuss,fella,fellow,gadfly,lad
blimp	sausage,sausage-balloon
blind	unsighted
blind-drunk	blotto,crocked,pissed,soaked,soused
blind-gut	caecum,cecum
blinder	winker
blinding	blazing,glaring,glary
blindness	cecity,sightlessness
bling	bling-bling
bling-bling	bling
blini	bliny
blink	flash,nictate,nictitate,wink
blink-of-an-eye	instant,jiffy,trice
blinker	flasher,winker
blinking	bally
bliny	blini
blip	pip,radar-target
bliss	blissfulness,cloud-nine,seventh-heaven,walking-on-air
blissfulness	bliss
blister	bleb,vesicate
blister-beetle	meloid
blistering	acerb,acrid
blithely	gayly,happily,jubilantly,merrily,mirthfully
blitt	bachelor-of-literature
blitz	blitzkrieg
blitzkrieg	blitz
bloc	axis
bloch	ernest-bloch
block	parry,pulley
block-of-metal	ingot
blockade	encirclement
blockhead	dunce,lunkhead
blockish	blocky
blocky	blockish
blog	web-log
bloke	blighter,chap,cuss,fella,feller,fellow,gent,lad
blond	blonde,light-haired
blonde	blond
blood	ancestry,lineage,roue
blood-brother	brother
blood-clot	grume
blood-line	ancestry,lineage
blood-plasma	plasm,plasma
blood-profile	cbc
blood-red	cerise,cherry,crimson,red
blood-related	kin
blood-relation	sib
blood-relative	sib
blood-serum	serum
bloodbath	battue
bloodless	ashen
bloodletting	battue
bloodline	ancestry,lineage
bloodshed	battue
bloodstained	gory
bloodsucker	leech
bloodwood-tree	kiaat
bloody	bally
bloom	blooming,blossom,flower,heyday
bloomer	blunder,boner,botch,bungle,fuckup
bloomers	pants
blooming	bally,bloom
blooper	blunder,boner,botch,bungle,fuckup
blossom	bloom,flower,heyday,unfold
blossom-forth	unfold
blossom-out	unfold
blot	daub,slur,smear,smirch,smudge,spot
blotch	mottle,splodge,splotch
blotto	besotted,blind-drunk,cockeyed,crocked,fuddled,loaded,pie-eyed,pissed,soaked,soused
blow	boast,bodge,brag,coke,drift,float,flub,gust,setback,spoil,waste
blow-up	detonate,explode
blowfish	puffer
blown	pursy,winded
blowout	gala
blowsy	blowzy,slatternly,sluttish
blowup	enlargement,explosion,magnification,outburst
blowy	breezy,windy
blowzy	blowsy,slatternly,sluttish
blub	blubber,sniffle,snivel,snuffle
blubber	blub
blue	amytal,blueish,bluish,dismal,drear,profane,risque,spicy
blue-angel	amytal
blue-bull	nilgai
blue-cheese	bleu
blue-devil	amytal
blue-green	cyan,teal
blue-jack	coho,cohoe
blue-mahoe	mahoe
blue-tit	tomtit
bluebill	scaup
bluegrass-state	kentucky,ky
blueish	blue,bluish
bluish	blue,blueish
bluish-green	cyan,teal
blunder	bloomer,blooper,blurt,boner,botch,bungle,ejaculate,flub,foul-up,fuckup,goof,pratfall
blunder-out	blurt,ejaculate
blunt	candid,forthright,frank,free-spoken,outspoken,plainspoken,point-blank,stark
blur	fuzz
blurb	endorsement,indorsement
blurred	bleary,blurry,foggy,fuzzy,hazy,muzzy
blurry	bleary,blurred,foggy,fuzzy,hazy,muzzy
blurt	blunder,blunder-out,blurt-out,ejaculate
blurt-out	blurt,ejaculate
blush	crimson,flush,redden
blusher	rouge
blushful	rosy
bluster	boast,brag,bravado
bm	bowel-movement,feces,movement
bmi	body-mass-index
bmr	basal-metabolic-rate
bmus	bachelor-of-music
bo's'n	bos'n,bosun
bo'sun	bos'n,bosun
bo-tree	pipal,pipul
board	plank
boarding	embarkation,embarkment
boast	blow,bluster,brag,gas,shoot-a-line,swash,tout,vaunt
boastful	braggy
boater	leghorn,panama,panama-hat,sailor,skimmer,straw-hat
boating	yachting
boatswain	bos'n,bosun
bob	bobber
bobber	bob,bobfloat,cork
bobbin	reel,spool
bobby-orr	orr
bobcat	bay-lynx,lynx-rufus
bobfloat	bobber
bocce	bocci,boccie
bocci	bocce,boccie
boccie	bocce,bocci
boche	hun,jerry,kraut,krauthead
bock	bock-beer
bock-beer	bock
bod	anatomy,build,figure,human-body,material-body,physical-body,physique,soma
bodacious	brazen
bode	augur,auspicate,betoken,foreshadow,omen,portend,presage,prognosticate
bodge	blow,botch,botch-up,bumble,flub,fumble,muff,screw-up,spoil
bodily	somatic
bodily-cavity	cavum
bodkin	threader
bodoni	bodoni-font,modern,modern-font
bodoni-font	bodoni
body	organic-structure,physical-structure,torso
body-build	physique
body-louse	cootie
body-mass-index	bmi
body-of-work	oeuvre
body-politic	country,nation
body-snatcher	ghoul
bodybuilder	muscle-builder,musclebuilder,muscleman
boehm	behmen,boehme,bohme,jakob-behmen,jakob-boehm,jakob-boehme,jakob-bohme
boehme	boehm,bohme
boehmeria-nivea	ramee,ramie
boell	heinrich-boell,heinrich-theodor-boell
boer	afrikander,afrikaner
boeuf	beef
bog	peat-bog
bogey	bogie,bogy
boggy	marshy,miry,mucky,muddy,quaggy,sloppy,sloughy,soggy,swampy
bogie	bogey,bogy
bogus	bastard,fake,phoney,phony
bogy	bogey,bogie
bohemian	gipsy
bohme	behmen,boehm,boehme,jakob-behmen,jakob-boehm,jakob-boehme,jakob-bohme
bohr	niels-bohr,niels-henrik-david-bohr
bohrium	bh
boidae	family-boidae
boiled	poached,stewed
boiler	kettle,steam-boiler
boiling-water-reactor	bwr
boise	capital-of-idaho
boisterous	unruly
bokkos	daffo,ron
bola	bolo
bola-tie	bolo
bolanci	bole
bole	bolanci
bollard	bitt
bollock	orchis,testicle,testis
bolo	bola,bola-tie,bolo-tie
bolo-tie	bolo
boloney	bosh,tosh
bolshy	stroppy
bolster	bolster-up
bolster-up	bolster
bolt	bolt-of-lightning,gobble,rigidly,thunderbolt
bolt-of-lightning	bolt
bolti	tilapia-nilotica
bomb-shelter	bombproof
bombardment	barrage,bombing
bombast	blah,rant
bombax-ceiba	simal
bombax-malabarica	simal
bombay	mumbai
bombay-ceiba	kapok
bombay-hemp	bimli,kanaf,kenaf
bomber	hoagy,zep
bombilate	buzz
bombinate	buzz
bombing	bombardment
bombproof	air-raid-shelter,bomb-shelter
bombus	genus-bombus
bombyx	genus-bombyx
bon-vivant	gourmet
bona-fide	authentic
bonanza	bunce,gravy
bonaparte	napoleon
bonasa	genus-bonasa
bonce	attic,bean,dome,noggin,noodle
bond	bind,chemical-bond,shackle
bondage	slavery
bone	os,pearl
bone-ash-cup	cupel
bone-marrow	marrow
bonehead	dunce,lunkhead
boner	bloomer,blooper,blunder,bungle,flub,foul-up,fuckup,pratfall
bones	castanets,clappers,finger-cymbals
boney	bony,scrawny,skinny,weedy
bonfire	balefire
bongo	boocercus-eurycerus,tragelaphus-eurycerus
bonk	bash,bop,sock,whap,whop
bonkers	barmy,bats,batty,daft,fruity,kookie,kooky,loco,loony,loopy,nuts,nutty
bonnet	cowling,poke-bonnet
bonnie	bonny,comely,fair,sightly
bonny	bonnie,comely,fair,sightly
bonobo	pan-paniscus,pygmy-chimpanzee
bonus	fillip
bonxie	skua
bony	boney,cadaverous,emaciated,gaunt,haggard,osseous,osteal,pinched,skeletal,wasted
boo	hiss,razz
boob	booby,bosom,breast,goof,knocker,tit,titty
boob-tube	telly
booby	boob,dope,dumbbell,dummy,pinhead
booby-hatch	bedlam
booby-trap	pitfall
boocercus-eurycerus	bongo
boodle	chicago,clams,gelt,kale,michigan,newmarket,pelf,stops
boojum-tree	cirio
book	bible,koran,ledger,quran,script,scripture
book-of-account	ledger
book-of-amos	amos
book-of-baruch	baruch
book-of-daniel	daniel
book-of-esther	esther
book-of-ezra	ezra
book-of-haggai	aggeus,haggai
book-of-hosea	hosea
book-of-isaiah	isaiah
book-of-joel	joel
book-of-jonah	jonah
book-of-joshua	joshua,josue
book-of-judges	judges
book-of-judith	judith
book-of-micah	micah
book-of-nahum	nahum
book-of-obadiah	abdias
book-of-psalms	psalms
book-of-ruth	ruth
book-of-tobit	tobit
booked	engaged,set-aside
booker	booking-agent
booking	engagement
booking-agent	booker
bookman	scholar
boole	george-boole
boom	bunce,din,flourish,gravy,roaring,smash,thrive,thunder
booming	palmy,thriving
boone	daniel-boone
boor	barbarian,churl,goth,peasant,tike,tyke
boorish	oafish
boost	encourage,encouragement,promote
boot	thrill
boot-out	eject,oust
bootee	bootie
booth	cubicle,kiosk,stall
bootie	bootee
bootless	futile
booty	dirty-money,loot,pillage,plunder,prize,swag
booze	hard-drink,hard-liquor,john-barleycorn,liquor,spirits,strong-drink
booze-up	toot
boozer	alky
boozy	bibulous,drunken,sottish
bop	bebop,bonk,whap,whop
bopeep	peekaboo
boracic	boric
bordello	brothel
border	abut,adjoin,borderline,boundary-line,butt,delimitation,edge,margin,mete,surround
borderline	border,mete
bore	aegir,drill,eagre,tire
boreal	circumboreal
bored	blase
boredom	ennui,tedium
borer	woodborer
boric	boracic
boring	deadening,dull,ho-hum,irksome,slow,tedious,tiresome,wearisome
born-again	reborn
boron	b
borsch	borsh
borscht	borsh
borsh	borsch,borscht,borshch,borsht,bortsch
borshch	borsh
borsht	borsh
bortsch	borsh
borzoi	russian-wolfhound
bos	genus-bos
bos'n	bo's'n,bo'sun,boatswain,bosun
bos-banteng	tsine
bos-grunniens	yak
bos-indicus	brahma
bos-primigenius	urus
bos-taurus	cattle,cows,kine,oxen
bosch	hieronymus-bosch,jerom-bos
bose	satyendra-n,satyendra-nath-bose
boselaphus-tragocamelus	nilgai
bosh	baloney,bilgewater,boloney,drool,humbug,taradiddle,tarradiddle,tommyrot,tosh
bosie	bosie-ball,googly,wrong-'un
bosie-ball	bosie,googly
bosin's-disease	sspe
bosky	brushy
bosom	boob,embrace,heart,hug,tit,titty
bosomy	busty,buxom,curvaceous,curvy,full-bosomed,sonsie,sonsy,stacked
boss	chief,emboss,foreman,gaffer,hirer,honcho,knob
bossy	autocratic,dominating,high-and-mighty,magisterial,peremptory
boston	bean-town,beantown,hub-of-the-universe
bosun	bo's'n,bo'sun,boatswain,bos'n
boswellia-serrata	salai
botany	phytology
botch	bloomer,blooper,blunder,bodge,bungle,flub,foul-up,fuckup,pratfall,spoil
botch-up	bodge,flub,spoil
botchy	butcherly,unskillful
bother	annoy,inconvenience-oneself,irritate,trouble,trouble-oneself,vex
botheration	irritation
bothered	fazed
bothersome	galling,pesky,plaguy,vexing
botox	botulinum-toxin-a
bottom	fathom,underside,undersurface
botulinum-toxin-a	botox
bouldered	rocky
bouldery	rocky
boule	boulle,buhl
boulle	boule,buhl
bounce	bound,leaping,rebound,recoil,resile,reverberate,ricochet,spring,take-a-hop
bouncing	bouncy,peppy,zippy
bouncy	bouncing,peppy,spirited,zippy
bound	bandaged,bounce,boundary,bounds,confine,jump,leap,leaping,limit
boundary	bound,bounds,limit
boundary-line	border,mete
bounded	delimited
bounds	bound,boundary
bounty	h
bouquet	corsage,nosegay,posy
bourgeon	sprout
bourn	bourne
bourne	bourn
bouse	bowse
bout	binge,round,turn
bouyei	buyi
bovid	bovine
bovine	bovid
bovini	tribe-bovini
bow	accede,bow-down,crouch,prow,stoop
bow-down	bow
bow-tie	bowtie
bow-wow	barker,doggie,doggy
bowed	arced,arched,arching,bowing,bowleg
bowel	gut,intestine
bowel-movement	bm
bower	arbor,arbour,pergola
bowfin	amia-calva,dogfish,grindle
bowie	james-bowie,jim-bowie
bowing	bowed
bowl	stadium
bowleg	bandy,bandy-legged,bowed,bowlegged
bowlegged	bowleg
bowler	bowler-hat,derby,derby-hat,plug-hat
bowler-hat	bowler,derby
bowls	lawn-bowling
bowse	bouse
bowtie	bow-tie
box	loge
box-shaped	boxy
boxer	pugilist
boxers	boxershorts,drawers,shorts,underdrawers
boxershorts	boxers,shorts
boxing	packing
boxlike	boxy
boxy	box-shaped,boxlike
boy	male-child,son
boyfriend	beau,swain
boyish	boylike,schoolboyish
boyle	robert-boyle
boylike	boyish
boyne	battle-of-boyne
bozo	cat,guy,hombre,jackass
bpi	bits-per-inch
bpm	beats-per-minute,m,metronome-marking
bps	bits-per-second
br	brigate-rosse,red-brigades
bra	bandeau,brassiere
brabble	bicker
brace	braces,bracing,duad,dyad,gallus,pair,stabilise,stabilize,steady,twain
bracer	pick-me-up
braces	brace,orthodontic-braces
bracing	brace,tonic
bracketed-blenny	gunnel
brackish	briny
brady	diamond-jim,diamond-jim-brady,james-buchanan-brady
brag	blow,bluster,boast,gas,shoot-a-line,swash,tout,vaunt
brage	bragi
bragg	braxton-bragg
braggart	braggy
bragging	braggy
braggy	big,boastful,braggart,bragging,cock-a-hoop,crowing,self-aggrandising,self-aggrandizing
bragi	brage
brahe	tycho-brahe
brahma	bos-indicus,brahman,brahmin
brahman	brahma
brahmin	brahma
braid	plait,tress,twist
brain	encephalon,mind,nous,psyche
brainish	madcap
brainsick	crazy
brainy	brilliant,smart-as-a-whip
brake-system	brakes
brakes	brake-system
brama	genus-brama
branch	arm,subdivision
branched	forked,prongy,ramate,ramose,ramous
branchia	gill
branchiate	gilled
branching	ramate,ramose,ramous
branchlet	twig
brand	brand-name,marque,sword,trade-name
brand-name	brand,marque
brant	brant-goose,brent,brent-goose
brant-goose	brant,brent
branta	genus-branta
branta-canadensis	honker
brash	cheeky,nervy
brashness	glitz
brasil	brazil
brass-knuckles	knucks
brass-knucks	knucks
brassica-napus	colza
brassiere	bra
brasslike	brassy
brassy	brasslike,brazen,garish,tacky,tatty,tawdry,trashy
brat	bratwurst
brattish	bratty
brattle	clatter
bratty	brattish
bratwurst	brat
braun	von-braun,wernher-von-braun
bravado	bluster
brave	braw,courageous
bravely	courageously
braveness	bravery,courage
bravery	braveness,courage,courageousness
bravo	assassin
braw	brave,gay
brawl	free-for-all,wrangle
brawn	brawniness,heftiness,muscle,muscularity,sinew
brawniness	brawn,sinew
brawny	hefty,muscular,powerful,sinewy
braxton-bragg	bragg
brazen	audacious,bald-faced,barefaced,bodacious,brassy,brazen-faced,insolent
brazen-faced	brazen
brazil	brasil
bread	breadstuff,clams,gelt,kale,pelf,staff-of-life
bread-maker	baker
breadbasket	stomach,tum,tummy
breadstuff	bread
breadth	width
break	bust,collapse,crack,demote,disclose,interrupt,respite,violate
break-away	secede
break-down	crumble
break-loose	escape
break-of-day	dawn,sunup
break-of-the-day	dawn,sunup
break-off	knap
break-open	burst
break-out	erupt
break-up	adjourn,disrupt,interrupt,scatter,sever
breakdown	dislocation
breaker	surf
breakers	surf
breaking-ball	bender
breaking-wind	fart,flatus
breakup	dissolution
breakwater	groyne,jetty
bream	freshwater-bream
breast	boob,chest,tit,titty
breastbone	sternum
breastpin	broach,brooch
breastplate	egis
breathe	emit,respire,suspire,take-a-breath
breathe-out	exhale
breathing	external-respiration,respiration,ventilation
breathless	dyspneal,dyspneic,dyspnoeal,dyspnoeic
breech	rear-of-barrel,rear-of-tube
breed	engender,stock,strain
breeding	procreation,rearing
breeze	air,cinch,gentle-wind,zephyr
breezy	blowy,windy
breiz	bretagne,brittany
bren	bren-gun
bren-gun	bren
brent	brant,brant-goose,brent-goose
brent-goose	brant,brent
bret-harte	harte
bretagne	breiz
brevity	briefness,transience
brew	brewage
brewage	brew
briar	briar-pipe
briar-pipe	briar
briary	barbed,barbellate,briery,bristled,bristly,burred,burry,prickly,setose,spiny,thorny
bribable	venal
bribe	payoff
briber	suborner
brickle	brittle
brickly	brittle
bridegroom	groom
bridge	span
briefness	brevity
briefs	jockey-shorts
brier	brier-patch,brierpatch
brier-patch	brier
brierpatch	brier
briery	barbed,barbellate,briary,bristled,bristly,burred,burry,prickly,setose,spiny,thorny
brigadier	brigadier-general
brigadier-general	brigadier
brigand	bandit
brigate-rosse	br
bright-blue	azure
brill	scophthalmus-rhombus
brilliance	genius,grandeur,splendor
brilliant	brainy,magnificent,superb
brim	lip,rim
brinded	brindle,tabby
brindle	brinded,brindled,tabby
brindled	brindle,tabby
brine-cured	salted
bring	contribute,fetch,wreak
bring-around	cure
bring-down	inflict,lower,overthrow,reduce
bring-forth	beget,generate,produce,sire
bring-home-the-bacon	succeed
bring-in	earn
bring-off	manage
bring-on	induce
bring-out	disclose,reveal,uncover
bring-up	cite,invoke,lift,mention,refer
bringing	delivery
bringing-up	rearing
brink	threshold,verge
briny	brackish
brio	animation,invigoration,spiritedness,vivification
bris	berit,berith,briss,brith
brisk	alert,lively,merry,rattling,snappy,spanking,tonic,zippy
brisling	sprat
briss	berit,berith,bris,brith
bristled	briary,briery,burred,burry,setose,spiny,thorny
bristly	briary,briery,burred,burry,prickly,setose,spiny,thorny
brit	britt
britain	great-britain,u,uk,united-kingdom
brith	berit,berith,bris,briss
british	brits
british-capital	london
british-people	brits
british-thermal-unit	btu
brits	british,british-people
britt	brit
brittany	breiz
brittle	brickle,brickly,toffee,toffy
brno	brunn
broach	breastpin,brooch
broad	spacious,wide
broadbill	scaup
broadcast	disseminate
broaden	extend
broadly	broadly-speaking,generally,loosely
broadly-speaking	broadly
broadsheet	flier,flyer
broadside	flier,flyer
broadway	great-white-way
brobdingnagian	huge,immense,vast
broca	pierre-paul-broca
brogan	brogue,clodhopper,work-shoe
brogue	brogan,clodhopper,work-shoe
broil	oven-broil
broke	bust,skint,stone-broke,stony-broke
broken	busted,unkept
broken-backed	hogged
brokenheartedness	grief
broker	agent,factor
brolly	gamp
brome	bromegrass
bromegrass	brome
bromeosin	eosin
bromide	cliche
bromidic	corny
bronc	broncho,bronco
bronchial-tube	bronchus
broncho	bronc,bronco
bronchus	bronchial-tube
bronco	bronc,broncho
bronx-cheer	razz
bronze	bronzy
bronzed	suntanned,tanned
bronzy	bronze
brooch	breastpin,broach
brood	dwell
brood-hen	sitter
brooding	broody,contemplative,meditative,musing,pensive,pondering,reflective,ruminative
broody	brooding,contemplative,meditative,musing,pensive,pondering,reflective,ruminative,sitter
broody-hen	sitter
brook	creek,endure,tolerate
brosme-brosme	torsk
brothel	bagnio,bawdyhouse,bordello,cathouse,house-of-ill-repute,house-of-prostitution,sporting-house,whorehouse
brother	blood-brother,buddy,crony,pal
brotherhood	union
brouhaha	hubbub
brow	eyebrow,forehead
brown	brownish,chocolate-brown,dark-brown
brown-bear	bruin
brown-coal	lignite
brownie	imp,pixie,pixy
brownish	brown
brownish-orange	sorrel
brownish-red	maroon
brownish-yellow	amber
browse	browsing,graze
browsing	browse
bruce	robert-i,robert-the-bruce
bruch	max-bruch
bruin	brown-bear,ursus-arctos
bruise	contuse
bruit	rumor,rumour
brumal	hibernal,hiemal
brumous	hazy,misty
brunet	brunette
brunette	brunet
brunn	brno
bruno	giordano-bruno
brusa	bursa
brush	brushing,brushwood,coppice,copse,skirmish,sweep,thicket
brush-aside	discount,dismiss
brush-off	discount,dismiss
brush-wolf	coyote
brushed	fleecy,napped
brushing	brush
brushwood	brush,copse,thicket
brushy	bosky
brusk	brusque,curt,short
brusque	brusk
brussels-biscuit	rusk
brutal	barbarous,bestial,cruel,fell,roughshod,savage,vicious
brutally	savagely
brute	animal,beast,bestial,creature,fauna,savage,wildcat,wolf
brutish	bestial
brya	genus-brya
bryopsida	musci
bryum	genus-bryum
bs	bachelor-of-science,sb
bse	mad-cow-disease
btu	b,british-thermal-unit
bubble	eruct
bubbling	frothy,spumy
bubbly	champagne,spumy
buber	martin-buber
bubo	genus-bubo
bucket	pail
buckeye-state	oh,ohio
buckle-under	succumb
bucolic	arcadian,idyl,idyll,pastoral,peasant
buddha	gautama,gautama-buddha,gautama-siddhartha,siddhartha
buddy	brother,chum,crony,pal,sidekick
buddy-buddy	chummy
buddy-holly	holly
budge	agitate,shift,stir
budgereegah	budgie
budgerigar	budgie
budgerygah	budgie
budgie	budgereegah,budgerigar,budgerygah,grass-parakeet,lovebird,melopsittacus-undulatus,shell-parakeet
budorcas-taxicolor	takin
buff	devotee,fan,lover
buffalo	american-bison,american-buffalo,bison-bison
buffalo-bill	cody
buffalo-bill-cody	cody
buffer	cushion
buffet	batter,knock-about
buffoon	clown
buffoonery	japery,prank
buffoonish	zany
bufo-marinus	agua
bug	badger,pester,tease
bugger-off	scram
buggery	sodomy
buggy	barmy,bats,batty,daft,fruity,kookie,kooky,loco,loony,loopy,nuts,nutty
buhl	boule,boulle
build	bod,construct,make,physique,soma
build-up	gird
builder	detergent-builder
building	construction,edifice
built	reinforced
built-in	inherent,integral
buirdly	beefy,burly,husky
bulb	electric-light,electric-light-bulb,incandescent-lamp,light-bulb,lightbulb
bulbous	bulgy
bulgarian-capital	sofia
bulge	bump,gibbosity,gibbousness,hump,jut,prominence,protuberance,swelling
bulging	bulgy,convex
bulgy	bellied,bellying,bulbous,bulging,protuberant
bulk	majority
bull	cop,crap,shit
bulla	bleb
bulldozer	dozer
bullet	fastball,hummer,slug
bulletin-board	bbs
bulletin-board-system	bbs
bullshit	crap,shit
bully	bang-up,corking,cracking,dandy,great,groovy,keen,neat,nifty,yob,yobbo,yobo
bulwark	groyne,jetty,rampart
bum	ass,buns,cheesy,crumb,crummy,dirty-dog,git,hobo,idler,loll,nates,prat
bum-about	loll
bum-around	loll
bumble	bodge,flub,spoil,stammer,stumble,stutter
bumblebee	humblebee
bumf	bumph
bump	bulge,demote,hump,knock
bump-off	slay
bumper-car	dodgem
bumph	bumf
bumpkin	rube,yokel
bumpkinly	hick,rustic
bumpy	jolty
bun	roll
buna	buna-rubber
buna-rubber	buna
bunce	bonanza,boom,godsend,gold-rush,gravy,manna-from-heaven,windfall
bunch	clump,cluster,clustering
bunco	bunco-game,bunko,bunko-game,con,con-game,confidence-game,confidence-trick,defraud,gip,gyp,swindle
bunco-game	bunco,bunko,gyp
buncombe	bunkum,guff
bundle	packet,sheaf,wad
bung	spile
bungalow	cottage
bungee	bungee-cord
bungee-cord	bungee
bunghole	arse
bungle	bloomer,blooper,blunder,boner,botch,flub,foul-up,fuckup,pratfall
bunk	bunkum,feed-bunk,guff,hokum,lam,nonsense
bunker	sand-trap,trap
bunko	bunco,bunco-game,bunko-game,con,con-game,confidence-game,confidence-trick,gyp
bunko-game	bunco,bunko,gyp
bunkum	buncombe,bunk,guff,hogwash,rot
bunny	bunny-rabbit
bunny-rabbit	bunny
buns	arse,ass,backside,bum,butt,buttocks,can,fundament,nates,prat,tush
bunsen	bunsen-burner,etna
bunsen-burner	bunsen,etna
buoyant	chirpy,floaty,perky
bur	burr
bura	pabir
burbling	burbly
burbly	burbling,effusive,gushing
burbot	cusk,eelpout,ling,lota-lota
burden	encumbrance,incumbrance,load,loading,onus
burdensome	taxing
bureau	agency,authority,dresser,federal-agency,government-agency,office
bureau-of-customs	uscb
bureaucracy	bureaucratism
bureaucratism	bureaucracy
buret	burette
burette	buret
burgeon-forth	sprout
burglarise	heist
burglarize	heist
burgle	heist
burial	entombment,inhumation,interment,sepulture
burial-ground	cemetery
burial-site	cemetery
burial-vault	vault
buried	inhumed,interred
burk	burke,calamity-jane,martha-jane-burk,martha-jane-burke
burka	burqa
burke	burk,calamity-jane,martha-jane-burk,martha-jane-burke
burl	knot,slub
burlap	gunny
burlesque	parody,sendup,spoof
burly	beefy,buirdly,husky,strapping
burma	myanmar,union-of-burma
burn	burn-down,fire
burn-down	burn
burned	burnt
burning	combustion
burns	robert-burns
burnt	burned
burnt-lime	calx
burnt-sienna	sepia
burp	belch,belching,burping,eruct,eructation
burping	belch,burp
burqa	burka
burr	bur
burred	barbed,barbellate,briary,briery,bristled,bristly,burry,prickly,setose,spiny,thorny
burrill-bernard-crohn	crohn
burrow	tunnel
burry	barbed,barbellate,briary,briery,bristled,bristly,burred,prickly,setose,spiny,thorny
bursa	brusa
burst	break-open,salvo,split,volley
burt	cyril-burt,cyril-lodowic-burt
bury	entomb,forget,inter
burying-ground	cemetery
bus	autobus,busbar,charabanc,coach,double-decker,jalopy,jitney,motorbus,motorcoach,omnibus
busbar	bus
busboy	waiter's-assistant
busby	bearskin,shako
bush	dubya,shrub
bush-baby	galago
bushbaby	galago
bushbuck	guib
bushed	all-in,beat,dead
bushel	fix,mend,repair
bushwhack	waylay
bushy	shaggy,shaggy-coated,shaggy-haired
business	business-concern,business-organisation,business-organization,byplay,concern,job,occupation
business-concern	business
business-firm	firm
business-leader	baron,mogul
business-office	office
business-organisation	business
business-organization	business
businessman	man-of-affairs
buskin	combat-boot,desert-boot,half-boot,top-boot
buspar	buspirone
buspirone	buspar
buss	kiss,osculation,snog
bust	binge,break,broke,skint,tear
bust-up	wreck
busted	broken
bustle	ado,bustle-about,flurry,hustle
bustle-about	bustle
busty	bosomy,buxom,curvaceous,curvy,full-bosomed,sonsie,sonsy,stacked
busy	meddling,occupy
busybodied	meddling
but	just,merely,only,simply
butat	butut
butch	macho
butcherly	botchy
butea	genus-butea
butea-frondosa	dak,dhak,palas
butea-monosperma	dak,dhak,palas
buteo	genus-buteo
butler	pantryman
butt	abut,adjoin,ass,border,buns,butt-against,butt-on,cigarette,edge,fag,march,nates
butt-against	abut,adjoin,butt
butt-on	abut,adjoin,butt
butterball	fatso
butterfly	flirt
buttery	larder,pantry,smarmy,soapy
buttocks	ass,buns,nates,prat,tush
button	clit
buttonlike	beady
buttony	beady
butut	butat
buxom	bosomy,busty,curvy,sonsie,sonsy,zaftig,zoftig
buxus	genus-buxus
buy	purchase
buyer	emptor,purchaser,vendee
buyi	bouyei
buying	purchasing
buzz	bombilate,bombinate
buzz-off	scram
buzzing	abuzz
buzzword	cant
bvd	bvd's
bvd's	bvd
bw	bioattack,biologic-attack,biological-attack,biological-warfare
bwr	boiling-water-reactor
by	past
by-all-odds	decidedly,definitely
by-and-large	generally
by-chance	haply
by-choice	deliberately
by-design	deliberately
by-line	hobby
by-luck	haply
bye	adieu,adios,arrivederci,au-revoir,auf-wiedersehen,bye-bye,cheerio,good-by,goodby
bye-bye	adieu,adios,bye,goodby
bygone	bypast,departed,foregone,gone
byname	cognomen,moniker,nickname,sobriquet,soubriquet
bypass	get-around,go-around,short-circuit
bypast	bygone,departed,foregone,gone
bypath	byroad,byway
byplay	business,stage-business
byrd	admiral-byrd,richard-e,richard-evelyn-byrd
byre	cow-barn,cowbarn,cowhouse,cowshed
byrnie	hauberk
byroad	bypath,byway
byssus	beard
byway	bypath,byroad
byword	adage,proverb
byzantine	tortuous
c	carbon,ce,coke,cpu,hundred,lewis
c-reactive-protein	crp
ca	calcium,calif,california,golden-state
caaba	kaaba
cab	taxi
cabal	conspiracy,conspire,faction,junto
cabala	cabbala,cabbalah,kabala,kabbala,kabbalah,qabala,qabbala,qabbalah
cabaret	nightclub
cabasset	morion
cabbage	clams,filch,gelt,kale,pelf,pilfer,snarf
cabbala	cabala,kabala,qabala
cabbalah	cabala,kabala,qabala
cabby	cabdriver,cabman,hack-driver,livery-driver,taxidriver,taximan
cabdriver	cabby
cabg	coronary-bypass,coronary-bypass-surgery
cabinet	locker
cable	cablegram,overseas-telegram
cablegram	cable
cabman	cabby
caboose	galley
cabot	giovanni-cabato,john-cabot
cacao	cacao-tree,chocolate-tree,theobroma-cacao
cacao-tree	cacao
cache	hoard,stash
cackle	chatter,yack
cackly	squawky
cacoethes	mania
cacophony	blare,clamor,din
cad	computer-aided-design
cadaver	clay,corpse,remains,stiff
cadaverous	bony,gaunt,pinched
caddo	caddoan,caddoan-language
caddoan	caddo
caddoan-language	caddo
caddy	tea-caddy
cadenced	cadent
cadent	cadenced
cadet	plebe
cadge	schnorr,scrounge,shnorr
cadger	mooch
cadra	genus-cadra
caecal	cecal
caecum	blind-gut,cecum
caesar	gaius-julius-caesar,julius-caesar
caesarism	tyranny
caesium	cs
cafe	coffee-bar,coffee-shop,coffeehouse
caffe-latte	latte
caftan	kaftan
cage	coop
cager	basketball-player,basketeer
cagey	cagy,canny,chary,clever
cagily	circumspectly
cagy	cagey,canny,chary,clever
caiman	cayman
cairn	cairn-terrier
cairn-terrier	cairn
cairo	al-qahira,capital-of-egypt,egyptian-capital,el-qahira
caisson	lacuna
caisson-disease	bends
caitra	chait
cajan-pea	dahl,dhal
cajanus-cajan	dhal
cajole	coax
cake	bar
cakehole	gob,maw
calabash	gourd
calamitous	disastrous
calamity	cataclysm,catastrophe,disaster,tragedy
calamity-jane	burk,burke
calan	isoptin,verapamil
calash	calash-top,caleche
calash-top	calash
calced	shod
calcined-lime	calx
calcium	ca
calcium-oxide	calx
calculate	cipher,compute,cypher,figure,forecast,reckon,work-out
calculation	computation,computing
calean	chicha,hookah,kalian,narghile,nargileh,sheesha,shisha,water-pipe
caleche	calash
calendar-month	month
calf	sura
calf-bone	fibula
caliber	calibre,quality
calibrate	fine-tune,graduate
calibration	standardisation,standardization
calibre	caliber,quality
calico	motley,multi-color,multi-colored,multi-colour,multicolor,multicolored,multicolour,multicoloured,pied
calif	ca,california,caliph,golden-state,kalif
california	ca,calif,golden-state
california-white-oak	roble
caligula	gaius
caliph	calif,kalif,kaliph,khalif,khalifah
calk	calkin
calkin	calk
call	cry,outcry,predict,scream,squall,yell
call-back	recall,recollect,remember
call-box	pob
call-down	invoke
call-for	bespeak,necessitate,quest,request,require
call-off	cancel
call-on-the-carpet	berate,chide,rebuke,scold
call-out	exclaim
call-up	recall,recollect,remember
calla	genus-calla
caller	company
calling	career,vocation
callous	indurate,pachydermatous
callow	fledgling,unfledged
calm	calmness,composure,serene,tranquil,unagitated
calmness	calm,composure,equanimity
caloric	thermal
calorie-free	lite
calpac	calpack,kalpac
calpack	calpac,kalpac
calpe	gibraltar,rock-of-gibraltar
calque	calque-formation,loan-translation
calque-formation	calque
calumniation	calumny
calumny	calumniation,defamation,hatchet-job,obloquy,traducement
calve	have-young
calvert-vaux	vaux
calvin-klein	klein
calvin-richard-klein	klein
calx	burnt-lime,calcined-lime,calcium-oxide,fluxing-lime,lime,quicklime,unslaked-lime
camail	aventail,ventail
camarilla	faction,junto
camas	camash,camass,camosh,quamash
camash	camas
camass	camas
cambria	cymru,wales
cambrian	cymry,welsh
camellia-state	al,alabama
camera	photographic-camera
camillo-golgi	golgi
camion	dray,lorry
camo	camouflage
camosh	camas
camouflage	camo,disguise
camp	bivouac,campy,cantonment,clique,encamp,encampment
camp-bed	cot
camp-out	encamp
campaign	crusade,political-campaign,run,safari
campaigner	candidate
campanile	belfry
camping	bivouacking,encampment,tenting
campy	camp
camus	albert-camus
can	ass,buns,john,lav,lavatory,nates,prat,tin,tin-can,toilet,tush
canada-goose	honker
canadian-goose	honker
canal	duct
canary	canary-yellow,fink
canary-yellow	canary
canasta	meld
cancel	call-off,scratch,scrub
candid	blunt,forthright,frank,free-spoken,outspoken,plainspoken,point-blank
candidate	campaigner,nominee
candidly	frankly,honestly
candidness	candor,candour
candied	glace
candle	taper,wax-light
candor	candidness,candour,directness,forthrightness,frankness
candour	candidness,candor,directness,forthrightness,frankness
candy	confect
canescent	hoary
canid	canine
canine	canid,cuspid
canine-tooth	cuspid
caning	wicker,wickerwork
canis	genus-canis
canis-aureus	jackal
canis-dingo	dingo
canis-familiaris	dog
canis-latrans	coyote
canker	pestilence
cannabis	ganja
canned	tinned
cannon	carom
cannonball-along	hie,race,rush
cannoneer	gunner
cannular	tubular
canny	cagey,cagy,clever
canon	canyon
cant	argot,buzzword,jargon,lingo,slang
cant-dog	peavey,peavy
cantankerous	ornery
canted	atilt,leaning,tilted,tipped
canter	lope
cantillate	chant
cantonese	yue
cantonese-dialect	yue
cantonment	bivouac,camp
cantor	hazan
canute	cnut,knut
canute-the-great	cnut,knut
canvas	analyse,analyze,canvass,examine
canvass	analyse,analyze,canvas,examine,poll
canyon	canon
caoutchouc	rubber
capability	capableness
capableness	capability
capably	ably,aptly
caparison	barde
cape	ness
cape-dagga	dagga
capek	karel-capek
capelan	caplin
capelin	caplin
caper	frolic,gambol
capet	hugh-capet
capillary-vein	venula,venule
capital	working-capital
capital-of-afghanistan	kabul
capital-of-austria	vienna
capital-of-azerbaijan	baku
capital-of-bangladesh	dacca,dhaka
capital-of-belarus	minsk
capital-of-cape-verde	praia
capital-of-colorado	denver
capital-of-delaware	dover
capital-of-ecuador	quito
capital-of-egypt	cairo
capital-of-france	paris
capital-of-georgia	atlanta
capital-of-ghana	accra
capital-of-greece	athens
capital-of-hawaii	honolulu
capital-of-idaho	boise
capital-of-ireland	dublin
capital-of-israel	jerusalem
capital-of-italy	roma,rome
capital-of-japan	edo,tokio,tokyo,yeddo,yedo
capital-of-jordan	amman
capital-of-laos	vientiane
capital-of-latvia	riga
capital-of-lithuania	vilna,vilno,wilno
capital-of-mongolia	kulun,urga
capital-of-morocco	rabat
capital-of-new-york	albany
capital-of-nigeria	abuja
capital-of-norway	oslo
capital-of-ohio	columbus
capital-of-peru	lima
capital-of-poland	warsaw
capital-of-portugal	lisbon
capital-of-qatar	bida,doha
capital-of-rhode-island	providence
capital-of-senegal	dakar
capital-of-south-korea	seoul
capital-of-switzerland	bern,berne
capital-of-texas	austin
capital-of-the-bahamas	nassau
capital-of-the-ukraine	kiev,kyyiv
capital-of-tibet	lassa
capital-of-togo	lome
capital-of-tunisia	tunis
capital-of-vanuatu	vila
capital-of-vietnam	hanoi
capital-of-virginia	richmond
capital-punishment	execution
capitalism	capitalist-economy
capitalist-economy	capitalism
capiz	placuna-placenta,window-oyster,windowpane-oyster
caplin	capelan,capelin
capote	hooded-cloak
capra	genus-capra
capra-aegagrus	pasang
capra-ibex	ibex
caprice	whim
capriciousness	whimsy
caprine-animal	goat
capros	genus-capros
capsid	mirid
captain-bligh	bligh
captain-hicks	hexad,sise,sixer
captain-kidd	kidd
captive	absorbed,confined,engrossed,imprisoned,intent,jailed,prisoner
captor	capturer
capturer	captor
caput	head
car	auto,automobile,machine,motorcar
carack	carrack
carafe	decanter
caranx	genus-caranx
carat	karat,kt
caravan-inn	khan
caravansary	khan
caravanserai	khan
carbamide	urea
carbon	c
carbon-black	soot
carcase	carcass
carcass	carcase
card	carte,lineup,menu,poster
card-game	cards
cardiac-resuscitation	cpr
cardinal	central,fundamental,key,primal
cardiogram	ecg,ekg
cards	card-game
carduelis-cannabina	linnet
carduelis-spinus	siskin
care	handle,maintenance,tending,upkeep
care-for	cherish
careen	keel,lurch,reel,stagger,swag
career	calling,vocation
carefree	unworried
carefully	cautiously
caress	fondle
caressing	hugging,kissing,petting
carew	thomas-carew
careworn	drawn,haggard,worn
carex	genus-carex
cargo	consignment,freight,lading,load,loading,payload,shipment
carib	caribbean-language
caribbean-language	carib
caribe	pirana,piranha
carinate	keeled,ridged
carinated	keeled,ridged
cark	disorder,disquiet,distract,perturb,trouble,unhinge
carl-gustav-jung	jung
carl-jung	jung
carl-orff	orff
carlos	salim
carlos-the-jackal	salim
carmine	cerise,cherry,crimson,red
carnal	animal,fleshly,sensual
carob	carob-powder,saint-john's-bread
carob-powder	carob
carom	cannon
carousal	toot
carouse	toot
carpentry	woodwork,woodworking
carpet	carpeting,rug
carpet-slipper	slipper
carpeting	carpet,rug
carping	faultfinding
carpus	articulatio-radiocarpea,radiocarpal-joint,wrist,wrist-joint
carrack	carack
carrel	carrell,cubicle,stall
carrell	carrel
carriage	equipage,pram,pusher,rig
carrier	aircraft-carrier,attack-aircraft-carrier,bearer,flattop,newsboy,toter
carrier-bag	sack
carry	persuade,transport
carry-off	manage
carry-on	conduct,preserve,proceed,uphold
carry-out	accomplish,fulfil,fulfill
carry-through	accomplish,fulfil,fulfill
carryall	tote
cart	haul
carte	bill-of-fare,card,carte-du-jour,menu
carte-du-jour	carte,menu
carton	cartonful
cartonful	carton
cartoon	sketch,toon
cartridge-clip	clip
cartridge-holder	clip
carum	genus-carum
carve-up	divide
carved	carven
carven	carved
carver	sculptor
carya	genus-carya
caryota-urens	kitul
case	casing,causa,encase,example,instance
case-in-point	precedent
casein	casein-paint
casein-paint	casein
cash	hard-cash,hard-currency
cash-in-hand	funds
cashbox	till
casing	case
casino	gambling-casino
cask	barrel
casket	coffin,jewel-casket
cast	contrive,hurl,project,retch,roam,rove,shed,spew,spue,throw,vomit,wander
cast-aside	discard,dispose
cast-down	depress
cast-off	shed
cast-out	banish
castanets	bones
castaway	outcast
caster	castor
castigation	earful
casting	molding
castle	palace
castor	caster,genus-castor
castrate	spay
casual	cursory,fooling,insouciant,nonchalant
cat	bozo,ct,guy,kat,khat,qat,quat,retch,spew,spue,true-cat,vomit
cat-bear	panda
cat-sleep	catnap,snooze
cat-thyme	marum
cataclysm	calamity,disaster,tragedy
catalog	catalogue
catalogue	catalog
catamount	cougar,lynx,puma
catapult	sling
catastrophe	calamity,disaster,tragedy
catastrophic	ruinous
catch	grab,hitch,overhear,overtake
catch-some-z's	sleep,slumber
catch-up-with	overtake
catcher	backstop
catching	espial,spying
catchword	motto,slogan
catchy	attention-getting
categorically	flatly
categorisation	classification
categorization	classification
category	class,family
cater	ply,provide,supply
catgut	gut
catha	genus-catha
catharsis	abreaction,katharsis
cathartic	physic
cathay	china,prc
cathedral	duomo
cathode-ray-tube	crt
catholic-pope	pope
catholic-reaction-force	inla
catholicism	catholicity
catholicity	catholicism
cathouse	brothel
catjang-pea	dhal
catkin	ament
catnap	cat-sleep,forty-winks,nap,short-sleep,snooze
cattish	bitchy,catty
cattle	bos-taurus,cows,kine,oxen
cattle-farm	ranch
cattle-pen	corral
cattle-ranch	ranch
cattle-thief	rustler
cattleman	cowboy,puncher
catty	bitchy,cattish
caul	embryonic-membrane,veil
caulk	caulking
caulking	caulk
causa	case,cause,lawsuit,suit
cause	causa,crusade,do,make
caustic	acerb,acrid
caustic-remark	irony,sarcasm,satire
caution	admonish,caveat,monish
cautiously	carefully
cavalla	cero
cavalry	horse,horse-cavalry
cavalry-sword	saber,sabre
cavalryman	trooper
cave-in	collapse
caveat	caution
cavia	genus-cavia
cavia-porcellus	aperea
cavil	quibble,quiddity
cavitied	pitted
cavity	cavum,pit
cavort	disport,frisk,frolic,gambol,lark,rollick,romp,skylark,sport
cavum	bodily-cavity,cavity
cay	florida-key,key
cayman	caiman
cayuse	indian-pony
cbc	blood-profile,complete-blood-count
cbr	cmb,cmbr
cc	cubic-centimeter,cubic-centimetre,mil,milliliter,millilitre,ml
ccc	three-hundred
cd	four-hundred
cdna	complementary-dna
ce	c,common-era
cease	discontinue,end,give-up,lay-off,quit,stop
cease-fire	truce
cebus	genus-cebus
cecal	caecal
cecity	blindness
cecum	blind-gut,caecum
cedar	cedar-tree,true-cedar
cedar-tree	cedar
cede	deliver,give-up,surrender
ceding	cession
ceftazidime	fortaz
ceftin	cefuroxime,zinacef
cefuroxime	ceftin
ceiba	genus-ceiba
ceiba-pentandra	kapok
ceiba-tree	kapok
ceibo	common-coral-tree,cry-baby-tree,crybaby-tree,erythrina-crista-galli
celebrate	fete,keep,lionize,observe
celebrated	famed,famous,noted,storied
celebration	festivity
celebrity	fame
celery-cabbage	napa
celestial	heavenly
celestial-longitude	ra
celestial-orbit	orbit
celestial-sphere	heavens
celiac	coeliac
cell-nucleus	karyon,nucleus
cellar	basement
cello	violoncello
celluloid	cinema
celom	celoma,coelom
celoma	celom,coelom
celt	kelt
celtic	gaelic
cemetery	burial-ground,burial-site,burying-ground,graveyard,memorial-park,necropolis
cense	incense,thurify
censer	thurible
censure	animadversion
census	nose-count,nosecount
centennial-state	co
center	centre,essence,eye,gist,heart,kernel,mall,middle,midway,nub,plaza,rivet
centering	focus
centimeter	cm
centimetre	cm
central	cardinal,fundamental,key,primal
central-nervous-system	cns
central-office	headquarters
central-processing-unit	cpu
central-processor	cpu
central-standard-time	cst
central-time	cst
centre	center,essence,gist,kernel,middle,nub,rivet
centrifugate	centrifuge
centrifuge	centrifugate
centripetal	sensory
century-plant	agave
ceo	chief-executive-officer,chief-operating-officer
cephalexin	keflex,keflin,keftab
cer	conditioned-emotion
ceramicist	potter
ceramist	potter
ceratitis-capitata	medfly
cercopithecus-aethiops	grivet
cerebral	intellectual
cerebral-cortex	cortex
cerebral-mantle	cortex
cerebrate	think
cerebration	thinking
ceremonial	ceremony
ceremonial-occasion	ceremony
ceremony	ceremonial,ceremonial-occasion,observance
cerise	blood-red,carmine,cherry,cherry-red,crimson,red,reddish,ruddy
cerivastatin	baycol
cero	cavalla,king-mackerel,scomberomorus-cavalla
certain	sure
certainly	for-certain,for-sure,sure,sure-as-shooting,sure-enough,surely
certify	attest,demonstrate,evidence,manifest
cerulean	azure
cervid	deer
cervix	cervix-uteri,neck,uterine-cervix
cervix-uteri	cervix
cervus	genus-cervus
cervus-elaphus	elk,wapiti
cervus-nipon	sika
cervus-sika	sika
cervus-unicolor	sambar,sambur
ceryle	genus-ceryle
cesium	cs
cession	ceding
cesspit	sump
cesspool	sump
cestum	genus-cestum
cewa	chewa,chichewa
cfc	chlorofluorocarbon
cfo	chief-financial-officer
cgs	cgs-system
cgs-system	cgs
ch'i	chi,ki,qi
ch'in	ch'in-dynasty,qin,qin-dynasty
ch'in-dynasty	ch'in,qin
ch'ing	qing
ch'ing-dynasty	qing
chabad	chabad-hasidism
chabad-hasidism	chabad
chacma	chacma-baboon,papio-ursinus
chacma-baboon	chacma
chad	chadic,chadic-language,tchad
chadar	chaddar,chador,chuddar
chaddar	chadar,chador
chadic	chad
chadic-language	chad
chador	chadar,chaddar,chuddar
chafe	fret,gall,scratch
chafed	galled
chaff	banter,jolly,josh,kid,shuck
chaffer	chat,haggle
chaga	chagga,kichaga
chagga	chaga
chagrin	abase,humiliation,mortification
chagrined	abashed
chain	concatenation
chains	irons
chair	chairman
chairman	chair,chairperson,chairwoman,president
chairperson	chairman
chairwoman	chairman
chaise	chaise-longue,daybed,shay
chaise-longue	chaise
chait	caitra
chaja	chauna-torquata
chalice	goblet
chalk	meth,shabu,trash
challenge	dispute,gainsay
challenger	competitor
chamber	bedroom
chamfer	bevel
champ	champion,title-holder
champagne	bubbly
champion	champ,maven,mavin,title-holder,whizz,wiz,wizard
championship	backing,backup,patronage
chance	fortune,gamble,opportunity,probability,prospect
chanceful	dicey
chancel	bema,sanctuary
chancy	dicey,flukey,fluky,iffy
chang	chang-jiang,changjiang,yangtze,yangtze-kiang,yangtze-river
chang-jiang	chang
changan	hsian,sian,xian
change	alter,vary
change-by-reversal	reverse
change-course	gybe
change-over	convert,shift
changeless	constant
changeling	idiot
changeover	conversion
changing	ever-changing
changjiang	chang
channel	duct,transmission-channel
channelize	guide,steer
chant	cantillate,intonate,intone
chaos	bedlam,pandemonium,topsy-turvydom,topsy-turvyness
chaotic	helter-skelter
chap	blighter,bloke,cuss,fella,feller,fellow,gent,lad
chapeau	hat
chaplet	lei,wreath
chapped	cracked
char	charr
chara	genus-chara
charabanc	bus,jitney
character	fictional-character,fictitious-character,persona
characterise	characterize
characteristic	feature
characterize	characterise,qualify
charade	parody,sendup,spoof
charadrius-morinellus	dotrel
charcoal	fusain,wood-coal
chard	leaf-beet,spinach-beet,swiss-chard
charge	thrill
charger	courser
chari	chari-river,shari,shari-river
chari-river	chari,shari
charitable	kindly
charles-darwin	darwin
charles-eames	eames
charles-follen-mckim	mckim
charles-hardin-holley	holly
charles-joseph-clark	clark
charles-lamb	elia
charles-robert-darwin	darwin
charm	appeal,appealingness
charming	magical
charnel	charnel-house
charnel-house	charnel
charr	char
chartered	leased
chary	cagey,cagy
chase	chase-after,dog,give-chase,go-after,pursuit,tag,tail,track,trail
chase-after	chase
chase-away	dispel
chaser	pursuer
chasid	hasid
chasse	sashay
chassid	hasid
chat	chaffer,chatter,chew-the-fat,chit-chat,chitchat,confab,confabulate,shoot-the-breeze
chat-up	flirt
chatter	cackle,chat,gabble,yack,yak,yakety-yak
chatty	gabby,gossipy,newsy,talky
chauna	genus-chauna
chauna-torquata	chaja
chauvinist	jingo
chaw	chew,cud,plug,quid,wad
chawbacon	rube,yokel
cheap	cheesy,crummy,garish,inexpensive,tacky,tatty,tawdry,trashy
cheapness	sleaze
cheat	chicane,chouse,jockey,screw,shaft
cheating	foul
check	assay,check-into,check-out,check-over,check-up-on,chit,correspond,crack,go-over,insure,look-into,match
check-into	check
check-out	check
check-over	check
check-up-on	check
checkbook	chequebook
checkup	health-check,medical,medical-checkup,medical-exam,medical-examination
cheekbone	malar
cheekiness	gall,insolence
cheeky	brash,nervy
cheep	chirp,peep
cheerful	upbeat
cheering	shouting
cheerio	adieu,adios,bye,goodby
cheery	gay,sunny
cheesy	bum,cheap,chintzy,crummy,punk,sleazy,tinny
cheetah	chetah
chela	nipper,pincer
chemic	chemical
chemical	chemic
chemical-bond	bond
chemical-mechanism	mechanism
chemical-reaction	reaction
chemical-science	chemistry
chemise	teddy
chemist's	drugstore
chemist's-shop	drugstore
chemistry	chemical-science
chen	subgenus-chen
cheops	khufu
chequebook	checkbook
cheremis	mari
cheremiss	mari
cherish	care-for,hold-dear,treasure
cherished	precious,wanted
cherry	blood-red,carmine,cerise,cherry-red,crimson,red,reddish,ruddy
cherry-red	cerise,cherry,crimson,red
chess	chess-game
chess-game	chess
chest	breast,dresser,pectus,thorax
chest-of-drawers	dresser
chesty	arrogant,self-important
chetah	acinonyx-jubatus,cheetah
chevvy	beset,chevy,chivy,harry
chevy	beset,chevvy,chivvy,chivy,harass,harry,hassle,plague
chew	chaw,jaw,manducate,masticate,quid
chew-over	meditate,mull,muse,ponder
chew-the-fat	chat
chewa	cewa,chichewa
chewing-out	earful
chi	ch'i,khi,qi
chiasm	chiasma,decussation
chiasma	chiasm
chic	smart,voguish
chicago	boodle,stops,windy-city
chicane	cheat,guile,wile
chicanery	guile,wile
chicha	calean,hookah,kalian,narghile,nargileh,sheesha,shisha,water-pipe
chichewa	cewa,chewa
chick	biddy,dame,wench
chicken	poulet,volaille
chicken-coop	coop
chicken-feed	meth,shabu,trash
chicken-purloo	poilu
chico	leonard-marx,marx
chide	call-on-the-carpet,lecture,rag,rebuke,reprimand,reproof,take-to-task,trounce
chief	boss,foreman,main,master,primary,principal
chief-executive-officer	ceo
chief-financial-officer	cfo
chief-operating-officer	ceo
chiefly	in-the-main,mainly,primarily,principally
chigger	chigoe,jigger,redbug
chigoe	chigger,chigoe-flea,tunga-penetrans
chigoe-flea	chigoe
child	kid,minor,nipper,shaver,small-fry,tiddler,tike,tyke,youngster
child's-play	cinch
childish	infantile
chile	chili,chili-pepper,chilli,chilly
chilean-peso	peso
chili	chile,chili-pepper,chilli,chilly
chili-pepper	chile,chili
chiliad	thou,thousand
chill	gelidity,iciness
chilli	chile,chili
chilling	cooling,scarey,scary,shivery,shuddery
chilly	chile,chili,parky
chime	bell,gong
chimneypiece	mantel
chimp	chimpanzee,pan-troglodytes
chimpanzee	chimp
chin	kuki,mentum
chin-music	prate
chin-wag	gab,gossip
chin-wagging	gab,gossip
china	cathay,communist-china,mainland-china,prc,red-china,taiwan
china-grass	ramee,ramie
chinch	bed-bug,bedbug,cimex-lectularius
chinese-cabbage	napa
chinese-silk-plant	ramee,ramie
chink	click,clink,tink,tinkle
chinked	stopped-up
chintzy	cheesy,crummy
chios	khios
chip	fleck,knap,scrap
chipper	debonair,debonaire,jaunty
chips	french-fried-potatoes,french-fries,fries
chirp	cheep,chirrup,peep
chirpy	buoyant,perky
chirrup	chirp
chiseled	well-defined
chit	check,tab
chit-chat	chat,gab,gossip
chitchat	chat,gab,gossip
chiton	coat-of-mail-shell,polyplacophore,sea-cradle
chive	allium-schoenoprasum,chives,cive,schnittlaugh
chives	chive,cive
chivvy	beset,chevy,chivy,harry
chivy	beset,chevvy,chevy,chivvy,harass,harry,hassle,plague
chlorine	cl
chlorofluorocarbon	cfc
chlorothiazide	diuril
chlortetracycline	aureomycin
chock	wedge
chock-up	cram
chocolate-brown	brown
chocolate-tree	cacao
choice	alternative,option,pick,selection
choice-morsel	tidbit
choke	clog
choke-off	clog
choked	clogged
choker	neck-ruff,ruff,ruffle
chokey	choky
choky	chokey
choler	anger,yellow-bile
choloepus-didactylus	unai,unau
chomp	bite
choose	opt,pick-out,select,take
choosey	choosy
choosy	choosey
chop	chop-up,chopper
chop-chop	apace,quickly,rapidly,speedily
chop-up	chop
chopper	chop
chore	job,task
chorine	chorus-girl,showgirl
chortle	chuckle,laugh-softly
chorus	refrain
chorus-girl	chorine
chou	cream-puff,zhou
chou-dynasty	zhou
chouse	cheat
chow	chow-chow,eats,zhou
chow-chow	chow
chow-dynasty	zhou
chris-evert	evert
chrism	chrisom,holy-oil,sacramental-oil
chrisom	chrism
chrissie-evert	evert
christ	good-shepherd,jesus,jesus-christ,jesus-of-nazareth,redeemer,savior,saviour,the-nazarene
christen	baptize
christian-bible	bible,scripture
christian-dior	dior
christian-religion	christianity
christiania	oslo
christianity	christian-religion
christine-marie-evert	evert
christmas	noel,xmas,yule
christmas-berry	toyon
christmas-day	xmas
christmasberry	toyon
christmastide	noel,yule
christmastime	noel,yule
chroma	intensity,saturation,vividness
chromaticity	hue
chromium	cr
chronicle	account
chronological-record	annals
chub	leuciscus-cephalus
chubby	embonpoint,plump
chuck	eats,pat,toss
chuck-out	discard,dispose,eject
chuckhole	pothole
chuckle	chortle,laugh-softly
chuddar	chadar,chador
chufa	cyperus-esculentus,earth-almond,ground-almond,rush-nut,yellow-nutgrass
chuff	huff,puff
chukka	chukka-boot
chukka-boot	chukka
chukker-brown	snuff
chum	buddy,chum-salmon,crony,oncorhynchus-keta,pal
chum-salmon	chum
chummy	buddy-buddy,matey,pally,thick
chump	fall-guy,fool,gull,mark,mug,patsy,soft-touch,sucker
chunga	chunga-burmeisteri,seriema
chunga-burmeisteri	chunga
chunk	ball,clod,clump,glob,lump
chunky	lumpy,stumpy
church	church-building
church-bench	pew
church-building	church
churchman	cleric
churchyard	god's-acre
churl	boor,crank,crosspatch,grouch,grump
churn-up	sicken
churning	roiled,roiling,roily
churr	whirr
churrigueresco	baroque
churrigueresque	baroque
chute	slide,slideway,sloping-trough
ci	hundred-and-one,one-hundred-one
cialis	tadalafil
ciao	aloha
cicada	cicala
cicala	cicada
cicatrice	scar
cicatrix	scar
cicer	genus-cicer
cicero	tully
cidade-de-praia	praia
cider	cyder
cigaret	cigarette,fag
cigarette	butt,cigaret,coffin-nail,fag
cilial	ciliary,ciliate
ciliary	cilial
ciliate	cilial,ciliated-protozoan,ciliophoran
ciliated-protozoan	ciliate
ciliophoran	ciliate
cimex	genus-cimex
cimex-lectularius	bedbug,chinch
cinch	breeze,child's-play,duck-soup,girth,picnic,piece-of-cake,pushover,snap,walkover
cincture	sash
cinema	celluloid,film
cinematography	filming
cipher	aught,calculate,compute,cypher,nada,naught,nil,nix,nobody,nothing,zero,zilch
cipro	ciprofloxacin
ciprofloxacin	cipro
cira	continuity-army-council
circle	band,roofy,rophy
circuit	electric-circuit,electrical-circuit,tour
circular	flier,flyer,round
circularise	disseminate
circularize	disseminate
circulate	disseminate
circumboreal	boreal
circumferent	surrounding
circumspectly	cagily
circumstances	luck
circumvent	besiege,evade,sidestep
cirio	boojum-tree,fouquieria-columnaris,idria-columnaris
cirque	cwm
cisco	coregonus-artedi,lake-herring
cissy	effeminate,emasculate,epicene,sissified,sissy,sissyish
cistron	gene
citation	commendation
cite	advert,bring-up,mention,name,quote,refer,summon
citellus-citellus	suslik
cither	cithern,citole,cittern,gittern,zither
cithern	cither,citole
citole	cither,cithern,cittern,gittern
citrous-fruit	citrus
citrus	citrous-fruit,citrus-fruit
citrus-fruit	citrus
cittern	cither,citole
city	metropolis,urban-center
city-manager	mayor
city-of-brotherly-love	philadelphia
city-of-light	paris
cive	allium-schoenoprasum,chive,chives,schnittlaugh
civet	civet-cat
civet-cat	civet
civies	civvies
civil-wrong	tort
civilisation	civilization,culture
civilised	civilized,cultured
civilization	civilisation,culture
civilized	civilised,cultured
civvies	civies
cl	chlorine,one-hundred-fifty
clack	clack-valve,clapper-valve,clatter,cluck,gabble
clack-valve	clack
clad	clothed
clairvoyance	esp
clamant	blatant
clamber	scramble,shin,shinny,skin,sputter,struggle
clammy	dank
clamor	blare,blaring,cacophony,din
clamorous	blatant
clams	boodle,bread,cabbage,dinero,dough,gelt,kale,lettuce,pelf
clan	kin,kin-group,kindred,kinship-group,tribe
clang	clangor,clash,crash
clangor	clang,clangoring,clangour,clank,clash,crash
clangoring	clangor,clash,crash
clangour	clangor,clash,crash
clank	clangor,clash,crash
clannish	clubby,snobby
clap	applaud,bam,bang,blast,eruption
clapper	glossa,lingua,tongue
clapper-valve	clack
clappers	bones
clapping	applause,hand-clapping
claptrap	blah,rant
clare-booth-luce	luce
clarence-malcolm-lowry	lowry
clarify	clear-up,elucidate
clarity	clearness,limpidity,lucidity,lucidness,pellucidity
clark	charles-joseph-clark,joe-clark
clary	salvia-sclarea
clash	clang,clangor,clangoring,clangour,clank,crash,skirmish
class	category,classify,course,family,grade
class-aves	aves
class-bryopsida	musci
class-musci	musci
class-nuda	nuda
classic	authoritative,classical,definitive,hellenic
classical	classic,hellenic
classification	assortment,categorisation,categorization,compartmentalisation,compartmentalization
classify	assort,class,separate,sort,sort-out
classroom	schoolroom
classy	posh,swish
clatter	brattle,clack
claude-monet	monet
claudication	gimp
claviceps-purpurea	ergot
claw	nipper,pincer
clawed	taloned
claxon	klaxon
clay	cadaver,corpse,mud
clayey	argillaceous,cloggy
clayware	pottery
clean	plumb,sporting
clean-cut	trig
clean-handed	innocent
cleaner	cleanser,cleansing-agent
cleaning	cleansing,cleanup
cleanly	flawlessly
cleanser	cleaner
cleansing	cleaning
cleansing-agent	cleaner
cleanup	cleaning
clear	acquit,authorize,earn
clear-up	clarify
clearing	glade
clearly	distinctly
clearness	clarity,limpidity,lucidity,lucidness,pellucidity
cleave	cling,cohere,rive,split
cleg	clegg,horse-fly,horsefly
clegg	cleg,horse-fly,horsefly
clemency	mercy
clenched	clinched
clenched-fist	fist
clergyman	man-of-the-cloth,reverend
cleric	churchman,divine,ecclesiastic
clerid	clerid-beetle
clerid-beetle	clerid
clever	cagey,cagy,canny
clew	clue,cue
cli	command-line-interface
cliche	banality,bromide,commonplace,platitude
click	chink,cluck,detent,pawl,snap
client	customer,node
cliff	drop,drop-off
clifford-odets	odets
climate	clime
climax	culminate,culmination,orgasm
climb	climb-up,go-up,mount
climb-up	climb
clime	climate
clinched	clenched
cline	martin-cline
cling	adhere,cleave,cohere,stick
clinid	clinid-fish
clinid-fish	clinid
clink	chink,gaol,jail,tink,tinkle
clip	cartridge-clip,cartridge-holder,lop,magazine,time,trot
clip-clop	clop
clippety-clop	clop
clique	camp,coterie,ingroup,inner-circle,pack
cliquish	clubby,snobby
clit	button,clitoris
clitoris	clit
clive	baron-clive,baron-clive-of-plassey,robert-clive
clive-staples-lewis	lewis
cloaca	sewer,sewerage
cloaked	draped,wrapped
clobber	baste,batter,drub,lick
clod	ball,chunk,clump,glob,lout,lummox,lump,oaf
clodhopper	brogan,brogue
clog	back-up,choke,choke-off,clog-up,congest,foul,geta,patten,sabot
clog-up	clog
clogged	choked,clotted
cloggy	clayey,heavy
cloistered	monastic
cloistral	monastic
clomid	clomiphene,clomiphene-citrate
clomiphene	clomid
clomiphene-citrate	clomid
clomp	clump
clon	clone
clone	clon,knockoff
clop	clip-clop,clippety-clop,clopping,clumping,clunking
clopidogrel-bisulfate	plavix
clopping	clop
close	airless,finis,near,nigh,shut
close-at-hand	impending
close-to	about,approximately,roughly
closed	unopen
closed-book	enigma,mystery
closedown	shutdown
closer	nearer,nigher
closet	cupboard,loo,wardrobe
closing	closure,shutdown
closing-curtain	finis
closure	closing,shutdown
clot	coagulum
cloth	fabric,material,textile
clothe	dress,enclothe,fit-out,garb,garment,habilitate,raiment,tog
clothed	clad,draped,wrapped
clothes	apparel,dress,wearing-apparel
clothes-basket	voider
clothes-hamper	voider
clotheshorse	dude,fop,sheik
clothing	article-of-clothing,habiliment,vesture,wear,wearable
clotted	clogged
cloud	befog
cloud-cover	overcast
cloud-nine	bliss
cloudiness	overcast
cloudy	murky,nebulose,nebulous,turbid
clout	biff,lick,poke,punch,slug
cloven	bisulcate
clover	trefoil
clown	buffoon,goof,goofball,merry-andrew
clowning	japery,prank
clownish	zany
clownlike	zany
cloy	pall
cloying	syrupy
club	ball-club,baseball-club,guild,nightclub,nine
clubby	clannish,cliquish,snobbish,snobby
cluck	clack,click
clue	clew,hint
clump	bunch,chunk,clod,clomp,clunk,cluster,clustering,glob,lump,thud
clumping	clop
clumsiness	slowness
clumsy	clunky,gawky,inapt,ungainly,unwieldy
clunk	clump,thud,thump,thumping
clunking	clop
clunky	clumsy,gawky,ungainly
clupea	genus-clupea
clupea-sprattus	sprat
cluster	bunch,clump,clustering
cluster-bean	guar
clustering	bunch,clump,cluster
clutch	prehend,seize
clutter	jumble,muddle,welter
cluttered	littered
clv	one-hundred-fifty-five
clx	one-hundred-sixty
clxv	one-hundred-sixty-five
clxx	one-hundred-seventy
clxxx	one-hundred-eighty
clyster	enema
cm	centimeter,centimetre
cmb	cbr,cmbr
cmbr	cbr,cmb
cmv	cytomegalovirus
cnpz	eln
cns	central-nervous-system
cnut	canute,canute-the-great,knut
co	centennial-state,colorado
co-occur	coincide
co-worker	colleague
coach	bus,handler,jitney,manager,tutor
coagulum	clot
coal	ember
coal-black	ebony,sooty
coalesce	fuse,immix,mix
coalesced	fused
coarse	common,rough-cut,uncouth,vulgar
coarse-grained	grainy,granular,gritty,mealy
coarseness	raunch
coast	sea-coast,seacoast,seashore
coat	coating,pelage
coat-of-arms	blazon
coat-of-mail-shell	chiton
coati	coati-mondi,coati-mundi,coon-cat,nasua-narica
coati-mondi	coati
coati-mundi	coati
coating	coat
coax	blarney,cajole,inveigle,palaver,sweet-talk,wheedle
coaxal	coaxial
coaxial	coaxal
coaxing	ingratiatory
cobalt-blue	aqua
cobble	cobblestone,sett
cobblestone	cobble,sett
cobia	rachycentron-canadum,sergeant-fish
cocain	cocaine
cocaine	cocain
cocci	coccus
coccus	cocci
coccyx	tail-bone
cochin	cochin-china
cochin-china	cochin
cock	dick,peter,prance,putz,rooster,swagger
cock-a-hoop	braggy
cockamamie	goofy,silly,wacky
cockamamy	goofy,silly,wacky
cocker	cocker-spaniel,coddle,english-cocker-spaniel,pamper
cocker-spaniel	cocker
cockeyed	askew,awry,blotto,crocked,pissed,soaked,soused
cockle	pucker
cocksucker	bastard
cockup	balls-up,ballup,mess-up
coco	coco-palm,cocoa-palm,coconut,coconut-palm,coconut-tree,cocos-nucifera
coco-palm	coco
coco-plum	icaco
cocoa-palm	coco
cocoa-plum	icaco
coconut	coco,coconut-meat
coconut-meat	coconut
coconut-palm	coco
coconut-tree	coco
cocos	genus-cocos
cocos-nucifera	coco
cocotte	bawd,whore
cocoyam	eddo,taro
cod	collect,dupe,gull,taunt
coda	finale
coddle	baby,cocker,cosset,featherbed,indulge,mollycoddle,pamper,spoil
code	codification
coder	computer-programmer,programmer,software-engineer
codex	leaf-book
codification	code
coding	cryptography,secret-writing,steganography
coding-dna	exon
codswallop	tripe
cody	buffalo-bill,buffalo-bill-cody,william-f,william-frederick-cody
coeliac	celiac
coelom	celom,celoma
coerce	force,hale,pressure,squeeze
coetaneous	coeval
coeval	coetaneous,contemporaneous
coevals	generation
coffee	java
coffee-bar	cafe
coffee-shop	cafe
coffeehouse	cafe
coffer	lacuna
coffin	casket
coffin-nail	cigarette,fag
cog	sprocket
cogency	validity
cogent	telling,weighty
cogent-evidence	proof
coggle	wobble
cogitate	think
cognate	connate,kin,sib
cognisance	awareness
cognisant	aware
cognition	knowledge,noesis
cognizance	awareness,ken
cognizant	aware
cognomen	byname
cohan	george-m,george-michael-cohan
cohere	adhere,cleave,cling,stick
coherence	cohesion
coherency	cohesion
coherent	consistent,logical,ordered
cohesion	coherence,coherency,cohesiveness
cohesiveness	cohesion
cohn	ferdinand-julius-cohn
coho	blue-jack,coho-salmon,cohoe,oncorhynchus-kisutch,silver-salmon
coho-salmon	coho,cohoe
cohoe	blue-jack,coho,coho-salmon,oncorhynchus-kisutch,silver-salmon
coif	hairdo
coiffure	hairdo
coign	coigne,quoin
coigne	coign,quoin
coil	gyrate,gyre,spiral,whorl
coiling	volute
coincide	co-occur,cooccur
coincidence	happenstance
coital	copulatory
coition	coitus
coitus	coition,congress,copulation,intercourse,sex-act,sexual-congress,sexual-intercourse,sexual-relation
coke	blow,c,nose-candy,snow
col	gap
cola	dope
cold	dusty,frigid
coldly	in-cold-blood
cole	kail,kale
coleslaw	slaw
colic	gripes,griping,intestinal-colic
colicky	gassy
collaborate	cooperate,get-together,join-forces
collaborator	pardner
collage	montage
collapse	break,cave-in,crumble,fall-in,founder,give,give-way
collapsible-shelter	tent
collar	arrest,nab,neckband
collation	snack
colleague	co-worker,fellow-worker,workfellow
collect	accumulate,amass,cod,compile,gather,hoard,pile-up,roll-up
collectable	payable
collectible	payable
collection	accumulation,aggregation,assemblage
collective	corporate
collector	aggregator
colligate	associate,link,relate
collision	hit
colly	begrime,bemire,dirty,grime,soil
colocasia-esculenta	dalo
cologne	koln
colonist	settler
colonnade	arcade
colony	settlement
color	coloring,colour,colouring,gloss
colorado	co
colored	biased,colorful,coloured,dyed
colorful	colored,colourful
coloring	color
colors	colours
colossal	prodigious,stupendous
colour	color,gloss
coloured	biased,colored,dyed
colourful	colorful
colouring	color
colours	colors
colter	coulter
coltsfoot	galax
colugo	flying-cat,flying-lemur
columba-palumbus	cushat
columbus	capital-of-ohio
column	editorial
colza	brassica-napus,rape
coma	comatoseness
comal	comate,comose
comate	comal,comose
comatoseness	coma
comb	ransack
comb-plate	ctene
combat	armed-combat,fighting
combat-boot	buskin
combatant	fighter
combine	unite
combining-weight	eq
combo	jazz-band,jazz-group
combtooth-blenny	blenny
combustion	burning
come	arrive,cum,semen
come-about	happen,occur,take-place
come-across	encounter,meet
come-alive	awaken,waken
come-back	retort
come-down	descend
come-in	enter,get-in,get-into,go-in,go-into,move-into
come-near	approach
come-on	approach,bait,come-out
come-out	come-on,show-up,surface,turn-up
come-through	succeed
come-to	concern,pertain
come-up	muster,rise
come-up-to	accost
come-with	accompany
comedian	comic
comedo	blackhead
comely	bonnie,bonny,fair,seemly,sightly
comestible	eatable,edible
comfort	ease,quilt
comfort-woman	ianfu
comfortable	comfy
comforter	quilt
comforts	amenities,conveniences,creature-comforts
comfy	comfortable
comic	amusing,comedian,comical,funny,laughable,mirthful,risible
comical	comic,funny
coming	advent,approaching,forthcoming,orgasm,upcoming
coming-together	merging
comma	comma-butterfly,polygonia-comma
comma-butterfly	comma
command	bid,bidding,control,dictation,mastery
command-line-interface	cli
command-post	ghq
commandant	commander
commandeer	hijack
commander	commandant,commanding-officer
commanding-officer	commander
comme-il-faut	seemly
commence	begin,get,get-down,set-about,set-out,start,start-out
commencement	outset
commendation	citation
comment	commentary,input,point-out,remark
commentary	comment
commerce	commercialism,doc,mercantilism
commerce-department	doc
commercialism	commerce
commie	communist
commingle	fuse,immix,mix
commiseration	pity
commission	committee
commissioned	licensed
commit	consecrate,dedicate,devote,entrust,give,invest
committee	commission
commix	mingle
commixture	mixing
commodity	good,trade-good
common	coarse,mutual,vulgar
common-chord	triad
common-coral-tree	ceibo
common-era	ce
common-hop	bine
common-hops	bine
common-iguana	iguana
common-ivy	ivy
common-market	ec,eec,eu
common-nardoo	nardo
common-people	folk
common-viper	adder
commonly	normally,ordinarily,unremarkably,usually
commonness	raunch
commonplace	banal,cliche,trite
commonwealth	country,nation,republic
commotion	disruption,disturbance,flutter,hoo-ha,hoo-hah,hurly-burly,kerfuffle,ruckus,rumpus,to-do
communicate	pass,pass-along,pass-on,put-across,transmit
communicating	communication
communication	communicating
communion	holy-communion,manduction,sacramental-manduction
communist	commie,communistic
communist-china	china,prc
communistic	communist
commute	transpose
commuter	commuter-train
commuter-train	commuter
comose	comal,comate
comp	comprehensive
compact	compress,stocky,wad
companion	associate,comrade,familiar,fellow
company	caller,troupe
comparative	relative
comparatively	relatively
compare	equate,liken
comparing	comparison
comparison	comparing
compartmentalisation	classification
compartmentalization	classification
compass	ambit,comprehend,grok,range,savvy,scope
compel	obligate,oblige
compensable	paying
compensate	correct,counterbalance,even-off,even-out,even-up,make-up
compete	contend,vie
competence	competency
competency	competence
competently	ably,aptly
competition	competitor,contest
competitive	competitory
competitor	challenger,competition,contender,rival
competitory	competitive
compile	collect,compose
complain	kick,kvetch,plain,quetch,sound-off
complaint	ailment
complementary-dna	cdna
complete	arrant,ended,finish
complete-blood-count	cbc
completed	accomplished,realised,realized
completely	all,altogether,entirely,totally,whole,wholly
complex	composite
complexity	complexness
complexness	complexity
complicate	perplex
complimentary	gratis
complot	conspire
comply	abide-by,follow
component	constituent,element,factor,ingredient,part,portion
component-part	part,portion
comportment	bearing,mien
compose	compile
composite	complex
composition	opus,writing
composure	calm,calmness,equanimity
compound	deepen,heighten,intensify
comprehend	apprehend,compass,dig,embrace,encompass,get-the-picture,grasp,grok,perceive,savvy
comprehensive	comp
compress	compact,pack-together
comprise	consist,constitute,contain
compromise	via-media
compulsiveness	compulsivity
compulsivity	compulsiveness
compulsory	mandatory
computation	calculation
compute	calculate,cipher,cypher,figure,reckon,work-out
computed-tomography	ct
computer	computing-device,computing-machine,data-processor,electronic-computer
computer-address	address
computer-aided-design	cad
computer-keyboard	keypad
computer-programmer	coder
computer-system	adps
computerized-tomography	ct
computing	calculation
computing-device	computer
computing-machine	computer
computing-system	adps
comrade	associate,companion,familiar,fellow
comte	auguste-comte
con	bunco,bunko,gyp,memorize
con-game	bunco,bunko,gyp
concatenation	chain
conceal	hide
concealed	hidden
concealing	hiding
concealment	hiding
concede	confess,profess
conceit	vanity
conceited	vain
conceive	conceptualise,conceptualize,gestate
conceive-of	imagine
concentrate	rivet
concept	conception,construct
conception	concept,construct
conceptualise	conceive
conceptualize	conceive
conceptus	embryo
concern	bear-on,business,come-to,have-to-doe-with,headache,pertain,refer,relate,touch,touch-on
concert-dance	ballet
concerted	cooperative
conciliate	appease,pacify
conclude	reason,reason-out
concluded	ended
concluding	final
conclusion	decision,determination
concomitant	consequent,resultant
concord	accord,agree,concur
concourse	throng
concubine	doxy
concupiscence	eros
concur	agree,concord,hold
condemn	decry,excoriate,objurgate,reprobate
condescend	deign
condition	specify,status,stipulate
conditioned-emotion	cer
conditions	weather
condo	condominium
condom	prophylactic,rubber,safe,safety
condominium	condo
conduct	behavior,carry-on,deal,demeanor,doings,lead
conductor	director,music-director
cone-shaped	conic
conelike	conic
coney	cony,das,dassie,hyrax,pika,rabbit
confab	chat,confer
confabulate	chat,confer
confect	candy
confer	bestow,confab,confabulate,consult
confer-with	consult
conference	league
conferrer	donor
confess	concede,fink,squeal
confide	entrust
confidence	assurance,authority,self-assurance,self-confidence,sureness
confidence-game	bunco,bunko,gyp
confidence-trick	bunco,bunko,gyp
configuration	shape
confine	bound,detain,limit,restrain,restrict,throttle,trammel
confined	captive,jailed
confining	limiting
confirm	affirm,corroborate,substantiate,support,sustain
conflate	fuse,immix,mix
conflict	battle,dispute,engagement,struggle
conformation	shape
conformity	accordance
confound	confuse
confounded	bewildered,confused,mazed
confront	face
confuse	confound
confused	baffled,befuddled,bemused,bewildered,confounded,garbled,lost,mazed,mixed-up
confusing	puzzling
conge	congee
congeal	jell,set
congealed	jelled
congee	conge
congenital	innate
conger	conger-eel
conger-eel	conger
congest	clog
conglomerate	amass
congo	belgian-congo,zaire
congratulations	kudos
congregation	faithful,fold
congress	coitus,u,united-states-congress,us-congress
conic	cone-shaped,conelike,conical
conical	conic
conjecture	speculate
conjoin	marry,wed
conjugal	connubial
conjugate	conjugate-solution,conjugated
conjugate-solution	conjugate
conjugated	conjugate
conjugation	mating
conjunct	cooperative
conjunctive	cooperative
conjure	beseech,conspire,invoke
conjure-up	invoke
conjurer	magician
conjuror	magician
conk	swoon
connate	cognate
connatural	inborn,inbred
connect	associate,link,link-up,relate,tie
connected	affiliated,attached
connectedness	connection
connection	connectedness,connexion
connexion	connection
connote	imply
connubial	conjugal
conquer	curb,inhibit,stamp-down,subdue,suppress
conquering	conquest
conquest	conquering,subjection,subjugation
conrad-aiken	aiken
conrad-potter-aiken	aiken
consanguine	kin
consanguineal	kin
consanguineous	kin
conscience	moral-sense,scruples
conscious	witting
consciousness	awareness
consecrate	commit,dedicate,devote
consecutive	serial,successive
consentaneous	unanimous
consentient	unanimous
consequence	effect,event,issue,outcome,result,upshot
consequent	accompanying,attendant,concomitant,ensuant,incidental,resultant,sequent
consequently	accordingly
conservatism	conservativism
conservativism	conservatism
conserve	economize
consider	reckon,regard,see,view
considerably	substantially,well
consignment	cargo,freight,lading
consist	comprise,dwell,lie,lie-in
consistent	coherent
consistently	systematically
consolation	solace
consolidated	fused
consort	accord,affiliate,associate,assort
conspicuously	prominently
conspiracy	cabal
conspire	cabal,complot,conjure,machinate
constabulary	police
constant	changeless,invariant,unvarying
constantly	invariably
constellate	stud
consternation	alarm
constituent	component,element,part,portion
constitute	appoint,be,comprise,institute,make-up,represent
constituted	established
constitution	establishment
constitutional	inherent,integral
constraining	limiting
constrictive	limiting
construct	build,concept,conception,make
construction	building,structure
construe	interpret,see
consult	confer,confer-with
consume	have,ingest,take,take-in
consummate	arrant
consumption	intake,uptake
contact	liaison
contain	comprise,incorporate
contamination	taint
contemn	despise
contemplate	meditate,mull,muse,ponder
contemplation	musing,reflection
contemplative	brooding,broody,pensive
contemporaneity	modernity
contemporaneous	coeval
contemporaneousness	modernity
contemporaries	generation
contemporary	modern-day
contempt	despite,disdain,scorn
contemptuous	scornful
contend	compete,cope,fight,grapple,postulate,vie
contender	competitor
content	contented
contented	content
contention	controversy
contest	competition
contestation	controversy
context	context-of-use,linguistic-context
context-of-use	context
contiguous	immediate
continental-quilt	duvet
continuance	duration
continuation	sequel
continue	go-along,go-on,keep,preserve,proceed,retain,uphold
continuity	persistence
continuity-army-council	cira
continuous	uninterrupted
contopus-virens	peewee,peewit,pewee,pewit
contorted	writhed
contour	contour-line,shape
contour-line	contour
contrabandist	runner
contradict	belie,negate
contraption	gadget,gismo,gizmo,widget
contrary	wayward
contrast	direct-contrast
contribute	add,bestow,bring,impart,lend
contribution	part,share
contrite	rueful
contritely	ruefully
contrivance	gadget,gismo,gizmo,widget
contrive	cast,design,devise,forge,invent
contrived	hokey,stilted
contriver	planner
control	command,insure,mastery
controversy	arguing,argument,contention,contestation,disceptation,disputation,tilt
contuse	bruise
convenience	gadget,gismo,gizmo,widget
conveniences	comforts
convention	formula,normal,pattern,rule
conventional	schematic
conventual	monastic
converse	discourse
conversion	changeover,transition
convert	change-over,convince
converted	reborn
convex	bulging
convey	fetch,transmit
conveyance	transfer
conviction	article-of-faith,strong-belief
convince	convert,win-over
convoluted	tortuous
convolution	gyrus
convulse	thresh
convulsion	turmoil
cony	coney,das,dassie,hyrax,pika,rabbit
cooccur	coincide
cook	fix,make,prepare,ready
cooke	jay-cooke
cookery	cooking
cookhouse	galley
cookie	biscuit,cooky
cooking	cookery,preparation
cooking-pan	pan
cooking-stove	stove
cooky	biscuit,cookie
cool	aplomb
cooler	ice-chest
coolie	cooly
cooling	chilling,temperature-reduction
coolly	nervelessly,nonchalantly
cooly	coolie
coon	nigga,nigger,nigra
coon-cat	coati
coop	cage,chicken-coop,hencoop,henhouse
cooperate	collaborate,get-together,join-forces
cooperative	concerted,conjunct,conjunctive
cooperator	pardner
coordinate	organise,organize
coosa	coosa-river
coosa-river	coosa
cooter	pseudemys-concinna,river-cooter
cootie	body-louse,pediculus-corporis
cop	arrest,bull,copper,fuzz,glom,nab,pig
cope	contend,coping,deal,get-by,grapple,make-do,make-out,manage
copeck	kopek
copier	duplicator
coping	cope,header
copper	cop,cu
coppice	brush,copse,thicket
copse	brush,brushwood,coppice,thicket
copula	copulative,linking-verb
copulate	mate
copulation	coitus
copulative	copula
copulatory	coital
copy	imitate,simulate,transcript
copycat	aper
coquet	flirt
coquetry	toying
coquette	flirt,minx
cora	despoina,kore,persephone
coracan	ragee,ragi
corakan	ragee,ragi
corbel	truss
corded	twilled
cordia-alliodora	cypre
cordial	affable,amiable,genial
cordiality	amity
cordially	warmly
cords	corduroys
corduroys	cords
core	core-group,essence,gist,kernel,nub,nucleus
core-group	core
coregonus-artedi	cisco
coreid	coreid-bug
coreid-bug	coreid
corgi	welsh-corgi
corium	derma,dermis
corixa	genus-corixa
cork	bobber
corked	corky
corking	bully,dandy,nifty
corky	corked
corn	indian-corn,maize,zea-mays
corned	cured
corneous	horny
corner	nook,quoin
cornered	trapped,treed
cornet	horn,trump,trumpet
cornhusker-state	ne
cornice	pelmet
cornpone	pone
cornucopia	richness
corny	bromidic,platitudinal,platitudinous
corona	aureole
coronach	dirge
coronal	lei,wreath
coronary-bypass	cabg
coronary-bypass-surgery	cabg
coroner	medical-examiner
coroneted	titled
corp	corporation
corporal	somatic
corporate	collective
corporation	corp
corporeal	somatic
corps	army-corps
corpse	cadaver,clay,remains,stiff
corpulent	obese,rotund
corpuscle	mote,particle
corral	cattle-pen,cow-pen
correct	adjust,compensate,rectify,right
correctly	aright,right
corregidor	bataan
correlation	correlativity
correlativity	correlation
correspond	agree,check,fit,gibe,jibe,match,represent,tally
correspondence	symmetry
correspondent	analogous
corrie	cwm
corroborate	affirm,confirm
corrode	rust
corruptible	venal
corruption	depravity
corsage	bouquet,nosegay,posy
corse	corsica
corset	girdle,stays
corsica	corse
cortex	cerebral-cortex,cerebral-mantle,pallium
corticotrophin	acth
corticotropin	acth
coruscant	fulgid,glinting,glittering
corvus	genus-corvus
corvus-corax	raven
corvus-frugilegus	rook
corvus-monedula	daw,jackdaw
corydalus-cornutus	dobson
cos	cos-lettuce,romaine,romaine-lettuce
cos-lettuce	cos
cosec	cosecant
cosecant	cosec
cosh	blackjack,sap
cosher	kosher
cosily	cozily
cosmopolitan	universal
cosmos	creation,existence,macrocosm,universe,world
coss	kos
cosset	coddle,pamper
cost	price,toll
costa	rib
costia	costia-necatrix
costia-necatrix	costia
costless	gratis
costly	dear,high-priced,pricey,pricy
cosy	cozy,snug
cot	camp-bed,crib
cot-death	sids
cotan	cotangent
cotangent	cotan
coterie	clique
cottage	bungalow
cottar	cotter
cotter	cottar
cotton	cotton-fiber,cotton-wool
cotton-fiber	cotton
cotton-wool	cotton
cottus	genus-cottus
couch	lounge,sofa
coue	emile-coue
cougar	catamount,felis-concolor,mountain-lion,painter,panther,puma
coulter	colter
counsel	advise,advocate,counseling,counsellor,counselor,counselor-at-law,guidance,pleader,rede
counseling	counsel,counselling,direction,guidance
counselling	counseling,guidance
counsellor	counsel
counselor	counsel
counselor-at-law	counsel
count	counting,enumerate,number,numerate
countenance	kisser,permit,phiz,smiler,visage
counteract	undermine
counterbalance	compensate
countermand	annul,repeal,rescind
countermine	undermine
counterpart	opposite-number,vis-a-vis
counterterrorist-center	ctc
countervail	offset
counting	count,enumeration,numeration,reckoning,tally
countless	infinite,innumerable,innumerous,multitudinous,myriad,numberless,uncounted,unnumberable
country	area,body-politic,commonwealth,land,nation,res-publica,state
coup	putsch
coup-d'etat	putsch
coup-d'oeil	glimpse
couple	duad,duet,duo,dyad,mate,mates,twain,twosome
coupled	linked
couplet	duad,dyad,twain
coupling	mating,yoke
courage	braveness,bravery,courageousness
courageous	brave
courageously	bravely
courageousness	bravery,courage
courier	messenger
course	class,course-of-instruction,course-of-study,grade,naturally,of-course,track
course-of-instruction	course
course-of-study	course,curriculum
courser	charger
court	homage,judicature,tribunal,woo
courteously	politely
courtesan	doxy
cousin	cousin-german,first-cousin,full-cousin
cousin-german	cousin
couthie	couthy
couthy	couthie
cover	blanket,cross,deal,embrace,encompass,masking,shroud,traverse
covering	masking
coveted	desired
covetous	envious,grabby,greedy,jealous
covetously	greedily
covetousness	avarice
cow	moo-cow
cow-barn	byre
cow-pen	corral
cowardly	fearful
cowbarn	byre
cowboy	cattleman,cowhand,cowherd,cowman,cowpoke,cowpuncher,puncher
cower	grovel,huddle
cowhand	cowboy,puncher
cowherd	cowboy,puncher
cowhouse	byre
cowl	cowling
cowling	bonnet,cowl,hood
cowman	cowboy,puncher
cowpoke	cowboy,puncher
cowpuncher	cowboy,puncher
cowrie	cowry
cowry	cowrie
cows	bos-taurus,cattle,kine,oxen
cowshed	byre
cox	coxswain
coxa	articulatio-coxae,hip,hip-joint
coxswain	cox
coy	demure
coyness	demureness
coyol	acrocomia-vinifera,coyol-palm
coyol-palm	coyol
coyote	brush-wolf,canis-latrans,prairie-wolf
coyote-state	sd
coypu	myocastor-coypus,nutria
cozen	deceive,delude
cozenage	scam
cozily	cosily
cozy	cosy,snug
cpr	cardiac-resuscitation,kiss-of-life
cps	cycle,cycle-per-second,hertz,hz
cpu	c,central-processing-unit,central-processor,mainframe,processor
cr	chromium
crabbed	crabby,fussy,grumpy
crabby	bad-tempered,crabbed,cross,fussy,grouchy,grumpy,ill-tempered
crabs	pediculosis-pubis
crack	break,check,sally,super,tiptop,tops
crack-shot	marksman
crackbrained	idiotic
cracked	barmy,bats,batty,chapped,daft,fruity,kookie,kooky,loco,loony,loopy,nuts
cracker	banger
cracker-barrel	folksy
crackerjack	jimdandy
crackers	barmy,bats,batty,daft,fruity,kookie,kooky,loco,loony,loopy,nuts,nutty
cracking	bully,dandy,nifty
crackle	crackling,crepitation
crackling	crackle
craft	trade
craftily	foxily,slyly
crafty	cunning,dodgy,foxy,guileful,knavish,slick,sly,tricksy,tricky,wily
cragged	craggy,hilly
craggy	cragged,hilly,mountainous
cram	chock-up,jam,jampack,ram,wad
cramp	hamper,muscle-spasm,spasm
cranch	grind
crane	stretch-out
crank	churl,cranky,grump,meth,shabu,tender,tippy,trash,zigzag
cranky	crank,peevish,techy,tender,testy,tetchy,tippy
crap	bull,bullshit,dogshit,horseshit,irish-bull,shit,shite,turd
crape	crepe
crappy	icky,lousy,rotten,shitty,stinking,stinky
crash	clang,clangor,clangoring,clangour,clank,clash,doss
crashing	bally
craunch	grind
crave	hunger,lust,starve,thirst
craved	desired
craven	recreant
craw	crop
crawl	creep,grovel
crawler	toady
crax	genus-crax
crayon	wax-crayon
craze	cult,fad,frenzy,furor,furore,rage
crazed	deranged,half-crazed
crazily	dementedly,insanely,madly
craziness	lunacy
crazy	brainsick,demented,disturbed,dotty,gaga,mad,sick,unbalanced,unhinged
crazy-house	bedlam
creak	screak,screech,skreak,squeak,whine
creaky	arthritic,rheumatic,rheumatoid,rheumy
cream	drub,lick,pick
cream-puff	chou
crease	creese,crinkle,crisp,kris,ruckle,scrunch,scrunch-up,wrinkle
create	make
creation	cosmos,creative-activity,founding,universe,world
creative	originative
creative-activity	creation
creative-person	artist
creator	almighty,divine,god-almighty,godhead,jehovah,lord,maker
creature	animal,animate-being,beast,brute,fauna
creature-comforts	comforts
creche	foundling-hospital
crecy	battle-of-crecy
cred	street-cred,street-credibility
credal	creedal
credence	acceptance
credit	recognition
credo	creed
creed	credo
creedal	credal
creek	brook
creep	crawl,grovel,sneak
creepy	creepy-crawly
creepy-crawly	creepy
creese	crease,kris
crenel	crenelle
crenelle	crenel
crepe	crape
crepitation	crackle
crepuscle	dusk,gloam,nightfall
crepuscule	dusk,gloam,nightfall
crescent	lunate
crescent-shaped	lunate
crested	plumed,tufted
crete	kriti
cretin	idiot
crewet	cruet
crewman	sailor
crex	genus-crex
crib	cot
crib-death	sids
crick	francis-crick,wrick
crime	criminal-offence,criminal-offense,law-breaking,offence,offense
criminal	crook,felon,malefactor,outlaw
criminal-offence	crime
criminal-offense	crime
criminalise	outlaw
criminalize	outlaw
criminate	accuse
crimper	curler
crimson	blood-red,blush,carmine,cerise,cherry,cherry-red,flush,flushed,red,redden,reddish,ruddy
cringe	flinch,funk,grovel,quail,recoil,shrink,squinch,wince
cringing	wormy
cringle	eyelet,loop
crinkle	crease,wrinkle
cripple	stultify
crippled	gimpy,lame
crisp	crease,crispy,curt,frizzy,frosty,nappy,nippy,sharp,terse
crispy	crisp
cristal	xtc
critical	vital
criticise	criticize
criticism	unfavorable-judgment
criticize	criticise,knock,pick-apart
cro	oscilloscope,scope
croak	decease,die,exit,expire,go,pass,pass-away,perish
croaky	guttural
croat	croatian
croatian	croat
crock	earthenware-jar,soot
crocked	besotted,blind-drunk,blotto,cockeyed,fuddled,loaded,pie-eyed,pissed,soaked,soused
crohn	burrill-bernard-crohn
cromlech	dolmen
crone	beldam,beldame,hag,witch
cronk	honk
crony	brother,buddy,chum,pal,sidekick
crook	criminal,felon,malefactor,outlaw
crookback	humped
crookbacked	humped
crooked	stooped
crop	craw,graze,harvest,lop
crop-dusting	spraying
cross	cover,crabby,cut-across,cut-through,frustrate,fussy,get-across,get-over,grumpy,intersect,pass-over,span
crossbeam	trave
crosspatch	churl,grump
crosspiece	trave
crossroads	hamlet
crosstalk	xt
crotch	genital-organ,genitalia,genitals,private-parts,privates
crotchet	quirk
crotchety	ornery
crouch	bend,bow,squat,stoop
croup	croupe,hindquarters,rump
croupe	croup,hindquarters,rump
crow	gloat
crowing	braggy
crown	diadem,pate,pennant,top,treetop
crowned-head	monarch,sovereign
crp	c-reactive-protein
crt	cathode-ray-tube
crucial	important
crucifix	rood
cruddy	filthy,foul,nasty,smutty
crude	earthy,primitive,rough,stark
crudeness	crudity
crudity	crudeness,gaucheness
cruel	barbarous,brutal,fell,roughshod,savage,vicious
cruelty	inhuman-treatment
cruet	crewet
crumb	bum,puke,skunk
crumble	break-down,collapse,crumple,tumble
crumbly	friable
crummy	bum,cheap,cheesy,chintzy,punk,sleazy,tinny
crumple	crumble,pucker
crumpled	dented
crunch	grind
crusade	campaign,cause,drive,effort,movement
crush	beat,mash,oppress,squash,squeeze,suppress
crushed-rock	gravel
crushing	devastating
crust	earth's-crust,gall,insolence
crusted	crustlike,crusty,encrusted
crustlike	crusted
crusty	crusted,curmudgeonly,gruff,ill-humored,ill-humoured
crux	crux-of-the-matter
crux-of-the-matter	crux
cry	call,exclaim,holler,hollo,outcry,scream,shout,shout-out,squall,weep,yell
cry-baby-tree	ceibo
cry-out	exclaim
crybaby-tree	ceibo
crying	egregious,flagrant,glaring,gross,rank,tears
cryptic	cryptical,deep,inscrutable,mysterious,mystifying
cryptical	cryptic,mysterious
cryptography	coding
cryptomeria-japonica	sugi
cryptoprocta-ferox	fossa
crystal	quartz
crystal-clear	limpid,lucid,transparent
crystal-rectifier	diode
crystalised	glace
crystalized	glace
crystalline	transparent
cs	caesium,cesium
cst	central-standard-time,central-time
ct	cat,computed-tomography,computerized-tomography
ctc	counterterrorist-center
ctene	comb-plate
cu	copper
cub	rookie,sonny,young-carnivore
cuba	republic-of-cuba
cuban-bast	mahoe
cuban-sandwich	hoagy,zep
cubby	cubbyhole,snug,snuggery
cubbyhole	cubby
cube	regular-hexahedron
cube-shaped	cuboid
cubeb	cubeb-cigarette
cubeb-cigarette	cubeb
cubelike	cuboid
cubic	three-dimensional
cubic-centimeter	cc,ml
cubic-centimetre	cc,ml
cubic-decimeter	liter,litre
cubic-decimetre	liter,litre
cubical	cuboid
cubicle	booth,carrel,kiosk
cubiform	cuboid
cubist	cubistic
cubistic	cubist
cubital-joint	elbow
cubitus	elbow
cuboid	cube-shaped,cubelike,cubical,cubiform,cuboidal
cuboidal	cuboid
cuckoo	jackass
cuckoo's-nest	bedlam
cucumber	cuke
cud	chaw,quid,rechewed-food
cuddle	draw-close,nest,nestle,nuzzle,snuggle
cuddlesome	cuddly
cuddling	hugging,kissing,petting
cuddly	cuddlesome
cue	clew,cue-stick,pool-cue,pool-stick
cue-stick	cue
cuff	turnup
cuke	cucumber
cul	cul-de-sac,dead-end
cul-de-sac	cul
culex	genus-culex
cull	reject
culminate	climax
culmination	apogee,climax
cult	craze,cultus,fad,furor
cultivable	arable
cultivatable	arable
cultivated	cultured
cultivator	grower,tiller
cultural	ethnic
culture	civilisation,civilization
cultured	civilised,civilized,cultivated,genteel,polite
cultus	cult,religious-cult
cum	come,ejaculate,seed,semen,seminal-fluid
cumbersome	inapt
cumin	cumin-seed
cumin-seed	cumin
cumulate	amass
cumulation	heap,pile
cumulative	accumulative
cumulus	heap,pile
cunaxa	battle-of-cunaxa
cuneal	cuneiform,wedge-shaped
cuneiform	cuneal
cuneus	wedge
cuniculus-paca	paca
cunner	bergall,tautogolabrus-adspersus
cunning	crafty,dodgy,foxy,sly,tricky,wily
cunningly	cutely,foxily,slyly
cunt	puss,pussy,slit,snatch,twat
cuon	cyon,genus-cuon,genus-cyon
cuon-alpinus	dhole
cupboard	closet
cupel	bone-ash-cup,refractory-pot
cupid	amor
cupid's-disease	vd
cupid's-itch	vd
cuppa	cupper
cupper	cuppa
cupric	cuprous
cuprous	cupric
cur	mongrel,mutt
curate	minister,parson,pastor
curative	healing,therapeutic
curb	amex,conquer,curbing,curtail,inhibit,kerb,restrict,subdue,suppress
curbing	curb,kerb
cure	bring-around,heal
cured	aged,corned,healed
curet	curette
curette	curet
curie	madame-curie,marie-curie,marya-sklodowska
curio	curiosity,oddity,oddment,peculiarity,rarity
curiosity	curio,oddity,rarity,wonder
curious	funny,odd,peculiar,queer,rum,rummy,singular
curiously	oddly,peculiarly
curl	curve,gyre,kink,whorl
curled	curling
curler	crimper,hair-curler,roller
curlicue	gyre,whorl
curling	curled
curmudgeonly	crusty
current-of-air	wind
currently	presently
curriculum	course-of-study,program,programme,syllabus
curse	bane,bedamn,blaspheme,cuss,hex,imprecate,jinx,oath,swear
curse-word	oath
cursed	curst
cursor	pointer
cursory	casual,passing,perfunctory
curst	cursed
curt	brusk,crisp,laconic,terse
curtail	curb,cut-back,restrict
curtain	drape,drapery,mantle,pall
curtly	short,shortly
curvaceous	bosomy,busty,curvy,sonsie,sonsy
curve	arch,bender,curl,curved-shape,swerve,veer
curve-ball	bender
curved	curving
curved-shape	curve
curvet	vaulting
curvey	curvy
curving	curved
curvy	bosomy,busty,buxom,curvaceous,curvey,full-bosomed,sonsie,sonsy,stacked
cusco	cuzco
cushat	columba-palumbus,ringdove,wood-pigeon
cushion	buffer,soften
cushioned	padded
cushiony	padded
cushy	easygoing,soft
cusk	burbot,eelpout,ling,lota-lota,torsk
cusp	leaflet
cuspate	cusped
cuspated	cusped
cusped	cuspate,cuspated,cuspidal,cuspidate,cuspidated
cuspid	canine,canine-tooth,dogtooth,eye-tooth,eyetooth
cuspidal	cusped
cuspidate	cusped
cuspidated	cusped
cuss	blighter,bloke,chap,curse,fella,feller,fellow,gadfly,gent,lad,oath,swear
cussed	obdurate,obstinate,unrepentant
cussedly	stubbornly
custody	hands
custom	usage,usance
customary	accustomed,habitual,wonted
customer	client
customs-bureau	uscb
customs-service	uscb
cut	dilute,geld,gelded,ignore,mown,reduce,snub,swerve,veer
cut-across	cross,traverse
cut-back	curtail,lop,reduce,restrict
cut-down	fell,mow,reduce,slash
cut-into	delve,dig
cut-off	disrupt,interrupt,knap
cut-through	cross,traverse
cutaneal	dermal
cutaneous	dermal
cutch	kutch
cute	precious
cutely	cunningly
cutis	skin,tegument
cutlas	cutlass
cutlass	cutlas
cutlery	cutter
cutter	cutlery,cutting-tool
cutting	film-editing
cutting-out	ablation
cutting-tool	cutter
cuttle	cuttlefish
cuttlefish	cuttle
cuzco	cusco
cv	one-hundred-five
cva	apoplexy,stroke
cwm	cirque,corrie
cwt	hundredweight,long-hundredweight
cx	one-hundred-ten
cxl	one-hundred-forty
cxlv	one-hundred-forty-five
cxv	one-hundred-fifteen
cxx	one-hundred-twenty
cxxv	one-hundred-twenty-five
cxxx	one-hundred-thirty
cxxxv	one-hundred-thirty-five
cyamopsis-psoraloides	guar
cyamus	genus-cyamus
cyan	blue-green,bluish-green,teal
cycas	genus-cycas
cycle	bicycle,bike,cps,hz,rhythm,round
cycle-per-second	cps,hz
cyclic	cyclical
cyclical	cyclic
cyclist	bicycler,bicyclist,wheeler
cyder	cider
cygnus	genus-cygnus
cylindric	cylindrical
cylindrical	cylindric
cylix	kylix
cyma	cymatium
cyma-reversa	ogee
cymatium	cyma
cymru	cambria,wales
cymry	cambrian,welsh,welshman
cynic	faultfinder
cynical	misanthropic,misanthropical
cynips	genus-cynips
cynodon-dactylon	doob,kweek
cyon	cuon,genus-cuon,genus-cyon
cyperus-esculentus	chufa
cypher	aught,calculate,cipher,compute,nada,naught,nil,nix,nobody,nothing,zero,zilch
cypre	cordia-alliodora,equador-laurel,princewood,salmwood,spanish-elm
cyprian	bawd,whore
cyril	saint-cyril,st
cyril-burt	burt
cyril-lodowic-burt	burt
cyrus	cyrus-the-younger
cyrus-the-younger	cyrus
cytokinin	kinin
cytol	cytoplasm
cytomegalovirus	cmv
cytoplasm	cytol
czar	tsar,tzar
czech	czechoslovakian
czech-capital	prag,praha
czechoslovakian	czech
d	dc,dprk
da	district-attorney
da'wah	dawah
dab	swab,swob
daba	kola,musgoi
dabbled	spattered,splashed,splattered
dacca	capital-of-bangladesh,dhaka
dace	leuciscus-leuciscus
dacelo	genus-dacelo
dacron	terylene
dacrydium-cupressinum	rimu
dactyl	digit
dad	dada,daddy,pa,papa,pappa,pop
dada	dad,dadaism,daddy,pa,papa,pappa
dadaism	dada
daddy	dad,dada,pa,papa,pappa,pop
dae-han-min-gook	korea
daemon	demon
daffo	bokkos,ron
dafla	abor,miri,mirish
daft	balmy,barmy,bats,batty,bonkers,buggy,cracked,crackers
daftly	balmily,dottily,nuttily,wackily
dag	dkg,jag
dagga	cape-dagga,leonotis-leonurus,red-dagga,wilde-dagga
dagger	sticker
dago	ginzo,greaseball,guinea,wop
dah	dash
dahl	cajan-pea,dhal,pigeon-pea
dahna	ar-rimsal,great-sandy-desert,rub-al-khali
dahomey	benin
dail	dail-eireann
dail-eireann	dail
daimon	demon
daintiness	delicacy
dainty	exquisite,goody,mincing,prissy,twee
dairy	dairy-farm
dairy-cattle	milker
dairy-cow	milker
dairy-farm	dairy
dais	ambo,podium,pulpit,rostrum,soapbox,stump
dak	butea-frondosa,butea-monosperma,dhak,palas
dakar	capital-of-senegal
dal	decaliter,decalitre,dekaliter,dekalitre,dkl
dalbergia-sissoo	sissu
dalea	genus-dalea
dali	salvador-dali
dalliance	toying
dallier	mope
dally	flirt,play,trifle
dalo	colocasia-esculenta,dasheen,taro,taro-plant
dam	dike,dkm,dyke
dama	genus-dama
damage	scathe
damaliscus-lunatus	topi
damar	dammar,dammar-resin,gum-dammar
dame	bird,chick,doll,ma'am,madam,skirt,wench
dame-nellie-melba	melba
dammar	damar
dammar-resin	damar
damn	bedamn,blamed,blessed,damned,darned,deuced,goddam,goddamn,goddamned,shucks
damned	blame,blamed,blasted,blessed,damn,darned,deuced,goddam,goddamned
damp	dampish,deaden,moist
dampen	deaden,moisten,stifle
dampish	damp,moist
damply	moistly
dana	danu
danaid	danaid-butterfly
danaid-butterfly	danaid
danau	danube,danube-river
danaus	genus-danaus
dance	dancing
dance-hall	ballroom
dance-palace	ballroom
dancer	professional-dancer,terpsichorean
dancing	dance,saltation,terpsichore
dandified	foppish
dandle-board	seesaw
dandy	bang-up,bully,corking,cracking,dude,fop,great,groovy,keen,neat,nifty,sheik
dandyish	foppish
dangerous	unsafe
dangerous-undertaking	adventure
dangle	drop,swing
daniel	book-of-daniel
daniel-boone	boone
daniel-defoe	defoe
daniel-jones	jones
danish-krone	krone
dank	clammy
danmark	denmark
dante	dante-alighieri
dante-alighieri	dante
danu	dana
danube	danau
danube-river	danau
daoism	taoism
dapper	dashing,jaunty,natty,raffish,rakish,snappy,spiffy,spruce
dapple	fleck,maculation,patch,speckle,spot
dappled	mottled
dard	dardic,dardic-language
dardic	dard
dardic-language	dard
dare	make-bold,presume
dari	dari-persian
dari-persian	dari
daring	audacious,venturesome,venturous
dark	darkness,dismal,dour,drear,morose,night,sullen
dark-brown	brown
dark-glasses	shades
dark-green	green
dark-skinned	dusky,swart,swarthy
darkey	darky
darkie	darky
darkly	in-darkness
darkness	dark
darky	darkey,darkie
darling	beloved,dear,dearie,deary,ducky,favorite,favourite,pet
darn	shucks
darned	blame,blamed,blasted,blessed,damn,damned,deuced,goddam,goddamned
dart	dash,fleet,flit,flutter,scoot,scud
darvon	propoxyphene
darwin	charles-darwin,charles-robert-darwin
das	coney,cony,dassie,hyrax
dash	dah,dart,daunt,flash,hyphen,scoot,scud,shoot
dashboard	fascia
dashed	dotted
dasheen	dalo,eddo,taro
dashing	dapper,gallant,natty,spiffy,spruce
dassie	coney,cony,das,hyrax
dasyprocta-aguti	agouti
dasypus-novemcinctus	peba
dat	digital-audiotape
data	information
data-point	datum
data-processor	computer
date	day-of-the-month
dating	geological-dating
dative	dative-case
dative-case	dative
datril	acetaminophen,anacin-iii,panadol,phenaphen,tempra,tylenol
datum	data-point
daub	blot,slur,smudge
daughter	girl
daunt	dash,frighten-away,frighten-off,pall,scare,scare-away,scare-off
daunted	fazed
david-hubel	hubel
david-hume	hume
david-mamet	mamet
davis	bette-davis,davys
davy	humphrey-davy,sir-humphrey-davy
davys	davis,john-davis,john-davys
daw	corvus-monedula,jackdaw
dawah	da'wah
dawdle	lag
dawes	william-dawes
dawn	aurora,break-of-day,break-of-the-day,dawning,daybreak,dayspring,first-light,morning,sunup
dawning	dawn,sunup
dawson's-encephalitis	sspe
day	daylight
day-of-the-month	date
dayan	moshe-dayan
daybed	chaise,divan-bed
daybreak	dawn,sunup
dayfly	mayfly,shadfly
daylight	day,daytime
daypro	oxaprozin
days	years
dayspring	dawn
daytime	daylight
daze	dazzle,fog,haze,shock
dazed	groggy,logy,stunned,stupefied,stupid
dazzle	bedazzle,daze
dazzling	blazing,eye-popping,fulgurant,fulgurous,glaring,glary
db	decibel
dba	assumed-name,doing-business-as,fictitious-name
dc	d,district-of-columbia
dd	doctor-of-divinity
ddc	dideoxycytosine,zalcitabine
ddi	didanosine,dideoxyinosine
de	delaware,diamond-state,first-state
de-ice	deice
de-jure	legally
de-luxe	deluxe,luxe
de-sade	sade
dea	drug-enforcement-agency
deacon	protestant-deacon
dead	abruptly,absolutely,bushed,perfectly,utterly
dead-end	cul,impasse
dead-room	morgue
deaden	damp,dampen
deadening	boring,irksome,tedious
deadlock	impasse
deadly	deathly,lethal,mortal
deal	address,bargain,conduct,cope,cover,dispense,distribute,grapple,handle,lot,mint,plow
deal-out	dispense,distribute
dealer	bargainer,monger,trader
dealings	relations
dean	doyen
dear	beloved,costly,darling,pricey,pricy
dearie	darling,deary,ducky
dearly	in-a-heartfelt-way
dearth	paucity
deary	darling,dearie,ducky,favorite,favourite,pet
death	decease,expiry
death-penalty	execution
deathlike	deathly
deathly	deadly,deathlike
deb	debutante
debar	avert,bar,exclude
debatable	moot
debate	argument,argumentation
debauch	bacchanal,bacchanalia,debauchery,drunken-revelry,orgy,riot,saturnalia
debauchery	debauch
debile	decrepit,feeble,infirm,rickety,sapless,weak,weakly
debit	debit-entry
debit-entry	debit
debonair	chipper,jaunty
debonaire	chipper,jaunty
debris	detritus,dust,junk,rubble
debs	eugene-v,eugene-victor-debs
debut	entry,first-appearance,introduction,launching,unveiling
debutante	deb
dec	december
decade	decennary,decennium
decadent	effete
decaf	decaffeinated-coffee
decaffeinated-coffee	decaf
decagram	dkg
decal	decalcomania
decalcomania	decal
decaliter	dal,dkl
decalitre	dal,dkl
decameter	dkm
decametre	dkm
decanter	carafe
decapitate	behead
decay	decompose,disintegrate
decayed	rotted
deccan-hemp	bimli,kanaf,kenaf
decease	croak,death,die,perish
deceased	asleep,at-peace,at-rest,departed,gone
deceit	fraudulence
deceive	cozen,delude,lead-on
deceleration	slowing
december	dec
decennary	decade
decennium	decade
decent	enough,nice,properly,seemly
decently	properly
deceptive	misleading,shoddy
decibel	db
decide	determine,make-up-one's-mind,resolve
decidedly	by-all-odds,definitely,emphatically,in-spades,unquestionably
decigram	dg
deciliter	dl
decilitre	dl
decimal	denary
decimeter	dm
decimetre	dm
decision	conclusion,determination
deck-up	prink
declaim	recite
declaration	proclamation,resolution
declared	stated
decline	refuse,wane,worsen
deco	art-deco
decollate	behead
decompose	decay,rot
decomposition	vector-decomposition
decompress	relax
decompression-sickness	bends
decor	interior-decoration
decorate	adorn,beautify,embellish,grace,ornament
decoration	medal,ornament,ornamentation
decorous	seemly
decorousness	decorum
decorum	decorousness
decoy	bait,lure
decrease	diminish,fall,lessen,lessening,reduction
decreased	reduced
decree	edict,fiat,order,rescript
decrepit	debile
decry	condemn,excoriate,objurgate,reprobate
decussation	chiasm
ded	doctor-of-education,edd
dedicate	commit,consecrate,devote,give
deduce	deduct,derive,infer
deduct	deduce,derive,infer,subtract,take-off
deduction	implication,tax-deduction,tax-write-off
deed	deed-of-conveyance,title
deed-of-conveyance	deed
deeds	works
deem	hold,take-for,view-as
deep	cryptic,mysterious
deep-fried	fried
deep-rooted	planted
deep-seated	planted
deep-set	sunken
deepen	compound,intensify
deeply	profoundly
deepness	depth
deer	cervid
deere	john-deere
defamation	calumny
defeat	get-the-better-of,licking,overcome
defeated	foiled
defect	blemish,flaw,shortcoming
defence	defense
defend	fend-for,support
defendant	suspect
defender	guardian,protector,shielder
defense	defence,defensive-measure,dod
defense-department	dod
defensive-measure	defense
defer	accede,hold-over,postpone,prorogue,put-over,remit,set-back,shelve,table
defiance	rebelliousness
defiant	noncompliant
deficiency	lack,want
deficient	lacking
deficit	shortage,shortfall
define	delimit,delimitate,delineate,specify
definitely	by-all-odds,decidedly,emphatically,in-spades,unquestionably
definitive	classic
deflect	avert,distract,parry
deflower	mar
defoe	daniel-defoe
defog	demist
defraud	bunco,diddle,gip,goldbrick,nobble,rook,scam,swindle,victimize
defrost	deice
defroster	deicer
deft	dexterous,dextrous
defy	hold,hold-up,resist,withstand
degage	detached,uninvolved
degeneracy	depravity
degrade	demean
degree	grade,level
deice	de-ice,defrost
deicer	defroster
deign	condescend,descend
deism	free-thought
deist	deistic
deistic	deist
deity	divinity,god,immortal
deject	depress
dejection	feces
dejeuner	lunch
dekagram	dkg
dekaliter	dal,dkl
dekalitre	dal,dkl
dekameter	dkm
dekametre	dkm
delaware	de
delay	detain,hold-up
delectable	yummy
delectation	delight
delegate	depute
delhi	old-delhi
deli	delicatessen,food-shop
deliberately	advisedly,by-choice,by-design,designedly,intentionally,on-purpose,purposely
delicacy	daintiness,fineness,goody
delicate	fragile,touchy
delicatessen	deli
delicious	delightful,yummy
delight	delectation,enchant,please,revel
delightful	delicious
delimit	define,subtend
delimitate	define
delimitation	border,mete
delimited	bounded
delineate	define
delinquent	remiss
delirium	frenzy
delirium-tremens	dts
deliver	cede,present,redeem,rescue
deliver-the-goods	succeed
delivery	bringing
dell	dingle
delphinapterus-leucas	beluga
deltoid	deltoid-muscle,musculus-deltoideus
deltoid-muscle	deltoid
delude	cozen,deceive,lead-on
deluge	flood,inundation,torrent
deluxe	de-luxe,luxe,opulent
delve	cut-into,dig,turn-over
demand	necessitate,need,require,requirement
demean	degrade,disgrace,put-down,take-down
demeanor	behavior,behaviour,conduct,demeanour,deportment
demeanour	demeanor
demented	crazy
dementedly	crazily,insanely
demesne	acres
demilitarise	disarm
demilitarize	disarm
demilitarized-zone	dmz
demist	defog
demo	demonstrate,demonstration
demob	demobilise,demobilize
demobilise	demob
demobilize	demob
democracy	republic
demode	antique,ex,old-fashioned,old-hat,outmoded,passe,passee
demolished	razed
demolishing	razing
demon	daemon,daimon,devil,fiend
demoniac	amok,amuck
demoniacal	amok,amuck
demonic	satanic,unholy
demonstrate	attest,certify,demo,exhibit,manifest,present,shew,show
demonstration	demo,presentation,presentment
demoralise	depress
demoralize	depress
demote	break,bump,kick-downstairs,relegate
demur	except
demure	coy,overmodest
demureness	coyness
den	hideout,lair
denary	decimal
denim	dungaree,jean
denizen	dweller
denmark	danmark,kingdom-of-denmark
denmark-vesey	vesey
dennis-gabor	gabor
denominate	designate
denote	announce
dense	dumb,heavy,impenetrable,obtuse
densely	thickly
denseness	density
density	denseness
dent	ding,indent
dental-floss	floss
dental-plate	denture
dental-practitioner	dentist
dented	bent,crumpled
dentin	dentine
dentine	dentin
dentist	dental-practitioner,tooth-doctor
dentition	teeth
denture	dental-plate,plate
denudation	baring
denver	capital-of-colorado,mile-high-city
deoxyephedrine	meth,shabu,trash
deoxyribonucleic-acid	dna
depart	go,go-away
departed	bygone,bypast,deceased
departer	goer
department	section
department-of-commerce	doc
department-of-defense	dod
department-of-justice	doj
department-of-labor	dol
departure	going,going-away,leaving
depend-on	depend-upon,devolve-on,hinge-on,hinge-upon,ride,turn-on
depend-upon	depend-on
dependable	reliable
dependance	dependence
dependant	hooked
dependence	dependance,dependency
dependency	dependence
dependent	hooked
depict	describe,draw,limn
deplorable	sorry
deplore	bemoan,bewail
deport	exile
deportment	demeanor
depose	force-out
deposit	lodge,sediment,stick,wedge
depot	terminal,terminus
depravation	depravity
depravity	corruption,degeneracy,depravation,putrefaction
depredation	ravage
depress	cast-down,deject,demoralise,demoralize,dismay,dispirit,get-down
depressant	downer
deprive	divest
depth	deepness
depute	delegate
deputy	deputy-sheriff
deputy-sheriff	deputy
der-fuhrer	hitler
deracinate	uproot
deranged	crazed,half-crazed
derby	bowler,bowler-hat,derby-hat,plug-hat
derby-hat	bowler,derby
derelict	remiss
derisive	mocking
derive	deduce,deduct,educe,gain,infer
derma	corium,dermis
dermal	cutaneal,cutaneous,dermic
dermic	dermal
dermis	corium,derma
des	diethylstilbestrol,diethylstilboestrol,stilbestrol,stilboestrol
descend	come-down,deign,fall,go-down
descent	ancestry,extraction,lineage,origin
describe	account,depict,report
description	verbal-description
descry	espy
desegregation	integration
desert	abandon,desolate,forsake
desert-boot	buskin
deserve	merit
deserving	worth
desex	desexualise,desexualize,fix,sterilise,sterilize,unsex
desexualise	desex,unsex
desexualize	desex,unsex
desiccate	arid
desiccated	arid
design	aim,contrive,intention,plan,project,purpose
designate	denominate,destine,doom
designation	appointment,identification
designedly	deliberately
designer	architect
desire	hope,want
desired	coveted,craved,in-demand,sought-after
desolate	bare,barren,bleak,desert,forsake,stark
desoxyribonucleic-acid	dna
despair	desperation
despairing	desperate
despatch	dispatch,shipment
desperate	despairing
desperately	urgently
desperation	despair
despicable	slimy,vile
despise	contemn,disdain,scorn
despised	hated
despite	contempt,disdain,scorn
despoil	reave
despoiled	raped,sacked
despoina	cora,kore
despot	tyrant
despotism	tyranny
dessert	afters,sweet
destine	designate,doom,fate
destiny	fate,luck
destitute	barren,devoid
destroy	destruct,ruin
destroyed	ruined
destruct	destroy
destruction	devastation
detached	degage,separated,uninvolved
detail	item,point
detailed	elaborate,elaborated
details	inside-information
detain	confine,delay
detect	discover,find,notice,observe
detectable	noticeable
detection	espial,sensing,spying
detective	investigator,police-detective,tec
detector	sensing-element,sensor
detent	click,dog,pawl
deter	discourage,dissuade
detergent-builder	builder
determination	conclusion,decision,finding
determine	ascertain,decide,find,find-out
detest	hate
detestable	odious
detestation	odium
detested	hated
dethaw	thaw,unthaw
detonate	blow-up,explode,set-off
detonation	explosion
detour	roundabout-way
detritus	debris,junk,rubble
detroit	motor-city,motown
deuce	dickens,two
deuced	blame,blamed,blasted,blessed,damn,damned,darned,goddam,goddamned
deutschland	frg,germany
devanagari	nagari
devanagari-script	nagari
devastating	crushing
devastation	destruction
develop	arise,evolve,formulate,germinate,originate
development	evolution,growing,growth
deviant	aberrant,deviate
deviate	deviant,divert
devil	beelzebub,demon,dickens,fiend,lucifer,old-nick,prince-of-darkness,satan,the-tempter
devil-grass	doob,kweek
devil-may-care	rakish
devil-tree	dita
devilfish	manta
devilment	mischief
devilry	mischief
deviltry	mischief
devious	oblique
devise	contrive,excogitate,forge,formulate,invent
deviser	planner
devising	making
devoid	barren,destitute,free,innocent
devolve-on	depend-on
devote	commit,consecrate,dedicate,give
devotee	buff,fan,lover
devout	god-fearing
dewar	dewar-flask
dewar-flask	dewar
dewey	john-dewey
dewy	bedewed
dexterous	deft,dextrous
dextrous	deft,dexterous
dflp	pdflp
dg	decigram
dhak	butea-frondosa,butea-monosperma,dak,palas
dhaka	capital-of-bangladesh,dacca
dhal	cajan-pea,cajanus-cajan,catjang-pea,dahl,pigeon-pea,pigeon-pea-plant,red-gram
dhava	dhawa
dhawa	dhava
dhole	cuon-alpinus
diabolic	satanic,unholy
diabolical	satanic,unholy
diacetylmorphine	heroin
diadem	crown
diaeresis	umlaut
diagnose	name
diagnosing	diagnosis
diagnosis	diagnosing
diagonal	aslant,aslope,slanted,slanting,sloped,sloping
dialect	accent,idiom
dialog	dialogue
dialogue	dialog,duologue,talks
dialyse	dialyze
dialyze	dialyse
diam	diameter
diamante	sequin
diameter	diam
diamond	infield,rhomb
diamond-jim	brady
diamond-jim-brady	brady
diamond-state	de
diaper	napkin,nappy
diaphanous	filmy,gauzy
diaphragm	stop
diarrhea	diarrhoea,looseness,looseness-of-the-bowels
diarrhoea	diarrhea
diary	journal
dias	bartholomeu-dias,bartholomeu-diaz,diaz
diaz	bartholomeu-dias,bartholomeu-diaz,dias
diazepam	valium
dibber	dibble
dibble	dibber
dice	die
dicey	chanceful,chancy,dodgy
dick	cock,pecker,peter,prick,putz,shaft,tool
dickens	deuce,devil
dickey	dickie,dicky
dickhead	bastard
dickie	dickey,dicky,shirtfront
dicky	dickey,dickie
dicot	dicotyledon,exogen,magnoliopsid
dicotyledon	dicot
dictate	order,prescribe
dictation	command
dictatorship	tyranny
dictionary	lexicon
dictum	pronouncement,say-so
didactics	education
didanosine	ddi
diddle	defraud,gip,swindle
dideoxycytosine	ddc
dideoxyinosine	ddi
die	croak,decease,dice,exit,expire,go,kick-the-bucket,pass,pass-away,perish
die-away	abate
die-hard	persist
dieresis	umlaut
diesel	diesel-engine,diesel-motor
diesel-engine	diesel
diesel-motor	diesel
diesis	double-dagger,double-obelisk
dietary	dietetic,dietetical
dietetic	dietary
dietetical	dietary
diethyl-ether	ether
diethylstilbestrol	des
diethylstilboestrol	des
differ	disagree
difference	dispute
difference-of-opinion	dispute
different	unlike
differentiate	distinguish,mark
differentiation	distinction
differently	other-than,otherwise
difficult	hard
difficulty	trouble
diffuse	disseminate,pervade
dig	barb,comprehend,cut-into,delve,gibe,grok,jab,jibe,poke,savvy,shaft,toil
digest	endure,tolerate
digger	excavator,power-shovel,shovel
diggings	digs,lodgings
digit	dactyl
digital-audiotape	dat
digital-subscriber-line	dsl
dignitary	vip
dignity	self-regard,self-respect,self-worth
digram	digraph
digraph	digram
digs	diggings,domiciliation,lodgings,pad
dihydric-alcohol	diol
dihydroxyphenylalanine	dopa
dika	irvingia-gabonensis,wild-mango,wild-mango-tree
dike	dam,dyke
dilate	distend,expound
dilemma	quandary
dill	dill-weed
dill-weed	dill
dilly-dallier	mope
dillydallier	mope
dilute	cut,reduce,thin,thin-out
dim	bleak,dimmed,dumb,faint,obtuse,subdued,wispy
dimethyl-ketone	acetone
diminish	decrease,fall,lessen
diminished	lessened
diminution	reduction
diminutive	bantam,midget,petite,tiny
dimly	indistinctly
dimmed	dim
din	blare,blaring,boom,cacophony,clamor,ruckus,rumpus
dinar	algerian-dinar
dinero	clams,gelt,kale,pelf
ding	dent,gouge,nick
dinge	dinginess
dinghy	dory,rowboat
dinginess	dinge
dingle	dell
dingo	canis-dingo,warragal,warrigal
dingy	begrimed,dismal,drear,grimy,grubby,grungy,muddied,raunchy
dink	drop-shot
dinkey	dinky
dinky	dinkey
dinner-jacket	tux,tuxedo
diode	crystal-rectifier,junction-rectifier,semiconductor-diode
diodon	genus-diodon
diol	dihydric-alcohol,glycol
diomedea-nigripes	gooney,goonie,goony
dior	christian-dior
diovan	valsartan
dip	douse,dunk,plunge,souse
diplomat	diplomatist
diplomatist	diplomat
dipnoi	subclass-dipnoi
dipped	lordotic,swayback,swaybacked
dipsomaniac	alky
dipus	genus-dipus
dirca	genus-dirca
dire	awful,direful,dread,dreaded,dreadful,fearful,fearsome,frightening,terrible
direct	directly,guide,lead,send,steer,straight
direct-contrast	contrast
direction	counseling,focus,guidance,instruction,management,way
directionless	afloat,aimless
directly	at-once,direct,immediately,instantly,straight
directness	candor,candour
director	conductor,manager,managing-director
direful	dire,dreadful,fearful,frightening,terrible
dirge	coronach,lament,requiem,threnody
dirt	grime,scandal,shite,soil,turd
dirty	colly,foul,muddied,soiled,unclean
dirty-dog	bum,git,puke,skunk
dirty-money	booty,loot
dirty-word	filth
dis	orcus
disabled	handicapped
disaffect	alienate
disagree	differ,dissent,take-issue
disagreement	discrepancy
disallow	forbid,prohibit
disappear	go-away,vanish
disappoint	let-down
disappointed	foiled
disarm	demilitarise,demilitarize,unarm
disaster	calamity,cataclysm,catastrophe,tragedy
disastrous	black,calamitous,fatal,fateful
disbelief	incredulity,mental-rejection,skepticism
disbelieving	skeptical
disbursal	expense,outlay
disbursement	expense,outlay
disc	disk,phonograph-record,phonograph-recording,platter,record
disc-jockey	dj
discard	cast-aside,chuck-out,dispose,fling,throw-out,toss,toss-away,toss-out
discase	undress
disceptation	controversy
discern	distinguish,make-out,pick-out,recognise,recognize,spot,tell-apart
discernment	understanding
discharge	acquit,arc,unload,waiver
discharged	fired
disciple	adherent
disclose	break,bring-out,discover,divulge,expose,let-on,reveal,unwrap
disco	discotheque
disco-biscuit	xtc
discomfited	foiled
disconnect	gulf
disconnected	abrupt,garbled
disconnection	gulf
disconsolate	dismal,drear
discontinue	cease,quit
discotheque	disco
discount	brush-aside,brush-off,dismiss,disregard,ignore,push-aside
discourage	deter
discouragement	dismay
discourse	converse,discuss,discussion,preaching,sermon,talk-about
discourteously	rudely
discourtesy	offense
discover	detect,disclose,find-out,get-a-line,get-wind,get-word,hear,learn,notice,observe,pick-up,see
discovered	observed
discovery	find,uncovering
discredited	shamed
discrepancy	disagreement,divergence,variance
discrete	distinct
discriminating	incisive,keen
discus	saucer
discuss	discourse,talk-about
discussion	discourse,treatment
disdain	contempt,despise,despite,scorn,spurn
disdainful	haughty,scornful,sniffy
diseased	morbid
disembarrass	rid
disgorge	retch,spew,spue,vomit
disgorgement	emesis,puking
disgrace	demean
disgraced	shamed
disgraceful	shameful
disguise	camouflage
disgust	sicken
disgustful	skanky,yucky
disgusting	skanky,yucky
dish-shaped	dished
dishcloth-gourd	luffa
disheartenment	dismay
dished	dish-shaped,patelliform
disheveled	tousled
dishevelled	tousled
dishonest	venal
dishonor	rape
dishonored	shamed
dishonour	rape
disinherit	disown
disintegrate	decay
disjointed	garbled
disk	disc,harrow,saucer
disk-jockey	dj
disk-operating-system	dos
dislocation	breakdown
dismal	blue,dark,dingy,disconsolate,drab,drear,gloomy,grim,sorry
dismally	drearily
dismantle	rase,raze
dismantled	razed
dismay	alarm,appal,depress,discouragement,disheartenment
dismayed	aghast
dismaying	appalling
dismiss	brush-aside,brush-off,discount,disregard,ignore,push-aside
dismissed	fired
dismount	get-down,get-off,light,unhorse
disobedience	noncompliance
disorder	cark,upset
disordered	garbled
disorderly	jumbled
disoriented	anomic
disown	disinherit
dispatch	despatch,send-off,shipment,slay
dispel	chase-away,drive-away,drive-off,drive-out,run-off,scatter,turn-back
dispense	administer,deal,deal-out,distribute,lot,mete-out,parcel-out,shell-out
dispense-with	forgo,waive
disperse	scatter,sprinkle
dispersed	spread
dispirit	depress
displaced-person	dp
display	exhibit,expose,showing
disport	amuse,cavort,romp
disposal	administration
dispose	cast-aside,chuck-out,discard,fling,throw-out,toss,toss-away,toss-out
disposed	fain
disposition	tendency
disputable	moot
disputation	controversy
dispute	challenge,conflict,difference,difference-of-opinion,quarrel
disquiet	cark,unease
disquieted	worried
disregard	discount,dismiss,ignore,snub
disregarded	forgotten
disregarding	regardless
disregardless	regardless
disrespectful	awless
disrobe	undress
disrupt	break-up,cut-off,interrupt
disruption	commotion
diss	affront,insult
dissemble	feign,pretend
disseminate	broadcast,circularise,circularize,circulate,diffuse,distribute,propagate,spread
dissent	disagree
dissentious	divisive
dissever	divide
dissimilar	unlike
dissipate	scatter
dissolution	breakup
dissolve	fade-away,fade-out,thaw,unthaw
dissuade	deter
distant	aloof,remote
distaste	antipathy,aversion
distasteful	skanky,yucky
distend	dilate
distich	twain
distil	distill
distill	distil,purify
distinct	discrete,distinguishable
distinction	differentiation
distinctive	typical
distinctly	clearly
distinguish	differentiate,discern,mark,secern,secernate,separate,severalise,severalize,tell,tell-apart
distinguishable	distinct
distort	falsify,garble,warp
distorted	twisted
distract	cark,deflect
distress	hurt,suffering
distressed	worried
distressful	disturbing
distressing	disturbing,sorry
distressingly	painfully
distribute	administer,deal,deal-out,dispense,disseminate,lot,mete-out,parcel-out,shell-out,spread
distributer	distributor
distributor	distributer
district	dominion,territorial-dominion,territory
district-attorney	da
district-of-columbia	dc
distrust	mistrust,suspect
disturb	trouble,upset
disturbance	affray,commotion,folie,fray
disturbed	crazy,worried
disturbing	distressful,distressing,perturbing,troubling,worrisome,worrying
dit	dot
dita	alstonia-scholaris,devil-tree,dita-bark
dita-bark	dita
dither	tizzy
ditto	ditto-mark
ditto-mark	ditto
diuril	chlorothiazide
diva	prima-donna
divan	diwan
divan-bed	daybed
dive	honkytonk
diver	loon
divergence	discrepancy
divers	diverse
diverse	divers
diversion	recreation
divert	amuse,deviate
diverted	amused
divest	deprive,strip
divide	carve-up,dissever,separate,split,split-up
divinatory	mantic,vatic
divine	cleric,creator,godlike,godly,lord
diving	diving-event
diving-event	diving
divining-rod	dowser
divinity	deity,god,immortal,theology
divinyl-ether	ether
divisive	dissentious,factious
divorce	divorcement
divorcement	divorce
divulge	disclose
diwan	divan
dix	dorothea-dix,dorothea-lynde-dix
dizen	bedizen
dizzily	giddily,light-headedly
dizzy	airheaded,empty-headed,featherbrained,giddy,light-headed,lightheaded,silly,woozy
dj	disc-jockey,disk-jockey
djinn	djinni,djinny,genie,jinnee,jinni
djinni	djinn,genie,jinni
djinny	djinn,genie,jinni
dkg	dag,decagram,dekagram
dkl	dal,decaliter,decalitre,dekaliter,dekalitre
dkm	dam,decameter,decametre,dekameter,dekametre
dl	deciliter,decilitre
dm	decimeter,decimetre
dmus	doctor-of-music,musd
dmz	demilitarized-zone
dna	deoxyribonucleic-acid,desoxyribonucleic-acid
do	behave,cause,doh,execute,perform,suffice,ut
do-away-with	eliminate
do-by	treat
do-nothing	idler
doable	accomplishable,achievable,manageable,realizable
dobbin	farm-horse
dobson	corydalus-cornutus,dobson-fly,dobsonfly
dobson-fly	dobson
dobsonfly	dobson
doc	commerce,commerce-department,department-of-commerce,doctor,dr,physician
dock	pier,wharf
docket	agenda
doctor	doc,dr,fix,md,medico,mend,physician,repair
doctor-of-arts	artsd
doctor-of-divinity	dd
doctor-of-education	ded,edd
doctor-of-laws	lld
doctor-of-medicine	md
doctor-of-music	dmus,musd
doctor-of-musical-arts	amusd
doctor-of-public-health	dph
doctor-of-science	ds,scd
doctor-of-theology	thd
doctrine	ism,philosophical-system,philosophy,school-of-thought
docudrama	documentary
document	papers,written-document
documentary	docudrama,documentary-film,infotainment
documentary-film	documentary
dod	defense,defense-department,department-of-defense
doddering	senile
doddery	senile
dodge	evade
dodgem	bumper-car
dodging	avoidance,escape,evasion
dodgy	crafty,cunning,dicey,foxy,guileful,knavish,slick,sly,tricksy,tricky,wily
dodo	fogey,fogy,raphus-cucullatus
doer	actor,worker
dog	canis-familiaris,chase,detent,domestic-dog,frump,pawl
dog-eared	eared
dog-hook	peavey,peavy
dog-house	kennel
dog-tired	exhausted,fagged,fatigued
dogfight	hassle,scuffle,tussle
dogfish	bowfin
dogged	dour,persistent,pertinacious,tenacious,unyielding
doggedly	tenaciously
doggie	barker,bow-wow,doggy,pooch
dogging	persisting
doggo	in-hiding,out-of-sight
doggy	barker,bow-wow,doggie,pooch
doghouse	kennel
dogie	dogy,leppy
dogma	tenet
dogshit	crap,shit
dogtooth	cuspid
dogy	dogie,leppy
doh	do,ut
doha	bida,capital-of-qatar,el-beda
doi	interior,interior-department
doily	doyley,doyly
doing-business-as	dba
doings	behavior,behaviour,conduct
doj	department-of-justice,justice,justice-department
dol	department-of-labor,labor,labor-department
dolby	ray-m
dole	pogey,pogy
doleful	mournful
dolichotis-patagonum	mara
doll	dame,dolly,wench
dolly	doll
dolmen	cromlech,portal-tomb
dolor	dolour
dolorous	weeping
dolour	dolor
dolourous	weeping
dolt	dullard,pillock,poor-fish,pudden-head,pudding-head,stupe,stupid,stupid-person
doltishly	stupidly
domain	area,arena,field,orbit,sphere
dome	bonce,noggin,noodle
domed	vaulted
domestic-ass	donkey
domestic-dog	dog
domestic-fowl	fowl,poultry
domicile	abode,dwelling,reside
domiciliate	reside
domiciliation	digs,lodgings
dominance	authority,laterality,potency
dominate	predominate,prevail,reign,rule
dominating	bossy
domination	supremacy
dominicus	sunday
dominion	district,rule,territory
don	assume,get-into,put-on,wear
done	through,through-with
done-for	gone,kaput,sunk
donee	beneficiary
donjon	dungeon,keep
donkey	domestic-ass,equus-asinus
donne	john-donne
donor	bestower,conferrer,giver,presenter
donut	doughnut,sinker
doob	bahama-grass,bermuda-grass,cynodon-dactylon,devil-grass,kweek,scutch-grass,star-grass
doodad	doohickey,doojigger,gimmick,gismo,gizmo,gubbins,thingamabob,thingumabob
doodle	scrabble,scribble
doohickey	doodad
doojigger	doodad
doom	designate,destine,fate
doomed	fated
door	doorway
door-guard	doorman,porter
doorkeeper	doorman,porter
doorknocker	rapper
doorman	door-guard,doorkeeper,gatekeeper,hall-porter,ostiary,porter
doormat	wuss
doorway	door,room-access,threshold
dopa	dihydroxyphenylalanine
dope	booby,cola,gage,grass,green-goddess,pot,sens,sess,smoke,weed
doped	drugged
dopey	anserine,dopy,foolish,gooselike,goosey,goosy,jerky
dopy	anserine,dopey,foolish,gooselike,goosey,goosy,jerky
dork	jerk
dorm	dormitory,hall,residence-hall,student-residence
dormer	dormer-window
dormer-window	dormer
dormie	dormy
dormitory	dorm
dormy	dormie
dorothea-dix	dix
dorothea-lange	lange
dorothea-lynde-dix	dix
dorsal	abaxial
dory	dinghy
dos	disk-operating-system
dosage	dose
dose	dosage,elvis,vd,zen
doss	crash,doss-down
doss-down	doss
dossal	dossel
dossel	dossal
dot	dit,elvis,point,sprinkle,stud,zen
doting	adoring,fond
dotrel	charadrius-morinellus,dotterel,eudromias-morinellus
dotted	dashed,flecked,specked,speckled,stippled
dotterel	dotrel
dottily	daftly
dotty	crazy,gaga,wild
double	doubly,dual,duple,two-bagger,two-base-hit,two-baser,twofold
double-chinned	jowly
double-dagger	diesis
double-decker	bus,jitney
double-dyed	arrant
double-obelisk	diesis
double-up	parlay
doubly	double,twice
doubt	doubtfulness,dubiety,dubiousness,incertitude,uncertainty
doubter	skeptic
doubtful	dubious,dubitable,in-question
doubtfulness	doubt
doubtless	doubtlessly,undoubtedly
doubtlessly	doubtless,undoubtedly
dough	clams,gelt,kale,pelf
doughnut	donut
doughy	soggy
doula	birthing-coach,labor-coach,monitrice
dour	dark,dogged,glowering,glum,moody,morose,saturnine,sour,sullen
doura	dourah,durra,egyptian-corn,guinea-corn,indian-millet
dourah	doura,durra
dourly	glumly,sullenly
douse	dip,dowse,drench,dunk,soak,sop,souse
dover	capital-of-delaware
dovish	pacifist,pacifistic
dowdy	frumpish,frumpy
dowel	dowel-pin,joggle
dowel-pin	dowel
dower	dowry
dowery	dowry
down	downward,downwardly,downwards,refine
down-the-stairs	downstairs
downer	depressant,sedative,sedative-drug
downlike	flossy,fluffy
downright	sheer
downstairs	below,down-the-stairs,on-a-lower-floor
downward	down,downwardly,downwards
downwardly	down,downward
downwards	down,downward
downwind	lee
downy	flossy,fluffy,puberulent,pubescent,sericeous
dowry	dower,dowery,portion
dowse	douse,dowsing,rhabdomancy,souse
dowser	divining-rod,dowsing-rod,water-finder,waterfinder
dowsing	dowse
dowsing-rod	dowser
doxepin	adapin
doxepin-hydrochloride	adapin
doxy	concubine,courtesan,paramour
doyen	dean
doyley	doily,doyly
doyly	doily,doyley
doze	drowse,snooze
dozen	twelve,xii
dozens	gobs,heaps,loads,lots,piles,rafts,scads,scores,slews,stacks,tons,wads
dozer	bulldozer
dozy	drowsing,drowsy
dp	displaced-person,stateless-person
dph	doctor-of-public-health
dprk	d,north-korea
dr	doc,doctor,md,medico,physician
drab	dismal,dreary,somber
draco	genus-draco
draft	draught,outline,swig
drafty	draughty
drag	haul,scuff,trail
dragnet	trawl
dragon	firedrake
drain	drainage,run-out
drainage	drain
drama	dramatic-play,play
dramatic	striking
dramatic-play	drama
drape	curtain,drapery
draped	cloaked,clothed,mantled,wrapped
drapery	curtain,drape,mantle,pall
draught	draft,potation,swig,tipple
draughty	drafty
draw	attract,depict,force,imbibe,pull
draw-a-bead-on	aspire
draw-back	recede,retreat,withdraw
draw-close	approach,cuddle,nestle,nuzzle,snuggle
draw-in	attract
draw-near	approach
draw-out	extract,prolong
drawers	boxers,pants,shorts
drawn	careworn,haggard,raddled,worn
drawn-out	extended,lengthy,prolonged
dray	camion
dread	dire,dreadful,fear,fearful,frightening,terrible
dreaded	dire,dreadful,fearful,frightening,terrible
dreadful	awful,dire,direful,dread,dreaded,fearful,fearsome,frightening,terrible
dreadfully	horribly
dream	ambition,dreaming
dreaming	dream
dreamy	languid,moony,woolgathering
drear	blue,dark,dingy,disconsolate,dismal,gloomy,grim,sorry
drearily	dismally
dreary	drab
dreck	schlock,shlock
dred-scott	scott
dregs	settlings
drench	douse,souse
dress	attire,clothe,clothes,frock,garb,lop,preen,primp,tog
dress-hat	topper
dress-suit	tails
dress-up	barde,prink
dressed	appareled,attired,garbed,garmented,habilimented,robed
dresser	bureau,chest,chest-of-drawers
dressing-down	earful
drew	john-drew
drib	driblet,drop
dribble	drivel,drool,filter,slaver,trickle
driblet	drib
dried-up	sere
drier	dryer
drift	be-adrift,blow,float,impetus
drill	bore
drill-rig	oilrig
drilling-rig	oilrig
drily	dryly,laconically
drink	imbibe
drinker	toper
drinking	imbibing,imbibition
drippy	bathetic,hokey,kitschy,maudlin,mawkish,mushy,schmaltzy,schmalzy,slushy,soppy,soupy
drive	crusade,driveway,ram,repel
drive-away	dispel
drive-back	repulse
drive-off	dispel
drive-out	dispel
drivel	dribble,drool,slaver,slobber
driven	goaded
driveway	drive,private-road
driving	impulsive
drizzle	mizzle
drogue	drogue-chute,drogue-parachute
drogue-chute	drogue
drogue-parachute	drogue
drome	aerodrome,airdrome,airport
drool	bosh,dribble,drivel,slaver,slobber,tosh
droop	flag,sag,swag
drooping	droopy,sagging
droopy	drooping,sagging
drop	cliff,dangle,drib,fell,neglect,shed,sink,unload
drop-back	trail
drop-behind	trail
drop-down	sink
drop-off	cliff,falloff,lessening,unload
drop-shot	dink
drop-the-ball	goof
droppings	dung
dropsy	edema
droshky	drosky
drosky	droshky
dross	impurity,slag
drought	drouth
drouth	drought
drove	drove-chisel
drove-chisel	drove
drover	herder,herdsman
drown	overwhelm,submerge
drowse	doze,snooze
drowsing	dozy
drowsy	dozy,oscitant,yawning
drub	bat,clobber,cream,lick,thrash
drubbing	lacing
drudge	hack,navvy,peon,toil
drudging	toiling
drug-addicted	hooked
drug-cocktail	haart
drug-enforcement-agency	dea
drugged	doped,narcotised,narcotized
drugstore	apothecary's-shop,chemist's,chemist's-shop,pharmacy
drum	membranophone,tympan
drum-out	oust
drum-sander	sander
drum-up	rally
drunk	inebriated,intoxicated,sot,wino
drunkard	sot,wino
drunken	bibulous,boozy,sottish
drunken-revelry	debauch
drupe	stone-fruit
druse	druze
druze	druse
dry	ironic,wry
dry-land	ground
dry-run	rehearsal
dryad	wood-nymph
dryas	genus-dryas
dryer	drier
drygoods	soft-goods
dryly	drily,laconically
ds	doctor-of-science,scd
dsl	digital-subscriber-line
dts	delirium-tremens
duad	brace,couple,couplet,pair,span,twain,twosome,yoke
dual	double,duple,twofold
dub	nickname
dubiety	doubt
dubious	doubtful
dubiousness	doubt
dubitable	doubtful
dublin	capital-of-ireland,irish-capital
dubya	bush,dubyuh,george-bush,george-w,george-walker-bush,president-bush,president-george-w
dubyuh	dubya
duc-d'elchingen	ney
duc-de-sully	sully
duchy	dukedom
duck-hunting	ducking
duck-soup	cinch
ducking	duck-hunting
ducky	darling,dearie,deary,favorite,favourite,pet
duct	canal,channel,epithelial-duct
dude	beau,clotheshorse,dandy,fashion-plate,fop,gallant,sheik,swell
duds	threads,togs
duet	couple,duo,pas-de-deux
duette	duo
duff	plum-duff
duffel	duffle
duffle	duffel
dufy	raoul-dufy
dugong	dugong-dugon
dugong-dugon	dugong
dugout	pirogue
dugout-canoe	pirogue
dukas	paul-dukas
dukedom	duchy
dulcet	honeyed,mellifluous,mellisonant,sweet
dull	boring,dumb,irksome,leaden,muffled,obtuse,pall,tedious
dullard	dolt,stupe
dulled	benumbed,greyed
dulse	rhodymenia-palmata
duly	punctually
dumas	alexandre-dumas
dumb	dense,dim,dull,obtuse,slow
dumb-show	mime
dumbbell	booby
dumdum	dumdum-bullet
dumdum-bullet	dumdum
dummy	booby
dump-truck	dumper,tipper
dumper	dump-truck,tip-truck,tipper,tipper-lorry,tipper-truck
dumps	mopes
dumpy	podgy,pudgy,roly-poly,stumpy,tubby
dun	fawn
dunce	blockhead,bonehead,dunderhead,hammerhead,knucklehead,loggerhead,lunkhead,numskull
dunderhead	dunce,lunkhead
dune	sand-dune
dung	droppings,muck
dungaree	denim,jean
dungeon	donjon,keep
dunk	dip,douse,plunge,souse
dunlin	erolia-alpina,red-backed-sandpiper
duo	couple,duet,duette
duologue	dialogue
duomo	cathedral
dupe	befool,cod,fool,gull,put-on,put-one-over,slang,take-in
dupery	fraud,fraudulence,hoax,humbug,put-on
duple	double,dual
duplicate	matching,twin
duplicator	copier
dura	dura-mater
dura-mater	dura
durable	lasting,long-lasting,long-lived
duration	continuance
durer	albrecht-durer
durham	shorthorn
durio	genus-durio
durra	doura,dourah,egyptian-corn,guinea-corn,indian-millet
durum	durum-wheat,hard-wheat,macaroni-wheat,triticum-durum,triticum-turgidum
durum-wheat	durum
duse	eleonora-duse
dusk	crepuscle,crepuscule,evenfall,fall,gloam,gloaming,nightfall,twilight
dusky	dark-skinned,swart,swarthy,twilit
dust	debris,junk,rubble,sprinkle
dust-coat	smock
dustbin	ash-bin,ashbin,ashcan,garbage-can,trash-barrel,trash-bin,trash-can,wastebin
duster	smock
dusty	cold,moth-eaten,stale
duty	obligation,responsibility,tariff
duty-assignment	assignment
duvet	continental-quilt,eiderdown
dvd	videodisc,videodisk
dwarf	gnome,nanus,overshadow,shadow
dwarf-buffalo	anoa
dwarf-juniper	savin
dweeb	grind,nerd,swot,wonk
dwell	brood,consist,inhabit,lie-in,populate
dweller	denizen,habitant,indweller,inhabitant
dwelling	abode,domicile,dwelling-house,habitation,home
dwelling-house	abode,dwelling
dwight-d	ike
dwight-david-eisenhower	ike
dwight-eisenhower	ike
dwindle	dwindle-away,dwindle-down
dwindle-away	dwindle
dwindle-down	dwindle
dy	dysprosium
dyad	brace,couple,couplet,pair,span,twain,twosome,yoke
dyaus	dyaus-pitar
dyaus-pitar	dyaus
dyed	bleached,colored,coloured
dying	anxious
dyke	dam,dike
dynamic	dynamical
dynamical	dynamic
dynamism	oomph,pizzaz,zing
dyspneal	breathless
dyspneic	breathless
dyspnoeal	breathless
dyspnoeic	breathless
dysprosium	dy
dyssynergia	ataxy
e	es,esp,for-example,weber
e'er	always,ever
e-mail	email
e-mycin	ethril
each	apiece,for-each-one,from-each-one,to-each-one
each-year	annually
eacles	genus-eacles
eadwig	edwy
eager	aegir,eagre
eagerly	thirstily
eagerness	avidity,avidness,keenness
eagle	bird-of-jove
eagre	aegir,bore,eager,tidal-bore
eames	charles-eames
ear	pinna
eared	dog-eared
earflap	earlap
earful	bawling-out,castigation,chewing-out,dressing-down,going-over,upbraiding
earlap	earflap
earlier	before,earliest,sooner
earliest	earlier
early-childhood	infancy
earmark	hallmark,trademark
earn	bring-in,clear,gain,garner,make,pull-in,realise,realize,take-in
earnest	sincere,solemn
earnest-money	arles
earnestly	seriously
earnings	lucre,net,net-income,net-profit,profit,profits,salary,wage
earth	globe,ground,world
earth's-crust	crust
earth-almond	chufa
earth-closet	jakes,privy
earth-received-time	ert
earthbound	prosy
earthenware-jar	crock
earthquake	quake,seism,temblor
earthy	crude,gross,vulgar
eas	emergency-alert-system
ease	comfort,facilitate,repose
eased	alleviated,relieved
easement	easing
easily	easy
easing	alleviation,easement,relief
east-by-north	ebn
east-by-south	ebs
east-northeast	ene
east-southeast	ese
eastern-chipmunk	hackee
eastern-standard-time	est
eastern-time	est
easy	easily,slowly,wanton
easy-lay	goop,max
easygoing	cushy
eat-away	erode
eatable	comestible,edible
eatery	eating-house,eating-place,restaurant
eating	feeding
eating-house	eatery,restaurant
eating-place	eatery,restaurant
eats	chow,chuck,grub
eb	ebit,eib,exabyte,exbibyte
ebb	ebb-away,ebb-down,ebb-off,ebb-out,ebbing
ebb-away	ebb
ebb-down	ebb
ebb-off	ebb
ebb-out	ebb
ebbing	ebb,wane
ebit	eb,exabit
ebn	east-by-north
ebola	ebola-fever,ebola-hemorrhagic-fever
ebola-fever	ebola
ebola-hemorrhagic-fever	ebola
ebon	ebony
ebonics	aave
ebony	coal-black,ebon,jet-black,pitch-black,sable,soot-black
ebro	ebro-river
ebro-river	ebro
ebs	east-by-south
ebullience	enthusiasm
ebullient	exuberant
ebullition	outburst
ebv	epstein-barr-virus
ec	common-market,eec,eu,europe,european-community,european-union
ecc	error-correction-code
eccentric	bizarre,flakey,flaky,freakish,freaky,geek,gonzo,off-the-wall,outlandish,outre
eccentric-person	geek
ecclesiastic	cleric
ecclesiasticus	sirach
ecdysis	molt,moult
ecf	extracellular-fluid
ecg	cardiogram,ekg,electrocardiogram
echo	replication,reverberation,sound-reflection
echo-sounder	asdic,sonar
echoic	imitative,onomatopoeic,onomatopoeical,onomatopoetic
echt	genuine
eck	johann-eck,johann-maier,johann-maier-eck
eclat	pomp
eclipse	occultation
eclogue	idyl,idyll
economic	economical
economic-expert	economist
economic-science	economics
economic-system	economy
economical	economic,frugal,scotch
economics	economic-science,political-economy
economise	economize
economist	economic-expert
economize	conserve,economise,husband
economy	economic-system,saving
ecru	beige
ecstasy	exaltation,rapture,raptus,transport,xtc
ecstatic	enraptured,rapt,rapturous,rhapsodic
ect	electroshock,electroshock-therapy
ecumenical	universal
ed	erectile-dysfunction
edd	ded,doctor-of-education
edda	taro
eddo	cocoyam,dasheen,taro
eddy	purl,swirl,whirl,whirlpool
edema	dropsy,hydrops,oedema
eden	garden-of-eden,heaven
edgar-allan-poe	poe
edge	abut,adjoin,border,butt
edgy	high-strung,highly-strung,jittery,jumpy,nervy,overstrung,restive,uptight
edible	comestible,eatable
edible-bean	bean
edict	decree,fiat,order,rescript
edifice	building
edify	enlighten
edit	redact
edited	emended
edith-giovanna-gassion	piaf
edith-piaf	piaf
edition	version
editor	editor-in-chief
editor-in-chief	editor
editorial	column,newspaper-column
edmond-hoyle	hoyle
edmund-kean	kean
edo	capital-of-japan,japanese-capital,tokio,tokyo,yeddo,yedo
edouard-manet	manet
educatee	pupil,student
education	didactics,educational-activity,instruction,pedagogy,teaching
educational-activity	education
educator	pedagog,pedagogue
educe	derive
edvard-grieg	grieg
edvard-hagerup-grieg	grieg
edward-albee	albee
edward-bouverie-pusey	pusey
edward-franklin-albeen	albee
edward-pusey	pusey
edward-sapir	sapir
edwy	eadwig
ee	electrical-engineering
eec	common-market,ec,eu,europe,european-community,european-union
eeg	electroencephalogram,encephalogram
eelam	tamil-eelam
eelpout	burbot,cusk,ling
eerie	eery
eerily	spookily
eery	eerie
eff	get-laid,have-sex,love,make-love,make-out,roll-in-the-hay,sleep-together,sleep-with
efface	obliterate
effect	consequence,event,issue,outcome,result,upshot
effective	effectual,efficacious
effectively	efficaciously
effectiveness	effectivity,effectuality,effectualness
effectivity	effectiveness
effectual	effective
effectuality	effectiveness
effectualness	effectiveness
effeminate	cissy,sissy
effervescent	frothy
effervescing	spumy
effete	decadent
efficacious	effective
efficaciously	effectively
efficaciousness	efficacy
efficacy	efficaciousness
effigy	image,simulacrum
efflorescence	heyday
efflorescent	abloom
effluent	sewer-water,wastewater
effort	attempt,crusade,endeavor,endeavour,exertion,feat,try
effulgent	beamy,radiant
effusion	outburst
effusive	burbly,gushy
egest	eliminate,excrete,pass
egg	eggs,orchis,testicle,testis
egg-cell	ovum
egg-cup	eggcup
egg-laying	laying
egg-on	prod
egg-shaped	oval,ovate,ovoid
eggar	egger
eggcup	egg-cup
egger	eggar
eggs	egg
egis	aegis,breastplate
ego	egotism,self,self-importance
egocentrism	egoism
egoism	egocentrism,self-centeredness,self-concern,self-interest
egoist	egotist
egotism	ego,self-importance,swelled-head
egotist	egoist,swellhead
egotistic	vain
egotistical	vain
egregious	crying
egress	egression,emergence
egression	egress
egypt	arab-republic-of-egypt,united-arab-republic
egyptian-capital	cairo
egyptian-cobra	asp
egyptian-corn	doura,durra
eib	eb,exabyte,exbibyte
eibit	exbibit
eider	eider-duck
eider-duck	eider
eiderdown	duvet
eigen	manfred-eigen
eight	octad,viii
eighteen	xviii
eighter	octad
eighter-from-decatur	octad
eightvo	octavo
eighty	fourscore,lxxx
eighty-five	lxxxv
eighty-four	lxxxiv
eighty-nine	ixc
eighty-one	lxxxi
eighty-six	lxxxvi
eighty-two	lxxxii
einsteinium	es
eira	genus-eira
eira-barbara	taira,tayra
eire	ireland,irish-republic,republic-of-ireland
eisenhower	ike
ejaculate	blunder,blunder-out,blurt,blurt-out,cum,semen
eject	boot-out,chuck-out,exclude,squirt,turf-out,turn-out
ejection	expulsion,forcing-out,projection
ekg	cardiogram,ecg,electrocardiogram
ekman	vagn-walfrid-ekman
el	alt,elevated,elevated-railroad,elevated-railway,overhead-railway
el-aksur	luxor
el-beda	bida,doha
el-giza	giza,gizeh
el-greco	greco
el-qahira	cairo
elaborate	detailed,expound,luxuriant
elaborated	detailed
elam	susiana
elan	ardor
elanus	genus-elanus
elaphe	genus-elaphe
elapid	elapid-snake
elapid-snake	elapid
elapse	glide-by,go-along,go-by,lapse,pass,slide-by,slip-away,slip-by
elate	intoxicate,lift-up,pick-up,uplift
elated	gleeful
elater	elaterid,elaterid-beetle
elaterid	elater
elaterid-beetle	elater
elavil	amitriptyline
elbe	elbe-river
elbe-river	elbe
elbow	articulatio-cubiti,cubital-joint,cubitus,elbow-joint,human-elbow
elbow-bone	ulna
elbow-grease	exertion
elbow-joint	elbow
eld	age,years
elder	senior,sr
elderly	aged,older,senior
eldest	firstborn
eldritch	uncanny,weird
eleanor-gwyn	gwynn,gynne,gywn
eleanor-gwynn	gwynn,gynne,gywn
eleanor-gwynne	gwynn,gynne,gywn
elected	elective
elective	elected
elector	voter
electric	electrical
electric-arc	arc
electric-circuit	circuit
electric-discharge	arc
electric-light	bulb
electric-light-bulb	bulb
electric-razor	shaver
electric-refrigerator	fridge
electric-sander	sander
electric-shaver	shaver
electrical	electric
electrical-circuit	circuit
electrical-engineering	ee
electrocardiogram	ecg,ekg
electrodermal-response	gsr
electroencephalogram	eeg
electromotive-force	emf,voltage
electromyogram	emg
electron	negatron
electron-spin-resonance	esr
electron-volt	ev
electronic-computer	computer
electronic-dictionary	mrd
electronic-image	bitmap
electronic-mail	email
electronic-warfare	ew
electroshock	ect
electroshock-therapy	ect
elegy	lament
element	component,constituent,factor,ingredient
elemi	gum-elemi
eleonora-duse	duse
elephantine	giant,jumbo
eleusine-coracana	ragee,ragi
elevate	advance,kick-upstairs,lift,promote,raise,upgrade
elevated	el,exalted
elevated-railroad	el
elevated-railway	el
elevation	alt
elevator	lift
eleven	xi
elf	extremely-low-frequency,imp,pixie,pixy
elfin	elfish,elflike,elvish,fey
elfish	elfin,elvish
elflike	elfin
elgar	sir-edward-elgar
elia	charles-lamb,lamb
elias-howe	howe
elicit	arouse,enkindle,evoke,fire,kindle,provoke,raise
elicited	evoked
eliminate	do-away-with,egest,extinguish,get-rid-of
eliot	george-eliot,mary-ann-evans
elision	exception
elite	elite-group
elite-group	elite
elizabeth-seton	seton
elk	american-elk,cervus-elaphus,moose,red-deer,wapiti
ellas	greece,hellenic-republic
elliptic	oval,ovate,ovoid
elliptical	oval,ovate,ovoid
ellul	elul
elm	elm-tree
elm-tree	elm
eln	cnpz
elope	run-off
elops	genus-elops
eloquent	facile,fluent,silver,silver-tongued,smooth-spoken
elspar	asparaginase
elucidate	clarify
elude	bilk,evade,sidestep
elul	ellul
elusive	knotty,subtle
elvis	acid,back-breaker,battery-acid,dose,dot,loony-toons,pane,superman,zen
elvish	elfin,elfish
em	pica,pica-em
emaciated	bony,gaunt,pinched
email	e-mail,electronic-mail
emanation	emission
emasculate	cissy,sissy
emasculated	gelded
embargo	trade-embargo,trade-stoppage
embark	enter,venture
embarkation	boarding
embarkment	boarding
embarrass	abash
embarrassed	abashed
embassador	ambassador
embayment	bay
embed	engraft,imbed,implant,plant
embellish	adorn,decorate
ember	coal
emblematic	symbolic,typic
emblematical	symbolic
embody	be,personify
embonpoint	chubby,plump,plumpness
emboss	boss,stamp
embrace	bosom,comprehend,cover,encompass,hug
embrocate	anele
embryo	conceptus,fertilized-egg
embryonic-membrane	caul
emcee	host,master-of-ceremonies
emda	ionic-medication,iontophoresis,iontotherapy
emeer	ameer,amir,emir
emended	edited
emergence	egress
emergency	exigency,pinch
emergency-alert-system	eas
emergency-room	er
emesis	disgorgement,puking,regurgitation,vomit,vomiting
emetic	nauseant,vomit,vomitive
emf	electromotive-force,voltage
emg	electromyogram
emil-klaus-julius-fuchs	fuchs
emile-coue	coue
emile-zola	zola
eminent	lofty
emir	ameer,amir,emeer
emission	emanation
emit	breathe,pass-off
emmer	starch-wheat,triticum-dicoccum,two-grain-spelt
emmet	ant,pismire
emotional	excited
empale	impale
emphasis	accent,stress
emphasise	emphasize,underline
emphasize	accent,accentuate,emphasise,punctuate,stress,underline
emphatically	decidedly,definitely
empire	imperium
empire-state	ny
empiric	empirical
empirical	empiric
empiricism	quackery
empirin	aspirin,bayer
employ	apply,hire,use,utilise,utilize
employment	usage,use,work
empower	endow,endue,indue
emptor	buyer
empty-headed	dizzy,giddy
empyreal	sublime
empyrean	heavens,sublime
emu	emu-novaehollandiae
emu-novaehollandiae	emu
emulator	aper
en	nut
en-lil	enlil
enact	ordain
enactment	act
enamel	tooth-enamel
enate	enatic,maternal
enatic	enate,maternal
enbrel	etanercept
encainide	enkaid
encamp	bivouac,camp,camp-out,tent
encampment	bivouac,camp,camping,tenting
encase	case,incase
enceinte	gravid
encephalogram	eeg
encephalon	brain
enchant	delight,enrapture,enthral,enthrall,ravish,transport
enchantment	spell,trance
enchantress	witch
encirclement	blockade
enclose	enfold,envelop,enwrap,wrap
enclothe	clothe,tog
encomium	eulogy,paean,pean
encompass	comprehend,cover,embrace
encompassing	surrounding
encounter	come-across,meet,run-across,run-into,see,skirmish
encourage	advance,boost,further,promote
encouragement	boost
encroacher	invader
encrusted	crusted
encumbrance	burden,onus
end	cease,finish,goal,stop,terminate
end-product	output
endanger	imperil,jeopardise,jeopardize,menace,peril,threaten
endangerment	hazard,peril
endeavor	effort,endeavour,enterprise,strive
endeavour	effort,endeavor,enterprise,strive
ended	all-over,complete,concluded,over,terminated
ending	termination
endless	eternal,interminable
endocrine	hormone
endomorphic	pyknic
endorse	back,indorse,plump-for,plunk-for,support
endorsement	blurb
endow	empower,endue,gift,indue,invest
endowment	talent
endue	empower,endow,gift,indue,invest
endurance	survival
endure	bear,brook,digest,persist,stand,stick-out,stomach,support,survive,tolerate
enduring	abiding,imperishable
ene	east-northeast
enema	clyster
enemy	foe
energy	free-energy,vigor,vigour,vim
enervate	faze
enets	entsi,entsy,yenisei,yenisei-samoyed,yeniseian
enfold	enclose,envelop
enforce	apply,implement,impose
engage	hire,prosecute,pursue
engaged	booked,meshed,occupied
engagement	battle,booking,conflict,fight,participation
engender	beget,breed,sire,spawn
engild	gild
engineer	applied-scientist,technologist
engineering	technology
english-cocker-spaniel	cocker
english-ivy	ivy
englut	glut,gorge
engorge	glut,gorge
engraft	embed,imbed
engram	memory-trace
engraved	etched,graven
engross	engulf
engrossed	absorbed,captive,enwrapped,intent,wrapped
engrossing	fascinating
engulf	absorb,engross,immerse,plunge,soak-up,steep
enhance	heighten,raise
enigma	closed-book,mystery,secret
enjoin	order,tell
enjoy	bask,relish,revel,savor,savour
enkaid	encainide
enkindle	arouse,elicit,evoke
enkindled	kindled
enlace	lace,twine
enlarge	expound
enlarged	magnified
enlargement	blowup,expansion
enlighten	edify
enlil	en-lil
enlisted-officer	noncom
enlisting	recruitment
enliven	inspire,liven
enmesh	ensnarl,mesh
ennead	niner
ennui	boredom,tedium
enormous	tremendous
enormously	hugely
enough	adequate,decent
enquire	inquire,wonder
enquirer	asker
enquiry	inquiry
enraged	angered,furious,infuriated,maddened
enrapture	enchant
enraptured	ecstatic,rapt
enrico-fermi	fermi
enrol	enroll,enter,inscribe,recruit
enroll	enrol,enter,inscribe,recruit
enrollment	registration
enrolment	registration
enshroud	shroud
ensis	genus-ensis
ensnarl	enmesh
ensuant	consequent,resultant
ensue	result
ensure	assure,guarantee,insure,secure
entail	imply,mean
entailment	implication
enter	come-in,embark,enrol,enroll,get-in,get-into,go-in,go-into,insert,move-into,record,recruit
enteric-bacteria	entric
enterics	entric
enterobacteria	entric
enterprise	endeavor,endeavour,initiative
enterprisingness	initiative
entertained	amused
enthalpy	h,heat-content,total-heat
enthral	enchant
enthrall	enchant
enthrone	vest
enthusiasm	ebullience,exuberance
entice	lure,tempt
enticement	temptation
entire	full,intact,total
entirely	all,alone,altogether,completely,exclusively,solely,totally,whole,wholly
entomb	bury,inhume,inter,lay-to-rest
entombment	burial
entrance	entranceway,entree,entry,entryway
entrance-hall	foyer,lobby
entranceway	entrance
entreat	beseech
entreaty	appeal
entree	entrance
entric	enteric-bacteria,enterics,enterobacteria
entrust	commit,confide,intrust,trust
entry	debut,entrance
entryway	entrance
entsi	enets,entsy,yenisei,yenisei-samoyed,yeniseian
entsy	enets,entsi,yenisei,yenisei-samoyed,yeniseian
entwine	lace,twine
enuki	anunnaki
enumerate	count,itemize
enumeration	counting
enured	hardened,inured
envelop	enclose,enfold,enwrap,wrap
envelope	gasbag
envious	covetous,jealous
environ	surround
envisage	imagine
envision	fancy,figure,image,picture,project,see,visualise,visualize
envoi	envoy
envoy	envoi
enwrap	enclose,envelop
enwrapped	absorbed,engrossed,intent
eolic	aeolic,aeolic-dialect
eon	aeon
eonian	aeonian,ageless,eternal,everlasting,perpetual,unceasing,unending
eosin	bromeosin
epaulet	epaulette
epaulette	epaulet
epha	ephah
ephah	epha
ephemeris-time	tdt
epic	epic-poem,epical,epos,heroic,heroic-poem
epic-poem	epic,epos
epical	epic
epicene	cissy,sissy
epicure	gourmet
epicurean	gourmet,luxurious
epidemic-parotitis	mumps
epilog	epilogue
epilogue	epilog
episperm	testa
epistle-of-james	james
epistle-of-jude	jude
epistle-to-the-romans	romans
epistle-to-titus	titus
epithelial-duct	duct
epithet	name
epitome	image,paradigm,prototype
epitomise	epitomize,typify
epitomize	epitomise,typify
epoch	era
epos	epic,epic-poem,heroic-poem
epoxy	epoxy-glue,epoxy-resin
epoxy-glue	epoxy
epoxy-resin	epoxy
epstein-barr-virus	ebv
eq	combining-weight,equivalent,equivalent-weight
equador-laurel	cypre
equal	adequate,rival
equality-state	wy,wyoming
equally	as,every-bit
equanil	meprin
equanimity	calmness,composure
equate	compare,liken
equestrian	horseman
equid	equine
equine	equid
equip	fit,fit-out,outfit
equipage	carriage
equipped	equipt
equipping	arming
equipt	equipped
equitable	just
equivalent	eq
equivalent-weight	eq
equivalent-word	synonym
equivocal	ambiguous
equus	genus-equus
equus-asinus	donkey
equus-caballus	horse
equus-caballus-gomelini	tarpan
equus-hemionus	onager
equus-kiang	kiang
equus-quagga	quagga
er	emergency-room
era	epoch
eragrostic-abyssinica	teff
eragrostis-tef	teff
erase	wipe-out
erect	put-up,raise,rear,set-up,tumid
erectile-dysfunction	ed
ergot	claviceps-purpurea
ergun-he	argun
erica	true-heath
erica-jong	jong
erik-satie	satie
ermine	mustela-erminea,shorttail-weasel
ern	erne,european-sea-eagle,gray-sea-eagle,grey-sea-eagle,haliatus-albicilla,white-tailed-sea-eagle
erne	ern,european-sea-eagle,gray-sea-eagle,grey-sea-eagle,haliatus-albicilla,white-tailed-sea-eagle
ernest-bevin	bevin
ernest-bloch	bloch
ernst	max-ernst
ernst-heinrich-weber	weber
ernst-mach	mach
erode	eat-away,fret
eroded	scoured
erolia	genus-erolia
erolia-alpina	dunlin
eros	concupiscence,physical-attraction,sexual-desire
erose	jagged,jaggy,notched,toothed
erotic	titillating
erotica	porn,porno,smut
err	mistake,slip
erratic	fickle,mercurial,quicksilver
erratum	typo
erring	error-prone
error	fault,mistake
error-correction-code	ecc
error-prone	erring
ersatz	substitute
erse	gaelic,goidelic
erst	at-one-time,erstwhile,formerly,once
erstwhile	erst,formerly,onetime
ert	earth-received-time
eruca	genus-eruca
eruct	belch,bubble,burp
eructation	belch,burp
erudite	learned
erupt	break-out
eruption	bam,clap
erythrina-crista-galli	ceibo
erythrocebus-patas	patas
erythrocin	ethril
erythrocyte	rbc
erythromycin	ethril
es	e,einsteinium
esaki	leo-esaki
escapade	adventure,lark
escape	break-loose,dodging,get-away
escaped	at-large,loose,on-the-loose
escarp	escarpment,protective-embankment,scarp
escarpment	escarp,scarp
eschew	shun
ese	east-southeast
eskimo	inuit
esophagus	gullet
esox	genus-esox
esp	clairvoyance,e,extrasensory-perception,second-sight
espana	spain
especially	particularly,peculiarly,specially
espial	catching,detection,spotting,spying
espousal	adoption
espouse	adopt,follow,marry,wed
esprit-de-corps	morale
espy	descry,spot,spy
esq	esquire
esquimau	inuit
esquire	esq
esr	electron-spin-resonance
essay	attempt,test,try
essayer	trier
essence	center,centre,core,gist,heart,heart-and-soul,kernel,nub,perfume,substance
essential	indispensable
essentially	basically,fundamentally
est	eastern-standard-time,eastern-time
establish	base,found,institute,launch,set-up,shew,show
established	constituted
establishment	constitution,formation,institution,organisation,organization
estate	acres
estate-car	waggon
estazolam	prosom
esteem	admiration,regard,regard-as,repute,respect
esteemed	honored
esther	book-of-esther
esthesis	sensation
esthetic	aesthetic,aesthetical,esthetical
esthetical	esthetic
estimable	respectable
estimate	approximate,gauge,guess,judge
estrange	alienate
etamin	etamine
etamine	etamin
etanercept	enbrel
etc	and-so-forth,and-so-on,etcetera
etcetera	etc
etched	engraved,graven,incised,inscribed
eternal	aeonian,ageless,endless,eonian,everlasting,perpetual,unceasing,unending
eternal-city	roma,rome
eternally	forever
eternity	infinity
etf	exchange-traded-fund
ethan-allen	allen
ether	aether,diethyl-ether,divinyl-ether,ethoxyethane,ethyl-ether,vinyl-ether
ethereal	aerial,aeriform,aery,airy
ethic	moral-principle,value-orientation,value-system
ethical-motive	ethics,morals
ethics	ethical-motive,morality,morals
ethnic	cultural,ethnical
ethnical	ethnic
ethoxyethane	ether
ethril	e-mycin,erythrocin,erythromycin,ilosone,pediamycin
ethyl	ethyl-group,ethyl-radical
ethyl-ether	ether
ethyl-group	ethyl
ethyl-radical	ethyl
etna	bunsen,bunsen-burner
etodolac	lodine
etymon	root
eu	common-market,ec,eec,europe,european-community,european-union
eucalyptus-calophylla	marri
euchre	five-hundred
eudora-welty	welty
eudromias-morinellus	dotrel
eugene-curran-kelly	kelly
eugene-luther-vidal	vidal
eugene-v	debs
eugene-victor-debs	debs
euler	leonhard-euler
eulogy	encomium,paean,panegyric,pean
eumops	genus-eumops
eunectes-murinus	anaconda
euphractus-sexcinctus	peludo,poyou
eupnea	eupnoea
eupnoea	eupnea
europe	ec,eec,eu
european-blackbird	merl,merle,ousel,ouzel
european-community	ec,eec,eu
european-elk	moose
european-hop	bine
european-mountain-ash	rowan
european-sea-eagle	ern,erne
european-union	ec,eec,eu
ev	electron-volt
evade	circumvent,dodge,elude,fudge,hedge,parry,put-off,sidestep,skirt
evaluate	appraise,assess,measure,valuate,value
evaluation	rating
evangel	gospel,gospels
evans	arthur-evans,sir-arthur-john-evans
evasion	dodging
eve	evening
evelyn-waugh	waugh
even	evening
even-off	compensate
even-out	compensate
even-so	however,nevertheless,still,withal
even-up	compensate
evenfall	dusk,gloam,nightfall
evening	eve,even,eventide
evenk	tungus
event	consequence,effect,result,upshot
eventide	evening
eventually	finally
ever	always,e'er,of-all-time
ever-changing	changing
everglade-state	fl,florida
evergreen-state	wa
everlasting	arrant,eonian,eternal
everlastingly	forever
evermore	forever
evers	medgar-evers,medgar-wiley-evers
evert	chris-evert,chrissie-evert,christine-marie-evert
every-bit	as,equally
every-which-way	randomly
every-year	annually
everyday	mundane,quotidian,routine,unremarkable,workaday
everyplace	everywhere
everywhere	all-over,everyplace
evict	force-out
evidence	attest,certify,grounds,manifest
evident	apparent,manifest,patent,plain,unmistakable
evidently	apparently,manifestly,obviously,patently,plain,plainly
evildoer	sinner
evilly	wickedly
evince	express
evoke	arouse,elicit,enkindle,fire,invoke,kindle,provoke,raise
evoked	elicited
evolution	development
evolve	develop
ew	electronic-warfare
ewer	pitcher
ex	antique,demode,old-fashioned,old-hat,outmoded,passe,passee
ex-post-facto	retro
exabit	ebit
exabyte	eb,eib
exacta	perfecta
exactly	just,precisely
exaggerate	amplify,hyperbolise,hyperbolize,magnify,overdraw,overstate
exaggerated	magnified,overdone
exalt	extol,glorify,inspire,laud,proclaim
exaltation	ecstasy,rapture
exalted	elevated,grand,high-flown,high-minded,lofty,rarefied,rarified,sublime
exam	examination,test
examination	exam,scrutiny
examine	analyse,analyze,canvas,canvass,probe,study,test
example	case,illustration,instance,representative
exanimate	lifeless
exbibit	eibit
exbibyte	eb,eib
excavation	mining
excavator	digger
exceed	outdo,surpass,transcend
excel	stand-out,surpass
excellent	fantabulous,first-class,splendid
except	demur,exclude,leave-off,leave-out,omit,take-out
exception	elision,exclusion
excess	extra,redundant,spare,supererogatory,superfluous,supernumerary,surplus
excessive	inordinate,undue,unreasonable
excessively	overly,too
exchange	substitute,switch
exchange-premium	agio
exchange-traded-fund	etf
exchequer	treasury
excise	expunge,scratch,strike
excision	ablation
excitant	excitatory
excitative	excitatory
excitatory	excitant,excitative
excite	stimulate
excited	aroused,emotional,worked-up
excitement	exhilaration
exclaim	call-out,cry,cry-out,outcry,shout
exclaiming	exclamation
exclamation	exclaiming
exclude	debar,eject,except,leave-off,leave-out,omit,take-out
exclusion	exception
exclusive	sole
exclusively	alone,entirely,only,solely
excogitate	devise,forge,invent,meditate,mull,muse,ponder
excoriate	condemn,decry
excrete	egest
excruciate	torture
excruciation	suffering
exculpate	acquit
exculpation	excuse
excursion	jaunt,outing
excusable	venial
excuse	alibi,exculpation,self-justification
exec	white-house
execrable	odious
execrate	abhor,loathe
execration	odium
executable	feasible,viable,workable
execute	accomplish,do,fulfil,fulfill,perform,put-to-death
executing	execution
execution	capital-punishment,death-penalty,executing,murder
exemplary	typic
exemplify	illustrate
exemption	freedom
exercise	exercising,exert,physical-exercise,physical-exertion,usage,use,workout
exercising	exercise,workout
exert	exercise,wield
exertion	effort,elbow-grease,sweat,travail
exfoliation	scurf
exhale	breathe-out,expire
exhaust	beat,fumes,sap,tucker,tucker-out,wash-up
exhaust-fumes	fumes
exhausted	dog-tired,fagged,fatigued,played-out,spent,washed-out,worn-out
exhausting	tiring
exhaustively	thoroughly
exhibit	demonstrate,display,showing
exhibition	expo
exhilaration	excitement
exhort	urge
exigency	emergency
exile	deport,expat,expatriate
exist	be
existence	being,beingness,cosmos,universe,world
existent	actual,existing,real
existing	existent
exit	croak,die,get-out,go-out,issue,outlet,perish,way-out
exodus	hegira,hejira
exogen	dicot
exon	coding-dna
exonerate	acquit
exoneration	vindication
exotic	alien
expand	expound,flourish,spread-out,thrive
expanse	sweep
expansion	enlargement
expansive	grand
expat	exile,expatriate
expatiate	expound
expatriate	exile,expat
expect	anticipate,await
expectant	anticipant,anticipative,gravid
expectation	outlook,prospect
expedition	hostile-expedition,jaunt,military-expedition,outing
expel	kick-out,oust,rout,throw-out
expend	use
expenditure	outgo,outlay,spending
expense	disbursal,disbursement
experienced	experient
experient	experienced
experiment	experimentation
experimentation	experiment
expert	adept,skillful
expiate	aby,abye,atone
expire	croak,die,exhale,perish,run-out
expiry	death
explain	explicate
explanation	account
expletive	oath
explicate	explain,formulate
explicit	expressed
explode	blow-up,detonate,set-off
exploit	feat,work
exploitation	using
exploration	geographic-expedition
explore	research,search
explorer	adventurer
explosion	blowup,detonation
expo	exhibition,exposition
expose	disclose,display
exposed	open
exposit	expound
exposition	expo
expostulation	objection
exposure	photo,photograph,pic
expound	dilate,elaborate,enlarge,expand,expatiate,exposit,flesh-out,lucubrate
express	evince,show,utter
express-joy	laugh
express-mirth	laugh
expressed	explicit,uttered,verbalised,verbalized
expression	aspect,face,facial-expression,formula,look
expressway	freeway,pike,thruway
expulsion	ejection
expunge	excise
exquisite	dainty,keen
extend	broaden,prolong,widen
extended	drawn-out,extensive,lengthy,prolonged,protracted
extension	annex,annexe
extensive	extended
extenuate	mitigate
extern	medical-extern
external-respiration	breathing
extinguish	eliminate
extirpation	ablation
extol	exalt,glorify,laud,proclaim
extolment	kudos
extra	excess,redundant,spare,supererogatory,superfluous,supernumerary,surplus
extracellular-fluid	ecf
extract	draw-out,pull,pull-out,pull-up,take-out
extraction	descent
extrapolate	generalize
extrasensory-perception	esp
extravagantly	lavishly
extreme	utmost,uttermost
extremely	highly
extremely-low-frequency	elf
extremist	radical,ultra
extremum	peak
exuberance	enthusiasm
exuberant	ebullient,high-spirited,lush,profuse,riotous
exuberate	exult
exudate	exude
exude	exudate,ooze,ooze-out,transude
exult	exuberate,jubilate,rejoice,triumph
exultant	exulting,jubilant,prideful,rejoicing,triumphal,triumphant
exulting	exultant,jubilant
eyck	jan-van-eyck,van-eyck
eye	center,middle,oculus,optic
eye-infection	stye
eye-popping	dazzling
eye-tooth	cuspid
eyeball	orb
eyebrow	brow,supercilium
eyecup	optic-cup
eyeglass	monocle
eyeglasses	glasses,specs
eyelet	cringle,grommet,grummet,loop
eyelid	lid,palpebra
eyeshade	visor,vizor
eyesight	seeing,sightedness
eyetooth	cuspid
eyra	felis-yagouaroundi,jaguarondi,jaguarundi,jaguarundi-cat
eyre	lake-eyre
eyrie	aerie,aery,eyry
eyry	aerie,aery,eyrie
ezed	izzard,z,zed,zee
ezo	hokkaido,yezo
ezra	book-of-ezra
f	farad,fdr
faa	federal-aviation-agency
fab	fabulous
fabiana-imbricata	pichi
fable	allegory,legend,parable
fabled	legendary
fabric	cloth,material,textile
fabrication	assembly,lying
fabulous	fab,mythological
facade	frontage,frontal
face	confront,expression,human-face
face-fungus	beard
facet	aspect
facia	fascia
facial-expression	expression
facile	eloquent,fluent,silver,silver-tongued,smooth-spoken
facilitate	alleviate,ease
facility	installation
facing	veneer
facsimile	fax
facsimile-machine	fax
faction	cabal,camarilla,junto
factious	divisive
factor	broker,component,element,gene
factory	manufactory,manufacturing-plant,mill
facts-of-life	procreation
factual	actual
faculty	mental-faculty,module
fad	craze,cult,furor,furore,rage
faddish	faddy
faddy	faddish
fade	melt
fade-away	dissolve
fade-out	dissolve
faded	bleached,washed-out,washy
fae	fuel-air-explosive
faecal	fecal
faecal-matter	feces
faeces	feces
faerie	faery,fairy,fairyland,fay
faery	faerie,fairy,fairyland,fay
fag	butt,cigaret,cigarette,coffin-nail,nance,poof,poove,toil
fagged	dog-tired,exhausted,fatigued,played-out,spent,washed-out,worn-out
faggot	fagot,nance,poof,poove
fagot	faggot,nance,poof,poove
fagus	genus-fagus
fail	neglect
failing	flunk,weakness
fain	disposed,gladly,inclined,lief,prepared
faineant	indolent,otiose
faint	dim,shadowy,swoon,vague,wispy
fair	bonnie,bonny,comely,just
fair-game	prey
fairly	jolly,middling,moderately,passably,pretty,reasonably,somewhat
fairy	faerie,faery,fay,nance,poof,poove,sprite
fairyland	faerie,faery
faith	religion,religious-belief
faithful	congregation
fake	bastard,bogus,faker,faux,juke,phoney,phony,pseud,sham,simulated
fakeer	fakir,faqir
faker	fake,fraud,imposter,impostor,pretender,pseud,pseudo,sham,shammer
fakir	fakeer,faqir,faquir
falco	genus-falco
falco-columbarius	merlin
falderol	frill
fall	autumn,decrease,descend,diminish,dusk,gloam,lessen,nightfall
fall-back	lag,resort
fall-behind	lag
fall-guy	chump,patsy,sucker
fall-in	collapse,join
fall-out	happen,occur,take-place
falla	manuel-de-falla
fallal	bangle,bauble,gaud,gewgaw,novelty,trinket
faller	logger
falling-off	falloff
falloff	drop-off,falling-off,slack,slump
fallout	radioactive-dust
falls	waterfall
false	faux,fictive,simulated
false-fruit	pome
falsehood	falsity,untruth
falsify	distort,garble,warp
falsity	falsehood,untruth
falter	stammer,stumble,stutter,waver
fame	celebrity,renown
famed	celebrated,famous,far-famed,illustrious,notable,noted,renowned
familial	genetic
familiar	companion,comrade
family	category,class,family-unit,fellowship,household
family-apidae	apidae
family-boidae	boidae
family-ipidae	ipidae
family-scolytidae	ipidae
family-suidae	suidae
family-unit	family
family-zeidae	zeidae
famish	starve
famotidine	pepcid
famous	celebrated,famed,far-famed,illustrious,notable,noted,renowned
fan	buff,devotee,winnow
fan-jet	fanjet
fanatic	rabid
fanatical	rabid
fanciful	imaginary
fancy	envision,fondness,visualize
fancy-man	pander,pimp,ponce
fancy-up	prink
fancy-woman	bawd,mistress,whore
fanfare	tucket
fanjet	fan-jet,fanjet-engine,turbofan,turbofan-engine,turbojet,turbojet-engine
fanjet-engine	fanjet
fanlight	skylight
fanned	spread-out
fannie-mae	fnma
fanny	female-genital-organ,female-genitalia,female-genitals
fantabulous	excellent
fantan	parliament,sevens
fantasm	phantom
fantastic	antic,fantastical,grotesque,wonderful,wondrous
fantastical	antic,fantastic
fantasy	phantasy
faqir	fakeer,fakir,faquir
faquir	fakir,faqir
far	alir
far-famed	famed,famous,noted
far-off	faraway
far-out	kinky,offbeat,quirky
farad	f
faraway	far-off
farce	farce-comedy,travesty
farce-comedy	farce
fare	menu
farewell	parting,word-of-farewell
farinaceous	grainy,granular,gritty,mealy
farm-animal	livestock
farm-credit-system	fcs
farm-horse	dobbin
farmer	granger,husbandman,sodbuster
farming	agriculture,husbandry
farsi	persian
fart	breaking-wind,farting,flatus,wind
farther	further
farting	fart,flatus
fas	fetal-alcohol-syndrome
fascia	dashboard,facia
fascinating	absorbing,engrossing,gripping,riveting
fascist	fascistic
fascistic	fascist
fashion	manner,mode,style,way
fashion-plate	dude,fop,sheik
fashioning	making
fast-flying	flying
fast-one	trick
fastball	bullet,heater,hummer,smoke
fasten	fix,secure,tighten
faster	quicker
fat	fatten,fatty
fat-free	nonfat
fat-person	fatso
fatah	al-asifa,al-fatah
fatah-rc	ano
fatal	disastrous,fateful
fate	destine,destiny,doom,luck
fated	doomed
fateful	disastrous,fatal
fathead	jackass
father	beget,begetter,male-parent,padre,sire
father-christmas	santa
fathom	bottom,fthm,penetrate
fatigue	tiredness,weariness
fatigued	dog-tired,exhausted,fagged,played-out,spent,washed-out,worn-out
fatiha	fatihah
fatihah	fatiha
fatism	fattism
fatless	nonfat
fatso	butterball,fat-person,fatty,roly-poly
fatten	fat,fatten-out,fatten-up,fill-out,flesh-out,plump,plump-out
fatten-out	fatten
fatten-up	fatten
fattism	fatism
fatty	fat,fatso
fatuous	inane
faucet	spigot
faucial-tonsil	tonsil
fault	blame,error,flaw,mistake
faultfinder	cynic
faultfinding	carping
faulty	incorrect,wrong
fauna	animal,animate-being,beast,brute,creature
faust	faustus
faustus	faust
fauve	fauvist
fauvist	fauve
faux	fake,false,imitation,simulated
faux-pas	gaffe
faveolate	pitted
favor	favour,prefer
favorable	favourable
favorably	favourably
favored	best-loved,favorite,favourite,pet,preferent,preferred
favorite	darling,deary,ducky,favored,favourite
favour	favor
favourable	favorable
favourably	favorably
favourite	darling,deary,ducky,favored,favorite
fawn	dun,grayish-brown,greyish-brown,grovel
fax	facsimile,facsimile-machine
fay	faerie,faery,fairy,sprite
faze	enervate,unnerve,unsettle
fazed	bothered,daunted
fcs	farm-credit-system
fdr	f,franklin-roosevelt,president-roosevelt,roosevelt
fe	iron
fealty	allegiance
fear	dread,fearfulness,fright
fearful	awful,cowardly,dire,direful,dread,dreaded,dreadful,fearsome,frightening,terrible,trepid
fearfulness	fear,fright
fearsome	dire,dreadful,fearful,frightening,terrible
feasible	executable,practicable,viable,workable
feast	banquet
feat	effort,exploit
feather	plumage,plume
featherbed	coddle,pamper
featherbrained	dizzy,giddy
feathered	plumy
feathery	plumy
feature	characteristic
feb	february
february	feb
fecal	faecal
fecal-matter	feces
feces	bm,dejection,faecal-matter,faeces,fecal-matter,ordure,stool
feckless	inept
fecklessly	ineptly
fed	federal-reserve,federal-reserve-system,frs
federal-agency	agency,bureau
federal-aviation-agency	faa
federal-reserve	fed,frs
federal-reserve-system	fed,frs
federal-savings-bank	fsb
fedora	felt-hat,homburg,stetson,trilby
feeble	debile,lame
feed-bunk	bunk
feeding	eating
feel	find
feeler	antenna,barbel
feeling	impression
feign	affect,dissemble,pretend,sham
feist	fice
feisty	huffy,thin-skinned,touchy
felicity	happiness
felid	feline
feline	felid
felis	genus-felis
felis-concolor	cougar,puma
felis-manul	manul
felis-onca	jaguar,panther
felis-pardalis	ocelot
felis-serval	serval
felis-wiedi	margay
felis-yagouaroundi	eyra
feliz-lusitania	belem,para
fell	brutal,cruel,cut-down,drop,savage,strike-down,vicious
fella	blighter,bloke,chap,cuss,feller,fellow,gent,lad
fellata	fulah,fulbe
feller	bloke,chap,cuss,fella,fellow,lad,logger
felloe	felly
fellow	beau,blighter,bloke,chap,companion,comrade,cuss,fella,feller,gent,lad,swain
fellow-member	member
fellow-worker	colleague
fellowship	family
felly	felloe
felon	criminal,crook,malefactor,outlaw
felt-hat	fedora,stetson,trilby
female-child	girl
female-genital-organ	fanny
female-genitalia	fanny
female-genitals	fanny
female-horse	mare
female-parent	mother
femoris	femur
femur	femoris,thighbone
fen	fenland,marsh,marshland
fence	fencing
fencing	fence
fend	resist,stand
fend-for	defend
fend-off	avert
fender	wing
fenland	fen,marsh
fenoprofen	nalfon
fenoprofen-calcium	nalfon
fenusa	genus-fenusa
feoff	fief
feral	ferine,savage
ferdinand-julius-cohn	cohn
fere-phenomenon	gsr
ferine	feral,savage
ferment	sour,unrest
fermentation	unrest
fermi	enrico-fermi
fernand-leger	leger
ferned	ferny
ferny	ferned
ferocious	fierce,furious
ferociously	fiercely
ferric	ferrous
ferrous	ferric
fertilized-egg	embryo
fertilized-ovum	zygote
fervency	fervor
fervent	ardent,fervid,fiery,impassioned,perfervid,torrid
fervid	ardent,fervent
fervidness	fervor
fervor	ardor,ardour,fervency,fervidness,fervour,fire
fervour	fervor
fes	fez
fess	fesse
fesse	fess
festal	festive,gay,merry
festering	ichor,pus,sanies
festinate	hasten
festive	festal,gay,merry
festivity	celebration
fet	field-effect-transistor
fetal	foetal
fetal-alcohol-syndrome	fas
fetch	bring,convey,get
fetching	taking
fete	celebrate
fetich	fetish,voodoo
fetid	foetid,foul,foul-smelling,funky,ill-scented,noisome,smelly,stinking
fetish	fetich,voodoo
fetor	foetor,malodor,malodour,mephitis,reek,stench,stink
fetter	hobble
fettered	shackled
fetus	foetus
feudal	feudalistic
feudalistic	feudal
feverish	hectic
fey	elfin
fez	fes,tarboosh
fhlmc	freddie-mac
fiat	decree,edict,order,rescript
fib	story,tale,taradiddle,tarradiddle
fiber	fibre
fibre	fiber,vulcanized-fiber
fibrous	hempen,sinewy
fibrous-joint	sutura
fibula	calf-bone
fice	feist
fickle	erratic,mercurial,quicksilver
fictional-character	character
fictitious	fictive
fictitious-character	character
fictitious-name	dba
fictive	assumed,false,fictitious,pretended,put-on,sham
ficus	genus-ficus
ficus-religiosa	pipal,pipul
fiddle	shirk,tamper,violin
fiddle-faddle	piffle
fiddling	trivial
fidgety	antsy
fief	feoff
field	arena,domain
field-day	picnic
field-effect-transistor	fet
field-general	quarterback
field-grade-officer	fo
field-hut	hut
field-mouse	vole
field-officer	fo
fiend	demon,devil,monster,ogre
fiendish	satanic,unholy
fierce	ferocious,furious,savage,vehement
fiercely	ferociously
fiery	ardent,fervent,igneous
fifo	first-in-first-out
fifteen	xv
fifty	l
fifty-eight	lviii
fifty-five	lv
fifty-four	liv
fifty-nine	ilx
fifty-one	li
fifty-seven	lvii
fifty-six	lvi
fifty-three	liii
fifty-two	lii
fig	figure
fig-out	prink
fig-up	prink
fight	battle,contend,engagement,fighting,struggle
fight-off	repulse
fighter	battler,belligerent,combatant,scrapper
fighting	combat,fight,scrap
figure	bod,calculate,compute,envision,fig,number,soma,trope,visualize
figure-of-speech	trope
figure-out	solve
fiji	republic-of-fiji
fiji-islands	fijis
fijis	fiji-islands
filament	filum
filch	abstract,cabbage,hook,pilfer,pinch,purloin,snarf,swipe
file	register
file-clerk	filer
file-transfer-protocol	ftp
filer	file-clerk,filing-clerk
filing-clerk	filer
fill	fill-up,filling,make-full,sate
fill-again	refill,replenish
fill-in	sub
fill-out	fatten
fill-up	fill
fille	girl,miss,missy,young-lady,young-woman
fillet	stopping,tenia
filling	fill,weft,woof
fillip	bonus
film	cinema,motion-picture,motion-picture-show,movie,moving-picture,moving-picture-show,pic,picture,picture-show
film-editing	cutting
filming	cinematography
filmy	diaphanous,gauze-like,gauzy,gossamer,see-through,sheer,transparent,vaporous
filter	dribble,filter-out,filtrate,separate-out,strain
filter-out	filter
filth	dirty-word,grime,obscenity,smut,soil,vulgarism
filthy	cruddy,foul,nasty
filtrate	filter
filum	filament
fin	louver,louvre
finagle	wangle
final	concluding,last,terminal
final-result	outcome
finale	coda,finis
finally	at-last,eventually,lastly,ultimately
finances	funds
financial	fiscal
financing	funding
find	ascertain,detect,determine,discovery,feel,find-out,notice,observe,recover,regain,retrieve
find-out	ascertain,determine,discover,find,hear
finder	view-finder,viewfinder
finding	determination
finding-of-fact	verdict
fine	all-right,mulct,ok,okay
fine-art	art
fine-grained	powdered
fine-looking	handsome
fine-tune	calibrate,refine
fineness	delicacy
finger-cymbals	bones
finger-millet	ragee,ragi
finical	finicky,picky
finicky	finical,fussy,particular,picky
finis	close,closing-curtain,finale
finish	complete,end
fink	canary,confess,sneak,sneaker,snitch,snitcher,stool-pigeon,stoolie,stoolpigeon
finnish	suomi
fiord	fjord
fir	fir-tree,true-fir
fir-tree	fir
fire	arouse,burn,elicit,evoke,fervor,firing,flame
fire-raising	arson
firearm	piece,small-arm
firecracker	banger
fired	discharged,dismissed,laid-off,pink-slipped
firedrake	dragon
fireplace	hearth,open-fireplace
firework	pyrotechnic
firing	fire
firm	business-firm,firmly,house
firmament	heavens
firmly	firm,steadfastly,unwaveringly
first	foremost,outset
first-appearance	debut
first-baron-passfield	webb
first-battle-of-ypres	ypres
first-class	excellent
first-council-of-lyons	lyons
first-cousin	cousin
first-earl-of-chatham	pitt
first-in-first-out	fifo
first-light	dawn,sunup
first-principle	abc,abc's,abcs
first-rate	super,tiptop,tops
first-rudiment	abc,abc's,abcs
first-state	de
first-stomach	rumen
firstborn	eldest
fiscal	financial
fish	pisces
fish-eagle	osprey
fish-hawk	osprey
fisher	fisherman,pekan
fisher-cat	pekan
fisherman	fisher
fishing	sportfishing
fishy	funny,shady,suspect,suspicious
fist	clenched-fist
fistful	handful
fit	accommodate,correspond,equip,match,primed,suit
fit-in	accord
fit-out	clothe,equip,tog
fitch	foulmart,foumart,mustela-putorius,polecat
fitful	interrupted,off-and-on
fitly	appropriately,befittingly,fittingly,suitably
fitness	fittingness
fitter	healthier
fitting	adjustment
fittingly	fitly,suitably
fittingness	fitness
five	v
five-dollar-bill	fiver
five-hundred	euchre
five-iron	mashie
five-spot	fiver
fiver	five-dollar-bill,five-spot
fix	bushel,cook,desex,doctor,fasten,fixing,furbish-up,mend,prepare,repair,restore,touch-on
fixed-storage	rom
fixer	influence-peddler
fixing	fix,fixture,mend,mending,repair,reparation
fixity	immutability,immutableness
fixture	fixing
fizzing	fizzy
fizzle	fizzle-out,hissing,peter-out,taper-off
fizzle-out	fizzle
fizzy	fizzing
fjord	fiord
fl	everglade-state,florida,sunshine-state
flabby	flaccid,soft
flaccid	flabby
flack	ack-ack,ack-ack-gun,antiaircraft,antiaircraft-gun,flak,pom-pom
flag	droop,sag
flag-waver	jingo
flagellum	scourge
flagrant	crying
flagyl	metronidazole
flail	thrash
flair	genius
flak	ack-ack,ack-ack-gun,antiaircraft,antiaircraft-gun,flack,pom-pom
flake	fleck,geek,scrap
flakey	bizarre,eccentric,flaky,freakish,freaky,gonzo,off-the-wall,outlandish,outre
flaky	bizarre,eccentric,flakey,freakish,freaky,gonzo,off-the-wall,outlandish,outre
flamboyant	florid,showy
flame	fire,flaming
flaming	bally,flame
flange	rim
flap	flaps,roll,tizzy,undulate,wave
flaps	flap
flare	flash
flash	blink,dash,flare,flaunt,garish,instant,jiffy,scoot,scud,tacky,tatty,tawdry
flasher	blinker
flashiness	glitz
flashy	garish,gaudy,jazzy,showy,sporty,tacky,tatty,tawdry,trashy
flat	apartment,bland,level,matt,matte,plane
flat-panel-display	fpd
flatboat	barge,hoy
flathead-catfish	goujon,mudcat
flatly	categorically,unconditionally
flatness	phlegm,planeness,two-dimensionality
flatter	blandish
flattop	carrier
flatulent	gassy
flatus	breaking-wind,fart,farting,wind
flaunt	flash,ostentate,show-off,swank
flavor	flavour,nip,relish,sapidity,savor,savour,smack,tang
flavorful	sapid
flavorless	bland
flavorous	sapid
flavorsome	sapid
flavour	flavor,savour
flavourful	sapid
flavourless	bland
flavourous	sapid
flavoursome	sapid
flaw	defect,fault
flawed	blemished
flawless	unflawed
flawlessly	cleanly
flawlessness	perfection
flaxen	sandy
fleck	bit,chip,dapple,flake,patch,scrap
flecked	dotted,specked,speckled,stippled
fledged	vaned
fledgling	callow
flee	fly,take-flight
fleece	rob,wool
fleecy	brushed,napped
fleet	dart,flit,swift
fleeting	momentary
fleetly	swiftly
flesh-out	expound,fatten
fleshly	carnal,sensual
fleshy	heavy,overweight
flex	bend
flexibility	flexibleness
flexible	flexile,whippy
flexible-joint	hinge
flexibleness	flexibility
flexile	flexible
flexor	flexor-muscle
flexor-muscle	flexor
flick	riffle
flicker	flitter,flutter,quiver,waver
flier	bill,broadsheet,broadside,circular,flyer,handbill,throwaway
flight	flying
flightiness	whimsy
flightless-bird	ratite
flighty	spooky
flinch	cringe,funk,quail,recoil,shrink,squinch,wince
fling	discard,dispose,spree
flint	flinty
flinty	flint,granitic,obdurate,stony
flip	impudent,insolent,pitch,somersault,toss
flippantly	airily
flirt	butterfly,chat-up,coquet,coquette,dally,mash,minx,philander,romance,toying
flirtation	toying
flirting	toying
flit	dart,fleet,flutter
flitter	flicker
float	be-adrift,blow,drift
floater	spots
floaty	buoyant
floc	floccule
floccule	floc
flock	lot,mint,slew
floe	ice-floe
flog	lash,lather,slash,strap,trounce,welt,whip
flood	deluge,inundate,swamp
flooded	afloat,awash,inundated,overflowing
floor	flooring,storey
flooring	floor
flora	plant,plant-life
floral	flowered
florid	aureate,flamboyant,ruddy
florida	everglade-state,fl,sunshine-state
florida-key	cay
florist	florist-shop,flower-store
florist-shop	florist
flory	paul-john-flory
floss	dental-floss
flossy	downlike,downy,fluffy
flotsam	jetsam
flounder	stagger
flourish	boom,expand,thrive,tucket
flourishing	palmy,thriving
flout	jeer,scoff
flouter	mocker
flow	flowing
flow-from	be-due
flower	bloom,blossom,heyday
flower-child	hippy
flower-petal	petal
flower-store	florist
flowered	floral
flowery	ornate
flowing	flow
flu	grippe,influenza
flub	blow,blunder,bodge,boner,botch,botch-up,bumble,bungle,fuckup,fumble,muff,screw-up
fluctuation	variation
fluent	eloquent,facile,silver,silver-tongued,smooth-spoken
fluffy	downlike,downy,flossy
fluid	runny
fluke	trematode,trematode-worm
flukey	chancy,fluky,iffy
fluky	chancy,flukey,iffy
flume	gulch
flump	plank,plonk,plop,plump,plump-down,plunk,plunk-down
flunk	failing
flunkey	lackey
flunky	lackey
fluor	fluorite,fluorspar
fluorite	fluor
fluorspar	fluor
fluoxetine	prozac
flurbiprofen	ansaid
flurry	ado,bustle,fuss,hustle,stir
flush	blush,crimson,heyday,redden,thrill,wealthy
flushed	crimson,red,red-faced,reddened
flute	transverse-flute
flutter	commotion,dart,flicker,flit,waver
fluvastatin	lescol
flux	fuse,immix,mix
fluxing-lime	calx
fly	flee,wing
flyer	bill,broadsheet,broadside,circular,flier,handbill,throwaway
flying	fast-flying,flight
flying-cat	colugo,taguan
flying-drainpipe	ramjet
flying-lemur	colugo
flying-marmot	taguan
flying-saucer	ufo
flyspeck	bantam,midget,petite,tiny
flyway	migration-route
fm	frequency-modulation
fnma	fannie-mae
fo	field-grade-officer,field-officer
foam	froth
foaming	foamy,spumy
foamy	foaming,frothing,spumy
fob	watch-chain,watch-guard
focal-point	focus
focus	centering,direction,focal-point,focusing,focussing,rivet
focusing	focus
focussing	focus
foe	enemy,foeman,opposition
foehn	fohn
foeman	foe
foetal	fetal
foetid	fetid,foul,foul-smelling,funky,ill-scented,noisome,smelly,stinking
foetor	fetor,malodor,malodour,mephitis,reek,stench,stink
foetus	fetus
fog	befog,daze,murk
fogey	dodo,fogy,fossil
fogged	foggy
fogginess	murk
foggy	blurred,blurry,fogged,groggy,hazy,logy,misty
fogy	dodo,fogey,fossil
fogyish	mossy
fohn	foehn
foible	idiosyncrasy,mannerism
foil	frustrate,thwart
foiled	defeated,disappointed,discomfited,frustrated,thwarted
fold	congregation,fold-up,plica,turn-up
fold-up	fold
folderal	frill
folderol	tripe
foliage	leaf,leafage
folie	disturbance,mental-disorder,mental-disturbance,psychological-disorder
folk	common-people,folks
folks	folk
folksy	cracker-barrel,homespun
follow	adopt,be,comply,espouse,trace
following	pursuit
folly	betise,foolishness,lunacy,unwiseness
foment	agitate
fomes	genus-fomes
fomor	fomorian
fomorian	fomor
fond	affectionate,doting,lovesome,tender,warm
fonda	henry-fonda
fondle	caress
fondling	hugging,kissing,petting
fondly	lovingly
fondness	affection,fancy,partiality
fondu	fondue
fondue	fondu
font	baptismal-font,baptistery,baptistry
food	nutrient
food-market	grocery
food-shop	deli
food-turner	turner
food-waste	garbage
foodie	gourmet
fool	chump,dupe,gull,muggins,patsy,sap,saphead,sucker,tomfool
foolery	lunacy
foolhardy	heady,rash,reckless
fooling	casual
foolish	dopey,dopy,goosey,goosy,jerky
foolishness	betise,folly
foot	ft,human-foot,infantry,pes
football	football-game
football-game	football
footer	footnote
footing	basis,terms
footle	loiter,tarry
footling	trivial
footnote	footer
footrest	tuffet
footslog	plod,trudge
footstall	plinth
footstool	tuffet
fop	beau,clotheshorse,dandy,dude,fashion-plate,gallant,sheik,swell
foppish	dandified,dandyish
for-a-while	awhile
for-certain	certainly,surely
for-each-one	apiece,each
for-example	e,for-instance
for-instance	for-example
for-sure	certainly,surely
for-the-most-part	largely,mostly
forage	foraging
foraging	forage
foram	foraminifer
foramen	hiatus
foraminifer	foram
foray	maraud,raid,reave
forbearance	patience
forbid	disallow,forestall,interdict,nix,prevent,prohibit,proscribe,veto
forbidden	out,prohibited,proscribed,taboo,tabu,verboten
forbidden-city	lassa
forbidding	ominous,sinister
force	coerce,draw,hale,impel,personnel,pressure,pull,push,ram,squeeze,violence
force-back	repel
force-out	depose,evict,gouge,squirt
force-per-unit-area	pressure
forced-feeding	gavage
forcing-out	ejection
ford	fording
fording	ford
fore	prow
forebode	predict
forecast	calculate
foreclose	forestall,prevent
forefend	avert
forego	antecede,antedate,forfeit,forgo,precede,predate,waive
foregone	bygone,bypast
forehead	brow
foreign	alien
foreign-mission	mission
foreigner	alien,noncitizen,outlander
foreknow	foresee
foreman	boss,chief,gaffer,honcho
foremost	first,world-class
forenoon	morn,morning
forepart	front
foresee	anticipate,foreknow,previse
foreshadow	augur,bode
forest	wood,woods
forest-god	satyr
forestall	forbid,foreclose,preclude,prevent
foreswear	forgo,waive
foretell	predict
forever	eternally,everlastingly,evermore
foreword	preface
forfeit	forego,forgo,give-up,throw-overboard,waive
forfend	avert
forficate	forked,prongy
forge	contrive,devise,excogitate,formulate,invent,smithy
forged	bad
forget	bury
forget-me-drug	roofy,rophy
forgivable	venial
forgo	dispense-with,forego,foreswear,forfeit,precede,relinquish,waive
forgotten	disregarded
fork-like	forked,prongy
forked	bifurcate,biramous,branched,forficate,fork-like,pronged,prongy
form	grade,imprint,kind,organize,pattern,shape,sort,var,variety
formal	schematic
formally	officially
formation	establishment
former	onetime,previous
former-armed-forces	alir
formerly	at-one-time,erst,erstwhile,once
formidable	redoubtable,unnerving
formless	amorphous,shapeless
formula	convention,expression,recipe,rule
formulate	develop,devise,explicate,forge,invent
formulation	preparation
fornicatress	hussy,slut
fornix	trigonum-cerebrale
forrad	forrard,forward,forwards,frontward,frontwards
forrader	onward
forrard	forrad,forward
forsake	abandon,desert,desolate
forswear	retract
fort	fortress,garrison
fortaz	ceftazidime,tazicef
forte	long-suit,metier,speciality,specialty,strength,strong-point,strong-suit
forte-piano	piano
forth	away,off
forthcoming	coming
forthright	blunt,candid,frank,squarely
forthrightly	squarely
forthrightness	candor,candour
forthwith	at-once,immediately,instantly
fortify	beef-up,gird,strengthen
fortress	fort
fortuitously	luckily
fortunately	luckily
fortune	chance,hazard,luck
forty	twoscore,xl
forty-eight	xlviii
forty-five	xlv
forty-four	xliv
forty-nine	il
forty-one	xli
forty-seven	xlvii
forty-six	xlvi
forty-three	xliii
forty-two	xlii
forty-winks	catnap,snooze
forum	assembly,meeting-place
forward	forrad,forrard,forwards,frontward,frontwards,onward
forward-pass	aerial
forwards	forrad,forward,onward
fossa	cryptoprocta-ferox,fossa-cat
fossa-cat	fossa
fosse	moat
fossil	fogey,fogy
foster	further
fosterage	rearing
fostering	rearing
foul	afoul,cheating,clog,cruddy,dirty,fetid,filthy,foetid,skanky,smelly,unsporting,unsportsmanlike
foul-smelling	fetid,foetid,smelly
foul-up	blunder,boner,botch,bungle,fuckup
fouled	afoul,befouled
foulmart	fitch
foumart	fitch
found	base,establish,institute,launch,set-up
foundation	founding
founder	collapse
founding	creation,foundation,initiation,innovation,instauration,institution,introduction,origination
foundling-hospital	creche
foundry	metalworks
fount	fountain
fountain	fount
fouquieria-columnaris	cirio
four	iv
four-card-monte	monte
four-hundred	cd
fourpence	groat
fourscore	eighty,lxxx
foursquare	square
fourteen	xiv
fourth	quarter,quaternary
fourth-deck	orlop
fourth-part	quarter
fovea	fovea-centralis
fovea-centralis	fovea
fowl	domestic-fowl,poultry
foxily	artfully,craftily,cunningly,knavishly,slyly,trickily
foxy	crafty,cunning,dodgy,guileful,knavish,slick,sly,tricksy,tricky,wily
foyer	antechamber,anteroom,entrance-hall,hall,lobby,vestibule
fpd	flat-panel-display
fr	francium
fra-filippo-lippi	lippi
fracas	affray,altercation
fractious	peevish,techy,testy,tetchy
fragile	delicate,frail
fragment	shard,sherd
fragmental	fragmentary
fragmentary	fragmental
fragrance	scent
frail	fragile
frailty	vice
frambesia	yaws
framboesia	yaws
frame	inning
framework	model,theoretical-account
france	french-republic
francis-crick	crick
francis-peyton-rous	rous
francisco-de-goya	goya
francisco-goya	goya
francisco-jose-de-goya	goya
francium	fr
francois-marie-arouet	voltaire
frank	blunt,candid,forthright,free-spoken,outspoken,plainspoken,point-blank
frank-baum	baum
franklin-roosevelt	fdr
frankly	candidly,honestly
frankness	candor,candour
frans-hals	hals
frantic	frenetic,frenzied,phrenetic
frantically	madly
franz-joseph-kline	kline
franz-kafka	kafka
franz-kline	kline
franz-lehar	lehar
franz-liszt	liszt
frat	fraternity
fraternity	frat
fraud	dupery,faker,hoax,humbug,pseud
fraudulence	deceit,dupery,hoax,humbug
fray	affray,disturbance,ruffle,scratch
freak	junky,lusus-naturae,monster,monstrosity
freakish	bizarre,eccentric,flakey,flaky,freaky,gonzo,outre
freaky	bizarre,eccentric,flakey,flaky,freakish,gonzo,off-the-wall,outlandish,outre
freckle	lentigo
freddie-mac	fhlmc
frederic-goudy	goudy
frederic-william-goudy	goudy
frederick-loewe	loewe
frederico-garcia-lorca	lorca
free	barren,devoid,gratis,relinquish,rid
free-energy	energy
free-for-all	brawl
free-spoken	blunt,candid,frank
free-thought	deism
freedom	exemption
freehand	freehanded
freehanded	freehand
freeman	freewoman
freemason	mason
freeway	expressway,motorway,pike,state-highway,superhighway,throughway,thruway
freewoman	freeman
freeze	frost
freeze-off	spurn
freight	cargo,consignment,lading,load,loading,payload,shipment
french	gallic
french-capital	paris
french-fried-potatoes	chips,fries
french-fries	chips,fries
french-person	frenchman
french-republic	france
french-sudan	mali
frenchman	french-person,frenchwoman
frenchwoman	frenchman
frenetic	frantic
frenzied	frantic,manic
frenzy	craze,delirium,fury,hysteria
frequence	frequency
frequency	frequence,oftenness
frequency-modulation	fm
frequenter	patron
frequently	oft,often,oftentimes,ofttimes
fresh	freshly,newly,refreshed,sassy,saucy,tonic,unused
freshet	spate
freshly	fresh,new,newly,pertly
freshness	gall,insolence,novelty
freshwater-bream	bream
fress	gluttonise,gluttonize
fret	chafe,erode,fuss,niggle,scratch
fretful	antsy,whiney,whiny
fretsaw	jigsaw
freud	sigmund-freud
frey	freyr
freya	freyja
freyja	freya
freyr	frey
frg	deutschland,germany
fri	friday
friable	crumbly
friar	mendicant
frick	henry-clay-frick
friday	fri
fridge	electric-refrigerator
fried	deep-fried
friedrich-krupp	krupp
friend	quaker
frier	fryer,pullet
fries	chips,french-fried-potatoes,french-fries
frig-around	loll
frigg	frigga
frigga	frigg
fright	fear,fearfulness,frighten,scare
frighten	affright,fright,scare
frighten-away	daunt
frighten-off	daunt
frightened	scared
frightening	awful,dire,direful,dread,dreaded,dreadful,fearful,fearsome
frightful	atrocious,horrible,horrifying,ugly
frightfully	awfully,terribly
frigid	cold,gelid,icy
frill	falderol,folderal,gimcrack,gimcrackery,nonsense,trumpery
frilled	frilly,ruffled
frilly	frilled,ruffled
fringe	outer-boundary,periphery
fringe-benefit	perk
fringy	marginal
frisk	cavort,frisking
frisking	frisk
frisky	kittenish
fritz-haber	haber
frivolity	japery,prank
frizzly	frizzy,nappy
frizzy	crisp,frizzly,kinky,nappy
frock	dress
frog	anuran,batrachian,salientian,toad,toad-frog
frolic	caper,cavort,gambol,play,romp
from-each-one	apiece,each
from-time-to-time	occasionally
front	forepart,front-end
front-end	front
frontage	facade
frontal	facade
frontward	forrad,forward
frontwards	forrad,forward
frost	freeze
frosty	crisp,icy,nipping,nippy,rimed,rimy,snappy
froth	foam
frothing	foamy
frothy	bubbling,effervescent,scintillating,sparkly,spumy
froward	wilful
frown	glower,lour,lower
frowsty	musty
frowsy	frowzy,slovenly
frowzled	tousled
frowzy	frowsy,slovenly
frozen	icy,rooted
frs	fed,federal-reserve,federal-reserve-system
frugal	economical,scotch,sparing,stinting
fruit-drink	ade
fruitless	futile
fruitlessness	aridity
fruity	balmy,barmy,bats,batty,bonkers,buggy,cracked,crackers
frump	dog
frumpish	dowdy,frumpy
frumpy	dowdy,frumpish
frustrate	baffle,bilk,cross,foil,queer,scotch,spoil,thwart
frustrated	foiled
frye	herman-northrop-frye,northrop-frye
fryer	frier,pullet
frying	sauteing
frying-pan	frypan
frypan	frying-pan,skillet
fsb	federal-savings-bank
ft	foot
fthm	fathom
fto	terrorist-group,terrorist-organization
ftp	file-transfer-protocol
fuchs	emil-klaus-julius-fuchs,klaus-fuchs
fuck	ass,fucking,nookie,nooky,piece-of-ass,piece-of-tail,screw,screwing,shtup
fuck-off	loll,scram
fucked-up	snafu
fucking	bally,fuck,nookie,nooky,screw,shtup
fuckup	bloomer,blooper,blunder,boner,botch,bungle,flub,foul-up,pratfall
fucoid	fucoid-algae
fucoid-algae	fucoid
fuddle	jumble,muddle,welter
fuddled	blotto,crocked,pissed,soaked,soused
fudge	evade,sidestep
fuel-air-explosive	fae
fuel-pod	pod
fugitive	momentary
fugo	balloon-bomb
fuji	fuji-san,fujinoyama,fujiyama,mount-fuji
fuji-san	fuji
fujinoyama	fuji
fujiyama	fuji
fukien	amoy
fukkianese	amoy
ful	fula,fulani,peul
fula	ful,fulah,fulani,fulbe,peul
fulah	fellata,fula,fulani,fulbe
fulani	ful,fula,fulah,fulbe,peul
fulbe	fellata,fula,fulah,fulani
fulfil	accomplish,action,carry-out,carry-through,execute,fulfill,satisfy
fulfill	accomplish,action,carry-out,carry-through,execute,fulfil,satisfy
fulgent	blazing,glaring,glary
fulgid	aglitter,coruscant,glinting,glistering,glittering,glittery,scintillant,scintillating
fulgurant	dazzling
fulgurous	dazzling
fulica	genus-fulica
full	entire,fully,total
full-blooded	lusty
full-bosomed	bosomy,busty,curvy,sonsie,sonsy
full-cousin	cousin
full-dress	tails
full-gainer	gainer
full-grown	grown
full-length	uncut
fully	full,to-the-full
fully-grown	grown
fulmar	fulmar-petrel,fulmarus-glacialis
fulmar-petrel	fulmar
fulmarus-glacialis	fulmar
fulsome	smarmy,soapy
fulsomeness	smarm
fumble	bodge,flub,grope,spoil
fume	reek,smoke
fumes	exhaust,exhaust-fumes
fumimaro-konoe	konoe
fumimaro-konoye	konoe
fun	merriment,playfulness
function	map,mapping,mathematical-function,role,serve,single-valued-function
functional	useable
functionary	official
fund	monetary-fund
fundament	buns,nates
fundamental	cardinal,central,key,primal
fundamental-principle	basics
fundamentally	basically,essentially
fundamentals	basics
funding	financing
funds	cash-in-hand,finances,monetary-resource,pecuniary-resource
funeral-pyre	pyre
fungal	fungous
fungi	fungus-kingdom,kingdom-fungi
fungia	genus-fungia
fungous	fungal
fungus-gnat	sciara
fungus-kingdom	fungi
funk	cringe,flinch,quail,recoil,wince
funka	genus-funka,genus-hosta,hosta
funky	fetid,foetid,smelly
funnel	funnel-shape
funnel-shape	funnel
funny	amusing,comic,comical,curious,fishy,laughable,mirthful,peculiar,queer,risible,rum,rummy
funny-farm	bedlam
funny-house	bedlam
fuqra	jamaat-ul-fuqra,tanzimul-fuqra
fur	pelt
furan	furane,furfuran
furane	furan
furbish-up	fix,mend,repair
furfuran	furan
furious	enraged,ferocious,fierce,maddened,raging,savage
furl	roll-up
furled	rolled
furnish	provide,render,supply
furniture	article-of-furniture,piece-of-furniture
furor	craze,cult,fad,furore,rage
furore	craze,fad,furor
furosemide	lasix
furred	furry
furrow	wrinkle
furry	furred
further	encourage,farther,foster,promote
furthermore	moreover,what-is-more
furtive	sneak,sneaky,stealthy,surreptitious
fury	frenzy,madness,rage
furze	gorse,irish-gorse,ulex-europaeus,whin
fusain	charcoal
fuscous	taupe
fuse	blend,coalesce,commingle,conflate,flux,fusee,fuze,fuzee,immix,meld,mix
fused	amalgamate,amalgamated,coalesced,consolidated
fusee	fuse,fuze,fuzee,primer,priming
fusillade	salvo,volley
fusion	merger,unification
fuss	ado,flurry,fret,niggle,tiff,tizzy
fussy	bad-tempered,crabbed,crabby,cross,finicky,grouchy,grumpy,ill-tempered,picky
fustian	blah,rant
fusty	musty,nonprogressive,standpat,unprogressive
futile	bootless,fruitless,sleeveless,vain
future	futurity,hereafter,time-to-come
futurity	future
fuze	fuse,fusee,fuzee,primer,priming
fuzee	fuse,fusee,fuze,primer,priming
fuzz	blur,cop,hair,tomentum
fuzzed	fuzzy
fuzzy	blurred,blurry,fuzzed
g	gee,gm,gram,shaw,thou,thousand
g-force	gee
ga	georgia,peach-state,tabun
gab	chin-wag,chin-wagging,chit-chat,chitchat,gabfest,gossip,small-talk,tittle-tattle
gaba	gamma-aminobutyric-acid
gabardine	smock
gabble	chatter,clack,maunder,palaver,piffle,prate,tittle-tattle,twaddle
gabby	chatty,garrulous,loquacious,talkative,talky
gaberdine	smock
gabfest	gab,gossip
gable	gable-end,gable-wall
gable-end	gable
gable-wall	gable
gabon	gabonese-republic,gabun
gabonese-republic	gabon,gabun
gabor	dennis-gabor
gabun	gabon,gabonese-republic
gad	spur
gadfly	blighter,cuss,pest,pesterer
gadget	appliance,contraption,contrivance,convenience,gismo,gizmo,widget
gadoid	gadoid-fish
gadoid-fish	gadoid
gadolinium	gd
gadus	genus-gadus
gaea	gaia,ge
gaelic	celtic,erse
gaffe	faux-pas,gaucherie,slip,solecism
gaffer	boss,foreman
gag	jape,jest,joke,laugh,quip
gaga	crazy,dotty,senile,wild
gage	dope,gauge,sens,sess
gaia	gaea,ge
gaiety	merriment
gain	derive,earn,reach
gainer	full-gainer
gainful	paid,paying
gainsay	challenge
gait	pace
gaius	caligula,gaius-caesar
gaius-caesar	gaius
gaius-julius-caesar	caesar
gaius-plinius-secundus	pliny
gal	gallon
gala	blowout,gala-affair,jamboree
gala-affair	gala
galago	bush-baby,bushbaby
galax	beetleweed,coltsfoot,galax-urceolata,galaxy,wandflower
galax-urceolata	galax
galaxy	galax
galeras	pasto
galictis-vittatus	grison
gall	bile,bitterness,chafe,cheekiness,crust,freshness,impertinence,impudence,insolence,irk,rancor,resentment
gallant	dashing,dude,fop,sheik
gallantry	heroism,valor,valour
galled	chafed
gallery	veranda
galley	caboose,cookhouse,ship's-galley
galley-slave	navvy,peon
gallia	gaul
gallic	french
galling	annoying,bothersome,irritating,nettlesome,pesky,pestering,pestiferous,plaguy,vexing
gallon	gal
gallous	gibbet
gallows-tree	gibbet
gallus	brace,suspender
galore	abounding
galosh	arctic,golosh,gumshoe,rubber
galvanic	voltaic
galvanic-skin-response	gsr
galvanise	startle
galvanize	startle
gamba	bass-viol,viola-da-gamba
gambit	ploy
gamble	adventure,chance,hazard,risk,run-a-risk,take-a-chance,take-chances
gambling	gaming,play
gambling-casino	casino
gamboge	maize
gambol	caper,cavort,frolic,play,romp
game	biz,gamey,gamy,gimpy,lame,plot,spunky
gameness	gimp
gamey	game,gamy,gritty,mettlesome,risque,spicy,spirited,spunky
gamin	street-arab,throwaway
gaming	gambling,play
gamma-aminobutyric-acid	gaba
gamma-hydroxybutyrate	ghb
gammon	ham
gamow	george-gamow
gamp	brolly
gamy	game,gamey,gritty,mettlesome,risque,spicy,spirited,spunky
gand	gent,ghent
ganef	ganof,gonif,goniff
gang	mob,pack,ring
gangling	gangly,lanky,rangy
gangly	gangling,lanky,rangy
gangrene	necrosis
gangster	mobster
gangster's-moll	moll
gangway	aisle
ganja	cannabis,marihuana,marijuana
ganof	ganef,gonif,goniff
ganoid	ganoid-fish
ganoid-fish	ganoid
ganoin	ganoine
ganoine	ganoin
gansu	gansu-province,kansu
gansu-province	gansu,kansu
gantry	gauntry
gaol	clink,imprison,jail,jailhouse,pokey,poky,slammer
gap	col,spread
gape	gawk,gawp,goggle
gaping	agape
gar	billfish,needlefish
garand	garand-rifle
garand-rifle	garand
garb	attire,clothe,dress,tog
garbage	food-waste,refuse,scraps
garbage-can	ashbin,ashcan,dustbin
garbed	appareled,attired,dressed,garmented,habilimented,robed
garble	distort,falsify,warp
garbled	confused,disconnected,disjointed,disordered,illogical,scattered,unconnected
garbo	greta-garbo,greta-louisa-gustafsson
garboil	tumult,uproar
garcia-lorca	lorca
garden-cart	barrow
garden-of-eden	eden
garden-state	nj
gardener	nurseryman
gargantuan	giant,jumbo
garget	scoke
gari	bitter-cassava,mandioc,mandioca,manihot-esculenta,manihot-utilissima,manioc,tapioca-plant
garish	brassy,cheap,flash,flashy,gaudy,gimcrack,loud,meretricious,tacky,tatty,tawdry,trashy
garishness	glitz
garland	lei,wreath
garlic	ail
garlic-sauce	aioli
garment	clothe,tog
garmented	attired,dressed,garbed,robed
garner	earn,gather,granary
garret	attic,loft
garrison	fort
garrulous	gabby,talky
garter	supporter
gas	boast,brag,gaseous-state
gas-embolism	bends
gasbag	envelope
gaseous-state	gas
gash	slash
gasp	heave,pant,puff
gassy	colicky,flatulent
gastrointestinal	gi
gastronome	gourmet
gat	rod
gatekeeper	doorman,porter
gates	bill-gates,william-henry-gates
gateway-to-the-west	st
gather	amass,collect,garner,pull-together
gather-up	pick-up
gathering	assemblage,assembly
gator	alligator
gauche	graceless,unpolished
gaucheness	crudity
gaucherie	gaffe
gaud	bangle,bauble,fallal,gewgaw,novelty,trinket
gaudi	antonio-gaudi,antonio-gaudi-i-cornet,gaudi-i-cornet
gaudi-i-cornet	gaudi
gaudiness	glitz
gaudy	flashy,garish,jazzy,showy,sporty,tacky,tatty,tawdry,trashy
gauffer	goffer
gauge	approximate,estimate,gage,guess,judge
gaul	gallia
gaultheria-shallon	salal
gaunt	bony,cadaverous,emaciated,haggard,pinched,skeletal,wasted
gauntry	gantry
gaur	bibos-gaurus
gautama	buddha
gautama-buddha	buddha
gautama-siddhartha	buddha
gauze	netting,veiling
gauze-like	filmy,gauzy
gauzy	diaphanous,filmy,gauze-like,gossamer,see-through,sheer,transparent,vaporous
gavage	forced-feeding
gavia	genus-gavia
gavial	gavialis-gangeticus
gavialis-gangeticus	gavial
gawk	gape,gawp,goggle,lout,lummox,oaf
gawky	clumsy,clunky,ungainly,unwieldy
gawp	gape,gawk,goggle
gay	braw,cheery,festal,festive,jocund,jolly,jovial,merry,sunny
gayal	bibos-frontalis,mithan
gayly	blithely,happily,jubilantly,merrily,mirthfully
gaza	gaza-strip
gaza-strip	gaza
gaze	stare
gazebo	summerhouse
gazelle-hound	saluki
gazump	rob
gb	gbit,great-britain,sarin
gbit	gb,gigabit
gc	ghz,gigacycle,gigacycle-per-second,gigahertz
gcse	o-level
gd	gadolinium,soman
gdp	gross-domestic-product
ge	gaea,gaia
gean	mazzard,mazzard-cherry
gear	pitch
gear-up	prepare
geb	keb
gee	g,g-force
geek	eccentric,eccentric-person,flake,oddball
geezerhood	years
gel	gelatin
gelatin	gel
geld	cut
gelded	cut,emasculated
gelid	arctic,frigid,glacial,icy,polar
gelidity	chill
gelignite	gelly
gelly	gelignite
gelt	boodle,bread,cabbage,clams,dinero,dough,kale,lettuce,pelf
gem	jewel,treasure
gem-state	idaho
gemfibrozil	lopid
gemini	twins
gemini-the-twins	twins
gemmed	beady,jeweled,jewelled,sequined,spangled,spangly
gender	grammatical-gender
gene	cistron,factor
gene-kelly	kelly
general	universal
general-anatomy	anatomy
general-headquarters	ghq
general-practitioner	gp
generalise	generalize
generalize	extrapolate,generalise,infer
generally	broadly,by-and-large,more-often-than-not,mostly
generate	beget,bring-forth,sire
generation	coevals,contemporaries,genesis
genesis	generation
genet	genetta-genetta
genetic	familial,genic,hereditary,inherited,transmissible,transmitted
genetical	genic
genetta-genetta	genet
geneva	genf
geneve	genf
genf	geneva,geneve
genial	affable,amiable,cordial
genially	affably
genic	genetic,genetical
genie	djinn,djinni,djinny,jinnee,jinni
genip	ginep,spanish-lime
genipa-americana	jagua
genipap-fruit	jagua
genista-raetam	retem
genital-organ	crotch
genitalia	crotch
genitals	crotch
genitourinary	gu
genius	brilliance,flair,maven,mavin,whizz,wiz,wizard
genoa	genova
genova	genoa
gens	name
gent	bloke,chap,cuss,fella,fellow,gand,ghent,lad
genteel	cultured
gentile	goy,pagan
gentle	appease,pacify,soft
gentle-wind	breeze
gentleman	valet
gentleman's-gentleman	valet
gentlewoman	ma'am,madam
gentry	aristocracy
genu	articulatio-genus,human-knee,knee,knee-joint
genuine	echt,literal
genuinely	really,truly
genuineness	authenticity
genus-abies	abies
genus-acarus	acarus
genus-acer	acer
genus-acheta	acheta
genus-acris	acris
genus-actias	actias
genus-adalia	adalia
genus-aedes	aedes
genus-agonus	agonus
genus-aix	aix
genus-ajaia	ajaia
genus-ajuga	ajuga
genus-alauda	alauda
genus-albula	albula
genus-alca	alca
genus-alcea	alcea
genus-alcedo	alcedo
genus-alces	alces
genus-alnus	alnus
genus-alopex	alopex
genus-alosa	alosa
genus-alytes	alytes
genus-amia	amia
genus-anabas	anabas
genus-anas	anas
genus-anasa	anasa
genus-anguis	anguis
genus-anhima	anhima
genus-anolis	anolis
genus-anomia	anomia
genus-anser	anser
genus-anthus	anthus
genus-aotus	aotus
genus-aphis	aphis
genus-apios	apios
genus-apis	apis
genus-apium	apium
genus-aplysia	tethys
genus-apogon	apogon
genus-apus	apus
genus-aquila	aquila
genus-ara	ara
genus-aramus	aramus
genus-aranea	aranea
genus-araneus	aranea
genus-arca	arca
genus-ardea	ardea
genus-arilus	arilus
genus-arius	arius
genus-asio	asio
genus-aspis	aspis
genus-ateles	ateles
genus-athene	athene
genus-avahi	avahi
genus-avena	avena
genus-aythya	aythya
genus-bankia	bankia
genus-batis	batis
genus-bibos	bibos
genus-bitis	bitis
genus-blatta	blatta
genus-bombus	bombus
genus-bombyx	bombyx
genus-bonasa	bonasa
genus-bos	bos
genus-brama	brama
genus-branta	branta
genus-brya	brya
genus-bryum	bryum
genus-bubo	bubo
genus-butea	butea
genus-buteo	buteo
genus-buxus	buxus
genus-cadra	cadra
genus-calla	calla
genus-canis	canis
genus-capra	capra
genus-capros	capros
genus-caranx	caranx
genus-carex	carex
genus-carum	carum
genus-carya	carya
genus-castor	castor
genus-catha	catha
genus-cavia	cavia
genus-cebus	cebus
genus-ceiba	ceiba
genus-cerastes	aspis
genus-cervus	cervus
genus-ceryle	ceryle
genus-cestum	cestum
genus-chara	chara
genus-chauna	chauna
genus-cicer	cicer
genus-cimex	cimex
genus-clupea	clupea
genus-cocos	cocos
genus-corixa	corixa
genus-corvus	corvus
genus-cottus	cottus
genus-crax	crax
genus-crex	crex
genus-culex	culex
genus-cuon	cuon,cyon
genus-cyamus	cyamus
genus-cycas	cycas
genus-cygnus	cygnus
genus-cynips	cynips
genus-cyon	cuon,cyon
genus-dacelo	dacelo
genus-dalea	dalea
genus-dama	dama
genus-danaus	danaus
genus-diodon	diodon
genus-dipus	dipus
genus-dirca	dirca
genus-draco	draco
genus-dryas	dryas
genus-durio	durio
genus-eacles	eacles
genus-eira	eira
genus-elanus	elanus
genus-elaphe	elaphe
genus-elops	elops
genus-ensis	ensis
genus-equus	equus
genus-erolia	erolia
genus-eruca	eruca
genus-esox	esox
genus-eumops	eumops
genus-fagus	fagus
genus-falco	falco
genus-felis	felis
genus-fenusa	fenusa
genus-ficus	ficus
genus-fomes	fomes
genus-fulica	fulica
genus-fungia	fungia
genus-funka	funka,hosta
genus-gadus	gadus
genus-gavia	gavia
genus-geomys	geomys
genus-gerea	gerea
genus-gerres	gerres
genus-gerris	gerris
genus-geum	geum
genus-glaux	glaux
genus-glis	glis
genus-gobio	gobio
genus-grias	grias
genus-grus	grus
genus-gulo	gulo
genus-gyps	gyps
genus-hakea	hakea
genus-haldea	haldea
genus-harpia	harpia
genus-helix	helix
genus-hevea	hevea
genus-hirudo	hirudo
genus-homona	homona
genus-hosta	funka,hosta
genus-hyla	hyla
genus-ilex	ilex
genus-irena	irena
genus-isurus	isurus
genus-ixia	ixia
genus-ixodes	ixodes
genus-jynx	jynx
genus-khaya	khaya
genus-kobus	kobus
genus-kogia	kogia
genus-lama	lama
genus-lambis	lambis
genus-lamna	lamna
genus-lanius	lanius
genus-larix	larix
genus-larus	larus
genus-lates	lates
genus-layia	layia
genus-ledum	ledum
genus-lemmus	lemmus
genus-lemna	lemna
genus-lepas	lepas
genus-lepus	lepus
genus-limax	limax
genus-limosa	limosa
genus-linum	linum
genus-liomys	liomys
genus-lonas	lonas
genus-lota	lota
genus-lovoa	lovoa
genus-loxia	loxia
genus-lunda	lunda
genus-lutra	lutra
genus-lycosa	lycosa
genus-lygus	lygus
genus-macaca	macaca
genus-madia	madia
genus-maia	maia,maja
genus-maja	maia,maja
genus-malus	malus
genus-malva	malva
genus-mammut	mammut
genus-manis	manis
genus-martes	martes
genus-mastodon	mammut
genus-mazama	mazama
genus-meles	meles
genus-melia	melia
genus-menura	menura
genus-mergus	mergus
genus-merops	merops
genus-mesua	mesua
genus-milvus	milvus
genus-mimus	mimus
genus-mnium	mnium
genus-mobula	mobula
genus-molva	molva
genus-morone	morone
genus-morus	morus
genus-mugil	mugil
genus-mullus	mullus
genus-mus	mus
genus-musa	musa
genus-musca	musca
genus-mya	mya
genus-myopus	myopus
genus-myotis	myotis
genus-mysis	mysis
genus-myxine	myxine
genus-naias	naias,najas
genus-naja	naja
genus-najas	naias,najas
genus-nasua	nasua
genus-natrix	natrix
genus-neomys	neomys
genus-nepa	nepa
genus-nestor	nestor
genus-nipa	nypa
genus-noctua	noctua
genus-nomia	nomia
genus-numida	numida
genus-nypa	nypa
genus-nyssa	nyssa
genus-ochna	ochna
genus-okapia	okapia
genus-olea	olea
genus-oryza	oryza
genus-ostrea	ostrea
genus-otaria	otaria
genus-otis	otis
genus-otus	otus
genus-ovibos	ovibos
genus-ovis	ovis
genus-oxyura	oxyura
genus-padda	padda
genus-pagrus	pagrus
genus-panax	panax
genus-papio	papio
genus-parula	parula
genus-parus	parus
genus-passer	passer
genus-pavo	pavo
genus-peneus	peneus
genus-perca	perca
genus-perdix	perdix
genus-pernis	pernis
genus-phoca	phoca
genus-pholas	pholas
genus-pholis	pholis
genus-pica	pica
genus-picea	picea
genus-picus	picus
genus-pieris	pieris
genus-pilea	pilea
genus-pineus	pineus
genus-pinus	pinus
genus-pipa	pipa
genus-pipile	pipile
genus-pipilo	pipilo
genus-pipra	pipra
genus-pisum	pisum
genus-poa	poa
genus-pongo	pongo
genus-potos	potos
genus-prinia	prinia
genus-progne	progne
genus-psenes	psenes
genus-psetta	psetta
genus-psithyrus	psithyrus
genus-ptyas	ptyas
genus-pulex	pulex
genus-pyrus	pyrus
genus-raja	raja
genus-rana	rana
genus-raphus	raphus
genus-rattus	rattus
genus-rheum	rheum
genus-rhus	rhus
genus-ribes	ribes
genus-rissa	rissa
genus-roccus	roccus
genus-rosa	rosa
genus-rubia	rubia
genus-rubus	rubus
genus-rumex	rumex
genus-ruta	ruta
genus-sabal	sabal
genus-salix	salix
genus-salmo	salmo
genus-samia	samia
genus-sarda	sarda
genus-selar	selar
genus-selene	selene
genus-sialia	sialia
genus-sialis	sialis
genus-sida	sida
genus-silvia	silvia
genus-sison	sison
genus-sitta	sitta
genus-sium	sium
genus-solea	solea
genus-sonora	sonora
genus-sorex	sorex
genus-spalax	spalax
genus-spinus	spinus
genus-sterna	sterna
genus-strix	strix
genus-sula	sula
genus-surnia	surnia
genus-sus	sus
genus-tacca	tacca
genus-tamias	tamias
genus-tamus	tamus
genus-taxus	taxus
genus-termes	termes
genus-tethus	tethys
genus-tetrao	tetrao
genus-thuja	thuja
genus-tilia	tilia
genus-tinca	tinca
genus-tinea	tinea
genus-todea	todea
genus-todus	todus
genus-toona	toona
genus-trapa	trapa
genus-trema	trema
genus-triga	triga
genus-tringa	tringa
genus-triops	triops
genus-tsuga	tsuga
genus-tuber	tuber
genus-tunga	tunga
genus-tupaia	tupaia
genus-turdus	turdus
genus-turnix	turnix
genus-typha	typha
genus-tyto	tyto
genus-uca	uca
genus-ulex	ulex
genus-ulmus	ulmus
genus-ulva	ulva
genus-uma	uma
genus-unio	unio
genus-upupa	upupa
genus-uria	uria
genus-ursus	ursus
genus-usnea	usnea
genus-uta	uta
genus-vespa	vespa
genus-vicia	vicia
genus-vidua	vidua
genus-vigna	vigna
genus-vinca	vinca
genus-vipera	vipera
genus-vitis	vitis
genus-volvox	volvox
genus-vulpes	vulpes
genus-vultur	vultur
genus-xyris	xyris
genus-zapus	zapus
genus-zea	zea
genus-zeus	zeus
geographic-expedition	exploration
geological-dating	dating
geometric	geometrical
geometrical	geometric
geomys	genus-geomys
georg-simon-ohm	ohm
george-bernard-shaw	shaw
george-boole	boole
george-bush	dubya
george-eliot	eliot
george-gamow	gamow
george-gordon-meade	meade
george-lucas	lucas
george-m	cohan
george-michael-cohan	cohan
george-segal	segal
george-szell	szell
george-w	dubya
george-walker-bush	dubya
georges-bizet	bizet
georgia	ga,peach-state
georgia-home-boy	goop,max
gerbil	gerbille
gerbille	gerbil
gerea	genus-gerea
germ	seed,source
german-capital	berlin
german-nazi	nazi
germany	deutschland,frg
germinate	develop,sprout
gerres	genus-gerres
gerris	genus-gerris
gestate	conceive
gestural	nonverbal
gesture	motion
get	acquire,arrive,baffle,become,beget,begin,commence,fetch,have,let,make,puzzle
get-a-line	discover,hear
get-across	cross,traverse
get-around	bypass
get-at	annoy,irritate,vex
get-away	escape
get-behind	trail
get-by	cope,grapple
get-down	begin,commence,depress,dismount,lower,start,swallow
get-go	outset
get-hitched-with	marry,wed
get-hold-of	take
get-in	come-in,enter,go-into
get-into	come-in,don,enter,go-into
get-laid	eff
get-married	marry,wed
get-off	dismount,mail
get-out	exit,go-out,leave
get-over	cross,traverse
get-rid-of	abolish,eliminate
get-the-better-of	defeat,overcome
get-the-picture	comprehend,grok,savvy
get-to	annoy,irritate,vex
get-together	collaborate,cooperate,join
get-up	lift,stand-up
get-wind	discover,hear
get-word	discover,hear
geta	clog,patten,sabot
getup	outfit,rig,turnout
geum	genus-geum
gewgaw	bangle,bauble,fallal,gaud,novelty,trinket
ghana	gold-coast,republic-of-ghana
ghastly	grim,grisly,gruesome,macabre,sick
ghb	gamma-hydroxybutyrate
gheg	gheg-dialect
gheg-dialect	gheg
ghent	gand,gent
ghillie	gillie
ghost	haunt,obsess,shade,specter,spectre,spook,wraith
ghostlike	ghostly
ghostly	apparitional,ghostlike,phantasmal,spectral,spiritual
ghoul	body-snatcher,graverobber
ghq	command-post,general-headquarters
ghz	gc,gigacycle,gigacycle-per-second,gigahertz
gi	gastrointestinal
gia	armed-islamic-group
giambattista-lulli	lulli,lully
giant	elephantine,gargantuan,jumbo,whale
giant-armadillo	tatou,tatu
gibber	gibberish
gibberish	gibber
gibbet	gallous,gallows-tree
gibbon	hylobates-lar
gibbosity	bulge,hump
gibbous	humped
gibbousness	bulge,hump
gibbs	josiah-willard-gibbs
gibe	barb,correspond,dig,jeer,jibe,match,scoff,shaft,shot,slam
gibelike	mocking
gibibit	gibit
gibit	gibibit
gibraltar	calpe
giddily	dizzily
giddy	airheaded,dizzy,empty-headed,featherbrained,light-headed,lightheaded,silly,woozy
gide	andre-gide
gift	endow,endue,giving,indue,talent
gifted	talented
gigabit	gbit
gigacycle	gc,ghz
gigacycle-per-second	gc,ghz
gigahertz	gc,ghz
gigantic	mammoth
giggle	titter
gigot	leg-of-lamb
gigue	jig
gila	gila-river
gila-river	gila
gild	begild,engild,guild
gilded	aureate,gilt,gold,golden,opulent
gill	branchia
gilled	branchiate
gillie	ghillie
gilt	aureate,gilded,gold,golden
gimcrack	frill,garish,tacky,tatty,tawdry,trashy
gimcrackery	frill
gimlet	auger,screw-auger,wimble
gimmick	doodad
gimp	claudication,gameness,gimpiness,hobble,lameness,limping
gimpiness	gimp
gimpy	crippled,game,halt,halting,lame
gin	gin-rummy,knock-rummy
gin-mill	pub
gin-rummy	gin
ginep	genip,honey-berry,mamoncillo,melicocca-bijuga,melicocca-bijugatus,spanish-lime,spanish-lime-tree
ginger	gingery,pep
gingery	ginger
gingiva	gum
gingko	ginkgo
ginkgo	gingko,ginkgo-biloba,maidenhair-tree
ginkgo-biloba	ginkgo
ginmill	bar,barroom,saloon,taproom
ginzo	dago,greaseball,guinea,wop
giordano-bruno	bruno
giovanni-cabato	cabot
gip	bunco,defraud,diddle,goldbrick,nobble,rook,swindle,victimize
gipsy	bohemian,gypsy,roma,romani,romany,rommany
gird	arm,build-up,fortify
girdle	corset,sash,stays
girl	daughter,female-child,fille,little-girl,missy
girlish	schoolgirlish
girth	cinch
gish	lillian-gish
gismo	appliance,contraption,contrivance,convenience,doodad,gadget,gizmo,widget
gist	center,centre,core,essence,heart,heart-and-soul,kernel,nub,substance
git	bum,dirty-dog,puke,rat,rotter,skunk,stinker,stinkpot
gita	bhagavad-gita,bhagavadgita
gittern	cither,citole
giulio-natta	natta
giuseppe-verdi	verdi
give	collapse,commit,dedicate,devote,impart,sacrifice,yield
give-and-take	banter
give-back	repay
give-chase	chase
give-in	accede,succumb
give-notice	notify
give-thanks	thank
give-tongue-to	utter
give-up	cease,cede,forfeit,quit,relinquish,resign,surrender,vacate
give-vent	vent
give-way	collapse
given	granted
giver	donor
giving	gift
giza	el-giza,gizeh
gizeh	el-giza,giza
gizmo	appliance,contraption,contrivance,convenience,doodad,gadget,gismo,widget
glace	candied,crystalised,crystalized
glacial	gelid,icy
glad	beaming
glade	clearing
gladly	fain,lief
glamor	glamour
glamour	glamor
glance	glimpse,glint,peek
gland	secreter,secretor,secretory-organ
glare	glower
glaring	blazing,blinding,crying,dazzling,fulgent,glary
glary	blazing,blinding,dazzling,fulgent,glaring
glass	meth,shabu,trash
glasses	eyeglasses,specs,spectacles
glassy	glazed
glaux	genus-glaux
glazed	glassy
gleam	gleaming,glint,glisten,glitter,glow,lambency
gleaming	agleam,gleam,nitid
glean	harvest,reap
glee	gleefulness,hilarity,mirth,mirthfulness
gleeful	elated,joyful,jubilant
gleefulness	glee,mirth
glen-gebhard	salim
glenn	john-glenn,john-herschel-glenn-jr
glia	neuroglia
glib	glib-tongued,smooth-tongued
glib-tongued	glib
glibly	slickly
glide-by	elapse
glider	sailplane
glimmer	inkling
glimmering	inkling
glimpse	coup-d'oeil,glance
glint	glance,gleam,glisten,glitter,shine
glinting	aglitter,coruscant,fulgid,glistering,glittering,glittery,scintillant,scintillating
glis	genus-glis
glis-glis	loir
glisten	gleam,glint,glitter,shine
glistening	sheeny,shiny
glistering	fulgid,glinting,glittering
glitter	gleam,glint,glisten,shine
glittering	aglitter,coruscant,fulgid,glinting,glistering,glittery,scintillant,scintillating
glittery	fulgid,glinting,glittering
glitz	brashness,flashiness,garishness,gaudiness,loudness,meretriciousness,tawdriness
gloam	crepuscle,crepuscule,dusk,evenfall,fall,gloaming,nightfall,twilight
gloaming	dusk,gloam,nightfall
gloat	crow,triumph
glob	ball,chunk,clod,clump,lump
global	planetary,world,world-wide,worldwide
globe	earth,world
globefish	puffer
glom	cop,hook,knock-off,snitch,thieve
gloom	somberness,sombreness
gloomful	gloomy
glooming	gloomy
gloomy	dismal,drear,gloomful,glooming,sulky
glop	mush,slop,treacle
glorification	glory
glorify	exalt,extol,laud,proclaim
gloriole	halo,nimbus
glorious	magnificent,splendid
glory	glorification,halo,nimbus
gloss	color,colour,glossary,semblance
glossa	clapper,lingua,tongue
glossary	gloss
glossina	tsetse,tzetze
glossy	sheeny,shiny,showy
glove	baseball-glove,baseball-mitt,mitt
glow	gleam
glower	frown,glare,lour
glowering	dour,morose,sullen
glue	paste
glued	pasted
gluey	glutinous,gummy,mucilaginous,pasty,sticky,viscid,viscous
glum	dour,morose,sullen
glumly	dourly,sullenly
glut	englut,engorge,gorge,ingurgitate,overeat,overgorge,overindulge,stuff
glute	gluteal-muscle,gluteus,gluteus-muscle
gluteal-muscle	glute
gluteus	glute
gluteus-muscle	glute
glutinous	gluey,gummy,pasty,sticky,viscid
gluttonise	fress
gluttonize	fress
gluttony	gula
glycerin	glycerine
glycerine	glycerin,glycerol
glycerol	glycerine
glycine-max	soja
glycol	diol
gm	g,gram,gramme
gmt	greenwich-mean-time,greenwich-time,universal-time,ut
gnarl	knot
gnarled	gnarly
gnarly	gnarled,knobbed,knotted,knotty
gnawer	rodent
gnome	dwarf
gnp	gross-national-product
gnu	wildebeest
gnu-goat	takin
go	become,croak,depart,die,locomote,move,perish,survive,travel,xtc
go-across	pass
go-after	chase
go-against	violate
go-ahead	initiative
go-along	continue,elapse,go-on
go-around	bypass,rotate
go-away	depart,disappear,vanish
go-by	elapse
go-cart	pram,pusher,walker
go-down	descend,wane
go-in	come-in,enter,go-into
go-into	come-in,enter,get-in,get-into,go-in,move-into
go-on	continue,go-along,happen,keep,occur,proceed,take-place
go-out	exit,get-out,leave
go-over	check
go-through	pass
go-to	attend
go-up	approach,ascend,climb,rise
go-with	accompany
goad	prod,spur
goaded	driven
goading	spur
goal	end
goalie	goalkeeper,goaltender,netkeeper
goalkeeper	goalie
goaltender	goalie
goat	caprine-animal
gob	cakehole,hole,maw,seaman,trap,yap
gobble	bolt
gobbler	tom
gobi	gobi-desert
gobi-desert	gobi
gobio	genus-gobio
goblet	chalice
gobs	dozens,heaps,loads,lots,piles,scores,stacks,tons
goby	gudgeon
god	deity,divinity,idol,supreme-being
god's-acre	churchyard
god-almighty	creator,lord
god-fearing	devout
god-tree	kapok
goddam	blame,blamed,blasted,blessed,damn,damned,darned,deuced
goddamn	damn
goddamned	blame,blamed,blasted,blessed,damn,damned,darned,deuced
godel	kurt-godel
godhead	creator,lord
godless	irreverent
godlike	divine
godly	divine
godsend	bunce,gravy
goer	departer,leaver
goffer	gauffer
goggle	gape,gawk,gawp
goggle-box	telly
gogh	van-gogh,vincent-van-gogh
goidelic	erse
going	departure,leaving
going-away	departure,leaving
going-over	earful
goiter	goitre
goitre	goiter,struma,thyromegaly
golan	golan-heights
golan-heights	golan
gold	amber,gilded,gilt,golden
gold-coast	ghana
gold-rush	bunce,gravy
golda-meir	meir
goldbrick	defraud,gip,shirk,swindle
golden	aureate,gilded,gilt,gold
golden-ager	oldster
golden-buttons	tansy
golden-gram	mung
golden-oldie	oldie
golden-state	ca,calif,california
golem	automaton,robot
golf	golf-game
golf-game	golf
golf-links	links
golf-player	golfer
golfer	golf-player,linksman
golgi	camillo-golgi
golosh	arctic,galosh,gumshoe,rubber
gomel	homel,homyel
gonad	sex-gland
gone	bygone,bypast,deceased,done-for,kaput
goner	toast
gong	bell,chime
gonif	ganef,ganof,goniff
goniff	ganef,ganof,gonif
gonne	maud-gonne
gonzo	bizarre,eccentric,flakey,flaky,freakish,freaky,off-the-wall,outlandish,outre
goo	gook,goop,guck,gunk,muck,ooze,slime,sludge
good	adept,beneficial,commodity,goodness,respectable,skillful,well
good-book	bible,scripture
good-by	adieu,adios,bye
good-deal	lot,mint,slew
good-hearted	kindly
good-looking	handsome
good-shepherd	christ,jesus,savior
goodby	adieu,adios,arrivederci,au-revoir,auf-wiedersehen,bye,bye-bye,cheerio
goodish	goodly,tidy
goodly	goodish,healthy,hefty,respectable,sizable,sizeable,tidy
goodness	good
goody	dainty,delicacy,kickshaw,treat
gooey	icky
goof	blunder,boob,clown,drop-the-ball,jackass,sin
goofball	clown,jackass
goofy	cockamamie,cockamamy,sappy,silly,wacky,whacky,zany
googly	bosie,bosie-ball,wrong-'un
gook	goo,guck,gunk,slant-eye
goon	hood,hoodlum,lout,lummox,oaf,punk,strong-armer,thug,tough,toughie
gooney	black-footed-albatross,diomedea-nigripes,gooney-bird,goonie,goony
gooney-bird	gooney,goonie,goony
goonie	black-footed-albatross,diomedea-nigripes,gooney,gooney-bird,goony
goony	black-footed-albatross,diomedea-nigripes,gooney,gooney-bird,goonie
goop	easy-lay,georgia-home-boy,goo,grievous-bodily-harm,guck,gunk,liquid-ecstasy,max,scoop,soap
goose	jackass
goose-egg	aught,nada,nil,nix,nothing
goosefish	angler,lotte
gooselike	dopey,dopy,goosey,goosy,jerky
goosey	anserine,dopey,dopy,foolish,gooselike,goosy,jerky
goosy	anserine,dopey,dopy,foolish,gooselike,goosey,jerky
gop	republican-party
gopher	gopher-tortoise,gopher-turtle,gopherus-polypemus
gopher-state	minnesota,mn
gopher-tortoise	gopher
gopher-turtle	gopher
gopherus-polypemus	gopher
goral	naemorhedus-goral
gore-vidal	vidal
gorge	englut,engorge,glut,gullet,ingurgitate,overeat,overgorge,overindulge,stuff
gorki	gorkiy,gorky,nizhni-novgorod,nizhnyi-novgorod
gorkiy	gorki,gorky
gorky	gorki,gorkiy,nizhni-novgorod,nizhnyi-novgorod
gorse	furze,irish-gorse,ulex-europaeus,whin
gory	bloodstained
gospel	evangel,gospels
gospel-of-luke	luke
gospels	evangel,gospel
gossamer	filmy,gauzy
gossip	chin-wag,chin-wagging,chit-chat,chitchat,gab,gabfest,small-talk,tittle-tattle
gossipy	chatty,newsy
goth	boor
gouda	gouda-cheese
gouda-cheese	gouda
goudy	frederic-goudy,frederic-william-goudy
gouge	ding,force-out
goujon	flathead-catfish,mudcat,pylodictus-olivaris,shovelnose-catfish,spoonbill-catfish
gould	jay-gould
gourd	calabash
gourmet	bon-vivant,epicure,epicurean,foodie,gastronome
gout	gouty-arthritis,urarthritis
gouty-arthritis	gout
govern	order,regularise,regularize,regulate
government	authorities,regime
government-agency	agency,bureau
gown	scrubs
goy	gentile,non-jew
goya	francisco-de-goya,francisco-goya,francisco-jose-de-goya,goya-y-lucientes
goya-y-lucientes	goya
gp	general-practitioner
gpa	grade-point-average
grab	catch,take-hold-of
grabby	avaricious,covetous,grasping,greedy,prehensile
grace	adorn,decorate,gracility
graceless	gauche
gracelessly	woodenly
gracility	grace
grad	alum,alumna,alumnus,graduate
grade	class,course,degree,form,level,score
grade-point-average	gpa
graded	ranked,stratified
grading	scaling
gradually	bit-by-bit,step-by-step
graduate	calibrate,grad
graeco-roman	hellenic
graf	steffi-graf,stephanie-graf
graft	grafting
grafting	graft
grail	holy-grail,sangraal
grainy	coarse-grained,farinaceous,granular,granulose,gritty,mealy
gram	g,gm,gramme
gram-molecule	mol
grama	grama-grass,gramma,gramma-grass
grama-grass	grama
gramma	grama
gramma-grass	grama
grammatic	grammatical
grammatical	grammatic
grammatical-gender	gender
gramme	gm,gram
grampus	orca
gran	grandma,grandmother,grannie,granny,nan,nanna
granary	garner
grand	exalted,expansive,heroic,lordly,opulent,thou,thousand,wonderful,wondrous
grand-canyon-state	az
grand-turk	sultan
grandeur	brilliance,grandness,magnificence,splendor,splendour
grandiloquent	pompous
grandma	gran,grandmother,grannie,granny,nan,nanna
grandmother	gran,grandma,grannie,granny,nan,nanna
grandness	grandeur,splendor
granger	farmer
granite-state	nh
granitelike	rocklike,stony
granitic	flinty,rocklike,stony
grannie	gran,grandma,grandmother,granny
granny	gran,grandma,grandmother,grannie,nan,nanna
grant	allow
granted	given
granth	adi-granth,granth-sahib
granth-sahib	granth
granular	coarse-grained,farinaceous,grainy,granulose,gritty,mealy
granulose	grainy,granular,gritty,mealy
grapey	grapy
graph	graphical-record
graphic	graphical,in-writing,lifelike,vivid
graphical	graphic
graphical-record	graph
graphite	black-lead,plumbago
grapple	contend,cope,deal,get-by,make-do,make-out,manage
grapy	grapey
grasp	appreciation,comprehend,grok,hold-on,savvy
grasping	grabby,greedy
grass	dope,sens,sess
grass-parakeet	budgie
grate	grating,scrape
grateful	thankful
gratify	indulge,satisfy
grating	grate,rasping,raspy
gratis	complimentary,costless,free,gratuitous
gratuitous	gratis,needless
grave	solemn,tomb
gravel	crushed-rock
gravelly	pebbly,rasping,raspy
gravely	badly,severely,soberly,staidly
graven	engraved,etched,incised,inscribed
graven-image	idol
graver	graving-tool,pointel,pointrel
graverobber	ghoul
graveyard	cemetery
gravid	big,enceinte,expectant,great,heavy,large,with-child
graving-tool	graver
gravitation	gravity
gravitational-force	gravity
gravity	gravitation,gravitational-force
gravy	bonanza,boom,bunce,godsend,gold-rush,manna-from-heaven,windfall
gray	grayish,grey,greyish,gy,hoar
gray-haired	hoar
gray-headed	hoar
gray-sea-eagle	ern,erne
graybeard	old-man
grayish	gray,grey
grayish-brown	fawn
grayly	greyly
graze	browse,crop,pasture,range
grazing-land	lea,ley,pasture
grease	grime,lubricating-oil,soil
greaseball	dago,ginzo,wop
greasy	oily,oleaginous,sebaceous
great	bully,dandy,gravid,nifty
great-ape	pongid
great-britain	britain,gb,uk
great-deal	lot,mint,slew
great-lakes-state	michigan
great-sandy-desert	dahna
great-toe	hallux
great-white-way	broadway
greatcoat	overcoat,topcoat
greater-london	london
greater-new-york	new-york
greatness	illustriousness
greave	jambeau
grecian	greek,hellenic
greco	el-greco
greco-roman	hellenic
greece	ellas,hellenic-republic
greed	avarice
greedily	avariciously,covetously
greedy	avaricious,covetous,grabby,grasping,prehensile
greegree	grigri
greek	grecian,hellenic
greek-capital	athens
green	dark-green,greenish,greens,light-green,unripe
green-goddess	dope,sens,sess
green-gram	mung
green-mountain-state	vermont,vt
greenhorn	rookie
greenish	green
greenish-blue	aqua
greens	green,leafy-vegetable
greensward	sod,sward,turf
greenwich-mean-time	gmt
greenwich-time	gmt
greet	recognise,recognize
greeting	salutation
gremlin	imp,pixie,pixy
gres-gris	grigri
greta-garbo	garbo
greta-louisa-gustafsson	garbo
grey	gray,grayish,greyish,hoar
grey-haired	hoar
grey-headed	hoar
grey-sea-eagle	ern,erne
greyback	johnny,reb,rebel
greybeard	old-man
greyed	dulled
greyish	gray,grey
greyish-brown	fawn
greyly	grayly
grias	genus-grias
grid	gridiron
gridiron	grid
grief	brokenheartedness,heartache,heartbreak
grief-stricken	bereft
grieg	edvard-grieg,edvard-hagerup-grieg
grievance	grudge
grieve	sorrow
griever	mourner
grieving	bereft
grievous-bodily-harm	goop,max
grigri	greegree,gres-gris
grill	grillroom
grille	lattice,wicket
grillroom	grill
grim	dismal,drear,ghastly,grisly,gruesome,inexorable,macabre,relentless,stern,unappeasable,unforgiving,unrelenting
grimace	make-a-face,pull-a-face
grime	colly,dirt,filth,grease,grunge,soil,stain
grimm	jakob-grimm,jakob-ludwig-karl-grimm
grimness	rigor
grimy	begrimed,dingy,grubby,grungy,raunchy
grin	grinning
grind	cranch,craunch,crunch,dweeb,swot,toil,wonk
grinder	hoagy,zep
grindle	bowfin
grinning	grin,smile,smiling
grip	suitcase
gripe	beef,bitch,kick,squawk
gripes	colic
griping	colic
grippe	flu
gripping	fascinating
gris	jaun-gris
grisly	ghastly,grim,gruesome,macabre,sick
grison	galictis-vittatus,grison-vittatus
grison-vittatus	grison
grit	backbone,gumption,guts,moxie,sand
grits	hominy-grits
gritty	coarse-grained,farinaceous,gamey,gamy,grainy,granular,granulose,mealy,spunky
grivet	cercopithecus-aethiops
grizzle	yawp
grizzly	hoar
groan	moan
groat	fourpence
grocery	food-market,grocery-store,market
grocery-store	grocery
grogginess	stupor
groggy	dazed,foggy,logy,stuporous
groin	groyne,inguen,jetty
grok	apprehend,compass,comprehend,dig,get-the-picture,grasp,savvy
grommet	eyelet,loop
groom	bridegroom
grooming	training
groove	rut
grooved	well-grooved
groovy	bully,dandy,nifty,swagger
grope	fumble
gross	arrant,crying,earthy,revenue
gross-domestic-product	gdp
gross-national-product	gnp
gross-revenue	sales
gross-sales	sales
grossness	raunch
grot	grotto
grotesque	antic,fantastic,monstrous
grotto	grot
grouch	churl,grumble,grump
grouchy	crabby,fussy,grumpy
ground	base,basis,dry-land,earth,land,reason,solid-ground,terra-firma
ground-almond	chufa
ground-forces	army
ground-squirrel	hackee
ground-tackle	anchor
grounds	evidence
group	grouping
group-meeting	meeting
grouped	sorted
grouping	group
grove	orchard
grovel	cower,crawl,creep,cringe,fawn
groveling	wormy
grovelling	wormy
grow	arise,mature,originate,turn
grower	agriculturalist,agriculturist,cultivator,raiser
growing	development,growth,maturation,ontogenesis,ontogeny
growl	grumble,rumble
grown	adult,big,full-grown,fully-grown,grownup
grownup	adult,grown
growth	development,growing,maturation,ontogenesis,ontogeny
growth-hormone	sth
growth-onset-diabetes	iddm
groyne	breakwater,bulwark,groin,jetty,mole,seawall
grub	eats
grubby	begrimed,dingy,grimy,grungy,raunchy
grudge	grievance,score
grudging	scrimy
grueling	arduous
gruelling	arduous
gruesome	ghastly,grim,grisly,macabre,sick
gruff	crusty,hoarse,husky
grumble	grouch,growl,rumble,scold
grumbling	rumble
grume	blood-clot
grummet	eyelet,loop
grump	churl,crank,crosspatch,grouch
grumpy	bad-tempered,crabbed,crabby,cross,fussy,grouchy,ill-tempered
grunge	grime,soil
grungy	begrimed,dingy,grimy,grubby,raunchy
grunt	oink
grunter	pig
gruntle	appease,pacify
grus	genus-grus
gspc	salafist-group
gsr	electrodermal-response,fere-phenomenon,galvanic-skin-response,psychogalvanic-response,tarchanoff-phenomenon
gu	genitourinary,guam
guam	gu
guama	inga-laurina
guar	cluster-bean,cyamopsis-psoraloides
guarantee	assure,ensure,vouch
guard	precaution
guardian	defender,protector,shielder
guardianship	keeping
gubbins	doodad
guck	goo,gook,goop,gunk,muck,ooze,slime,sludge
gudgeon	goby
guenon	guenon-monkey
guenon-monkey	guenon
guess	estimate,gauge,imagine,opine,reckon,suppose,think
guest	invitee,node
guff	buncombe,bunk,bunkum,hogwash,rot
guib	bushbuck,tragelaphus-scriptus
guidance	counsel,counseling,counselling,direction
guide	channelize,direct,head,lead,maneuver,manoeuver,manoeuvre,point,steer
guild	club,gild,lodge,order,social-club,society
guile	chicane,chicanery,shenanigan,trickery,wile
guileful	crafty,dodgy,foxy,sly,tricky,wily
guilt	guiltiness
guiltiness	guilt
guiltless	innocent
guinea	dago,ginzo,guinea-fowl,numida-meleagris,wop
guinea-corn	doura,durra
guinea-fowl	guinea
guise	pretence,pretense,pretext
gula	gluttony,overeating
gulch	flume
gulf	disconnect,disconnection
gull	befool,chump,cod,dupe,fool,patsy,put-on,put-one-over,seagull,slang,sucker,take-in
gullet	esophagus,gorge,oesophagus
gulo	genus-gulo
gulp	gulping,quaff,swig
gulping	gulp
gum	gingiva
gum-anime	anime
gum-dammar	damar
gum-elastic	rubber
gum-elemi	elemi
gum-myrrh	myrrh
gumbo	okra
gummed	gummy
gummy	gluey,glutinous,gummed,mucilaginous,pasty,sticky,viscid,viscous
gumption	grit,guts,moxie
gumshoe	galosh,golosh
gun	artillery,gunman
gun-barrel	barrel
gun-enclosure	turret
gun-for-hire	gunman
gun-moll	moll
gun-trigger	trigger
gun-turret	turret
gunfight	gunplay
gunfire	gunshot
gunk	goo,gook,goop,guck,muck,ooze,slime,sludge
gunman	gun,gun-for-hire,gunslinger,hired-gun,hit-man,hitman,torpedo,triggerman
gunnel	bracketed-blenny
gunner	artilleryman,cannoneer,machine-gunner
gunny	burlap
gunplay	gunfight,shootout
gunshot	gunfire
gunslinger	gunman
guppy	lebistes-reticulatus,rainbow-fish
gur	voltaic
guru-nanak	nanak
gush	outburst,spirt,spout,spurt
gushing	burbly,gushy
gushy	effusive,gushing
gusset	inset
gussy-up	prink
gust	blast,blow
gustav-hertz	hertz
gustav-klimt	klimt
gustav-ludwig-hertz	hertz
gusto	relish,zest,zestfulness
gusty	puffy
gut	bowel,catgut,intestine
guts	backbone,grit,gumption,moxie,sand
gutsy	plucky
gutter	trough
guttural	croaky
guy	bozo,cat,hombre,ridicule
gwynn	eleanor-gwyn,eleanor-gwynn,eleanor-gwynne,gynne,gywn,nell-gwynn,nell-gwynne,nell-gywn
gy	gray
gybe	change-course,jib,jibe
gym	gymnasium
gym-shoe	sneaker
gymnasium	gym,lycee
gymnastic	acrobatic,athletic
gymnastic-exercise	gymnastics
gymnastics	gymnastic-exercise
gynne	eleanor-gwyn,eleanor-gwynn,eleanor-gwynne,gwynn,gywn,nell-gwynn,nell-gwynne,nell-gywn
gyp	bunco,bunco-game,bunko,bunko-game,con,con-game,confidence-game,confidence-trick
gyps	genus-gyps
gypsy	gipsy,romany
gyrate	coil,spin,spiral
gyre	coil,curl,curlicue,ringlet,roll,scroll,whorl
gyro	gyroscope
gyroscope	gyro
gyrus	convolution
gywn	eleanor-gwyn,eleanor-gwynn,eleanor-gwynne,gwynn,gynne,nell-gwynn,nell-gwynne,nell-gywn
h	bounty,enthalpy,hp,hydrogen,munro,wells
ha	hour-angle
haart	drug-cocktail
haber	fritz-haber
habiliment	clothing
habilimented	attired,dressed,garbed,robed
habilitate	clothe,tog
habit	wont
habitant	dweller
habitat	home-ground
habitation	abode,dwelling
habitual	customary,wonted
habitus	physique
hacek	wedge
hack	drudge,hacker,taxi
hack-driver	cabby
hackamore	halter
hackbut	hagbut
hackee	eastern-chipmunk,ground-squirrel,striped-squirrel,tamias-striatus
hacker	hack
hackneyed	banal,trite
hadean	plutonian,tartarean
hades	aides,hell,infernal-region,netherworld,scheol,underworld
hadith	sunna,sunnah
hadj	haj,hajj
hadji	haji,hajji
haem	haemitin,hematin,heme,protoheme
haemal	haematal,hemal,hematal
haematal	haemal,hemal
haematic	haemic,hemic
haemic	haematic,hematic,hemic
haemitin	haem,heme
haemoglobin	hb
haft	helve
hag	crone,hagfish,slime-eels
hagada	haggada,haggadah
hagbut	arquebus,hackbut,harquebus
hagfish	hag
haggada	hagada
haggadah	hagada
haggai	aggeus,book-of-haggai
haggard	bony,careworn,drawn,gaunt,pinched,raddled,worn
haggle	chaffer,higgle,huckster
hahn	otto-hahn
haick	haik
haifa	hefa
haik	haick
hail	acclaim,herald
hair	fuzz
hair-curler	curler
hair-gel	mousse
hair-mousse	mousse
hair-style	hairdo
hairdo	coif,coiffure,hair-style,hairstyle
haired	hairy,hirsute
hairstyle	hairdo
hairy	haired,hirsute
haiti	hayti,hispaniola
haj	hadj,hajj
haji	hadji,hajji
hajj	hadj,haj
hajji	hadji,haji
hakea	genus-hakea
hakeem	hakim
hakim	hakeem
hakka	hakka-dialect
hakka-dialect	hakka
halab	alep,aleppo
halacha	halaka
halaka	halacha,halakah
halakah	halaka
haldea	genus-haldea
haldol	haloperidol
hale	coerce,force,haul,whole
haler	heller
haley	alex-haley
half	one-half
half-a-dozen	hexad,sise,sixer
half-boot	buskin
half-crazed	crazed,deranged
half-dozen	six,vi
half-moon	lunule
half-note	minim
half-pint	runt
half-wit	idiot
halfway	midway
haliatus-albicilla	ern,erne
haliotis-tuberculata	ormer
hall	dorm,foyer,hallway,lobby,manse
hall-porter	doorman,porter
halle	halle-an-der-saale
halle-an-der-saale	halle
hallmark	earmark,stylemark,trademark
hallux	big-toe,great-toe
hallway	hall
halm	haulm
halo	aura,aureole,gloriole,glory,nimbus
haloperidol	haldol
hals	frans-hals
halt	arrest,gimpy,hold,lame,stop
halter	hackamore,hamper,hemp
halting	gimpy,lame
ham	gammon,jambon
hamate	hamate-bone,os-hamatum,unciform-bone
hamate-bone	hamate
hamlet	crossroads
hammerhead	dunce,lunkhead
hamming	overacting
hammock	hillock,knoll
hamper	cramp,halter,shackle,strangle
han	han-dynasty
han-dynasty	han
han-gook	korea
hand	manus,mitt,paw
hand-clapping	applause,clapping
hand-crafted	handmade
hand-hewn	hewn
hand-job	wank
handbag	bag,pocketbook,purse
handbasin	lavabo
handbasket	basket
handbill	flier,flyer
handful	fistful
handgun	pistol
handicapped	disabled
handkerchief	hankey,hankie,hanky
handle	care,deal,manage,treat
handler	coach
handling	manipulation
handmade	hand-crafted
handrail	banister
hands	custody,manpower,men
handsome	better-looking,fine-looking,good-looking,well-favored,well-favoured
handy	ready-to-hand
hang	knack
hang-around	loiter,tarry
hang-back	trail
hangar	airdock,repair-shed
hangman's-halter	hemp
hangman's-rope	hemp
hangnail	agnail
hani	akha
hanker	long,yearn
hankering	yen
hankey	handkerchief,hankie,hanky
hankie	handkerchief,hankey,hanky
hanks	thomas-j,tom-hanks
hanky	handkerchief,hankey,hankie
hanoi	capital-of-vietnam
hans-adolf-krebs	krebs
hans-albrecht-bethe	bethe
hans-arp	arp
hans-bethe	bethe
hansom	hansom-cab
hansom-cab	hansom
haoma	sarcostemma-acidum,soma
hap	happen,occur,take-place
haphazardly	randomly
hapless	miserable,misfortunate,pathetic,piteous,pitiable,pitiful,poor,wretched
haply	by-chance,by-luck
happen	come-about,fall-out,go-on,hap,occur,pass,pass-off,take-place
happening	occurrence
happenstance	coincidence
happily	blithely,gayly,jubilantly,merrily,mirthfully
happiness	felicity
haptic	tactile,tactual
harass	beset,chevy,chivy,harry
harassed	annoyed,harried,pestered,vexed
harbor	harbour,haven,seaport
harbour	harbor
hard	arduous,difficult,surd
hard-cash	cash
hard-clam	quahog
hard-currency	cash
hard-drink	booze,liquor
hard-liquor	booze,liquor
hard-shell-clam	quahog
hard-tick	ixodid
hard-wheat	durum
harden	indurate,inure
hardened	enured,inured
hardheaded	mulish
hardly	barely,just,scarce,scarcely
hardness	rigour
hardship	rigor
hardtack	pilot-biscuit,pilot-bread,sea-biscuit,ship-biscuit
hardy	stalwart,stout,sturdy
hareem	harem,seraglio,serail
harem	hareem,seraglio,serail
hark	harken,hearken
harkat-ul-ansar	hua
harkat-ul-mujahedeen	hua
harkat-ul-mujahidin	hua
harken	hark
harlequinade	japery,prank
harlot	bawd,whore
harm	hurt,injury,scathe,trauma
harmoniousness	harmony
harmonise	accord
harmonize	accord
harmony	harmoniousness
harold-clayton-lloyd	lloyd
harold-clayton-urey	urey
harold-kroto	kroto
harold-lloyd	lloyd
harold-urey	urey
harold-w	kroto
harpia	genus-harpia
harpia-harpyja	harpy
harpo	arthur-marx,marx
harpy	harpia-harpyja,harpy-eagle
harpy-eagle	harpy
harquebus	hagbut
harried	harassed,pestered
harriet-beecher-stowe	stowe
harrow	disk
harry	beset,chevvy,chevy,chivvy,chivy,harass,hassle,plague
harry-hotspur	percy
harsh	rough
harshness	rigour
hart	stag
harte	bret-harte
harvard	harvard-university
harvard-university	harvard
harvest	crop,glean,reap
harvest-mite	jigger,redbug
harvester	reaper
haschisch	hash
hasek	jaroslav-hasek
hash	haschisch,hasheesh,hashish
hasheesh	hash
hashish	hash
hasid	chasid,chassid,hassid
hassid	hasid
hassium	hs
hassle	beset,chevy,chivy,dogfight,harry,rough-and-tumble,scuffle,tussle
hassock	pouf,pouffe
haste	hastiness,hurriedness,hurry,precipitation
hasten	festinate,hie,hurry,look-sharp,race,rush
hastily	hurriedly,in-haste
hastiness	haste
hasty	headlong
hat	chapeau,lid
hatch	hatching
hatchel	heckle
hatchet-job	calumny
hatching	hatch
hatchway	opening,scuttle
hate	detest,hatred
hated	despised,detested,scorned
hatful	lot,mint,slew
hatred	hate
hauberk	byrnie
haughty	disdainful,imperious,lordly,overbearing,prideful,sniffy,supercilious,swaggering
haul	cart,drag,hale
haulm	halm
haunt	ghost,obsess
haunted	obsessed,preoccupied,taken-up
haunting	persistent
hausa	haussa
hausen	acipenser-huso,beluga,white-sturgeon
haussa	hausa
hautbois	oboe
hautboy	oboe
have	consume,get,ingest,let,receive,suffer
have-on	wear
have-sex	eff
have-to-doe-with	concern,pertain
have-young	calve
havel	vaclav-havel
haven	harbor,oasis
haversack	back-pack,backpack,knapsack,packsack,rucksack
havoc	mayhem
hawai'i	hawaii
hawaii	aloha-state,hawai'i,hi
hawaiian-capital	honolulu
hawaiian-dancing	hula
hawk	peddle,vend
hawker	packman,peddler,pedlar,pitchman
hawkeye-state	ia
hawking	vending
hawkish	warlike
hawse	hawsehole,hawsepipe
hawsehole	hawse
hawsepipe	hawse
hayes	president-hayes,rutherford-b
hayfield	meadow
haying	haying-time
haying-time	haying
hayloft	haymow
haymow	hayloft,mow
hayrack	hayrig
hayrick	rick
hayrig	hayrack
hayseed	rube,yokel
haystack	rick
hayti	haiti,hispaniola
haywire	amiss
hazan	cantor
hazard	endangerment,fortune,gamble,jeopardy,peril,risk
hazardous	risky
haze	daze
haze-over	befog
hazy	blurred,blurry,brumous,foggy,misty
hb	haemoglobin,hemoglobin
hcfc	hydrochlorofluorocarbon
hdl	alpha-lipoprotein
he	helium
he-goat	billy
head	caput,guide,heading,mind,nous,psyche,question,steer
head-for-the-hills	lam
head-off	avert
headache	concern,vexation,worry
header	coping,heading,lintel
headfirst	headlong
headfish	mola
heading	head,header
headlamp	headlight
headlight	headlamp
headline	newspaper-headline
headlong	hasty,headfirst,rashly
headquarters	central-office,home-base,home-office,hq,main-office
headstrong	wilful
heady	foolhardy,rash,reckless
heal	cure,mend
healed	cured,recovered
healer	therapist
healing	alterative,curative,remedial,sanative,therapeutic
health	wellness
health-check	checkup
health-club	spa
health-spa	spa
healthier	fitter
healthy	goodly,tidy
heap	agglomerate,cumulation,cumulus,jalopy,lot,mint,mound,pile,slew
heaps	dozens,gobs,loads,lots,piles,rafts,scads,scores,slews,tons,wads
hear	discover,find-out,get-a-line,get-wind,get-word,learn,pick-up,see
hearable	audible
hearer	attender,auditor,listener
hearken	hark
hearsay	rumor
heart	affection,bosom,center,essence,gist,kernel,mettle,middle,nub,spunk
heart-and-soul	essence,gist,kernel
heart-of-dixie	al,alabama
heartache	grief
heartbeat	instant,jiffy,pulse,trice
heartbreak	grief
hearth	fireplace,open-fireplace
heartily	warmly
hearts	black-maria
hearty	lusty
heat	heat-energy,hotness,warmth
heat-content	enthalpy
heat-energy	heat
heated	heated-up,het,het-up
heated-up	heated,het
heatedly	hotly
heater	fastball,hummer,warmer
heath	heathland
heathen	pagan
heathland	heath
heating	warming
heave	gasp,heft,pant,surge
heave-up	heft
heaven	eden,nirvana,paradise,promised-land,shangri-la
heavenly	celestial
heavens	celestial-sphere,empyrean,firmament,sphere,vault-of-heaven,welkin
heavily	to-a-great-extent
heaving	panting
heavy	arduous,cloggy,dense,fleshy,gravid
heavy-weapon	artillery
heavyset	stocky
heavyweight	whale
hebdomad	week
hebei	hebei-province,hopeh,hopei
hebei-province	hebei,hopeh,hopei
hebraic	hebraical,hebrew
hebraical	hebraic,hebrew
hebraism	judaism
hebrew	hebraic,hebraical,jew
hebrew-scripture	tanach,tanakh
hecht	ben-hecht
heckle	hatchel
hectic	feverish
hectogram	hg
hectoliter	hl
hectolitre	hl
hectometer	hm
hectometre	hm
hector-hugh-munro	munro
hedera-helix	ivy
hedge	evade,hedgerow,sidestep
hedged	weasel-worded
hedgerow	hedge
hedjaz	hejaz,hijaz
heed	listen,mind
heedless	unheeding
hefa	haifa
heft	heave,heave-up,heft-up
heft-up	heft
heftiness	brawn,sinew
hefty	brawny,goodly,muscular,powerful,sinewy,tidy
hegira	exodus,hejira
height	altitude,tallness
heighten	compound,enhance
heights	high
heilong	amur
heilong-jiang	amur
heinrich-boell	boell
heinrich-theodor-boell	boell
heinz	henry-john-heinz
heir	heritor,inheritor
heist	burglarise,burglarize,burgle,holdup
hejaz	hedjaz,hijaz
hejira	exodus,hegira
hel	hela
hela	hel
helen	helen-of-troy
helen-of-troy	helen
helen-porter-mitchell	melba
heliac	heliacal
heliacal	heliac
helical	volute
helium	he
helix	genus-helix
hell	hades,hell-on-earth,hellhole,inferno,scheol,snake-pit,the-pits
hell-dust	scag,skag
hell-on-earth	hell
hellenic	classic,classical,graeco-roman,grecian,greco-roman,greek
hellenic-republic	ellas,greece
heller	haler
hellhole	hell
hellish	satanic,unholy
hello	hi,how-do-you-do,howdy,hullo
helot	serf,villein
help	aid,assist,assistance,assistant
helper	assistant,benefactor
helpless	incapacitated
helter-skelter	chaotic
helve	haft
hem	ahem
hem-in	besiege
hemal	haemal,haematal,hematal
hematal	haemal,hemal
hematic	haemic,hemic
hematin	haem,heme
heme	haem,haemitin,hematin,protoheme
hemic	haematic,haemic,hematic
hemin	protohemin
hemoglobin	hb
hemorrhage	bleed
hemp	halter,hangman's-halter,hangman's-rope,hempen-necktie
hempen	fibrous
hempen-necktie	hemp
hen	biddy
hen-peck	nag
hence	so,thence,therefore,thus
hencoop	coop
henhouse	coop
henrik-ibsen	ibsen
henrik-johan-ibsen	ibsen
henry	joseph-henry
henry-clay-frick	frick
henry-fonda	fonda
henry-john-heinz	heinz
henry-moore	moore
henry-spencer-moore	moore
hep	hip,hip-to
hera	here
herald	acclaim,hail,trumpeter
herb-simon	simon
herbert-a	simon
herbert-alexander-simon	simon
herbert-george-wells	wells
herbert-marx	zeppo
herd	ruck
herder	drover
herdsman	drover
here	hera,hither
hereafter	future,hereinafter,hereunder
hereby	herewith
hereditary	ancestral,genetic
hereinafter	hereafter
heresy	unorthodoxy
heretofore	as-yet,hitherto,so-far,thus-far,til-now,until-now,up-to-now,yet
hereunder	hereafter
herewith	hereby
heritor	heir
herman-northrop-frye	frye
herman-wouk	wouk
hermann	armin
hermann-hesse	hesse
hero	hoagy,zep
hero-sandwich	hoagy,zep
hero-worship	revere
herod	herod-the-great
herod-the-great	herod
heroic	epic,grand,larger-than-life
heroic-poem	epic,epos
heroin	diacetylmorphine
heroism	gallantry,valiance,valiancy,valor,valorousness,valour
herpes	herpes-virus
herpes-virus	herpes
hertz	cps,gustav-hertz,gustav-ludwig-hertz,hz
hesitate	pause,waffle,waver
hesitation	vacillation,wavering
hess	victor-franz-hess,victor-hess
hesse	hermann-hesse
het	heated,heated-up,het-up
het-up	heated,het
heteromeles-arbutifolia	toyon
hevea	genus-hevea,rubber-tree
hewn	hand-hewn
hex	curse,jinx,whammy
hexad	captain-hicks,half-a-dozen,sestet,sextet,sise,six,sixer,vi
hexed	jinxed
heyday	bloom,blossom,efflorescence,flower,flush,peak,prime
heyse	paul-heyse
hf	high-frequency
hfc	hydrofluorocarbon
hg	hectogram,mercury
hi	hawaii,hello,how-do-you-do,howdy,hullo
hiatus	foramen
hibernal	brumal,hiemal
hibiscus-cannabinus	bimli,kanaf,kenaf
hibiscus-elatus	mahoe
hibiscus-tiliaceus	purau
hick	bumpkinly,rube,rustic,unsophisticated,yokel
hickey	pimple,zit
hidden	concealed,out-of-sight
hide	conceal,shroud
hideaway	hideout
hideous	horrid,horrific,outrageous
hideout	den,hideaway
hiding	concealing,concealment
hie	cannonball-along,hasten,hotfoot,pelt-along,race,rush,rush-along,speed
hiemal	brumal,hibernal
hieronymus-bosch	bosch
higgle	haggle
higgledy-piggledy	jumbled
high	heights,high-school,mellow
high-and-mighty	bossy
high-flown	exalted
high-frequency	hf
high-hat	topper
high-jinks	jinks
high-jinx	jinks
high-minded	exalted
high-muckamuck	vip
high-noon	midday,noon
high-priced	costly,pricey,pricy
high-school	high,highschool,senior-high,senior-high-school
high-spirited	exuberant
high-strung	edgy,jumpy,restive
high-temperature	hotness
high-treason	treason
high-up	vip
highborn	titled
higher-national-diploma	hnd
highjack	hijack
highland	upland
highly	extremely
highly-strung	edgy,jumpy,restive
highroad	trunk-road
highschool	high-school
hightail-it	lam
highway	main-road
higi	kapsiki
hijack	commandeer,highjack,pirate
hijaz	hedjaz,hejaz
hijinks	jinks
hike	hiking,tramp
hiker	tramp,tramper
hiking	hike,tramp
hilarity	glee,mirth
hill	mound
hillock	hammock,hummock,knoll,mound
hilly	cragged,craggy,mountainous
hilum	hilus
hilus	hilum
hind	back,hinder
hinder	hind,impede
hindi	hindoo,hindu
hindoo	hindi,hindu
hindquarters	croup,croupe,rump
hindu	hindi,hindoo
hinge	flexible-joint
hinge-on	depend-on
hinge-upon	depend-on
hint	clue,mite,suggest
hip	coxa,hep,pelvis
hip-joint	coxa
hip-to	hep
hippie	hippy
hippo	hippopotamus,hippopotamus-amphibius,river-horse
hippopotamus	hippo
hippopotamus-amphibius	hippo
hippy	flower-child,hippie,hipster
hipster	hippy
hire	employ,engage
hired	leased
hired-gun	gunman
hirer	boss
hirsute	haired,hairy
hirudinean	leech
hirudo	genus-hirudo
hispanic	latino
hispaniola	haiti,hayti
hiss	boo,hissing,razz,sibilate,siss,sizz
hissing	fizzle,hiss,hushing,sibilation
historian	historiographer
historied	storied
historiographer	historian
history	account
histrion	actor
hit	collision,reach,shoot,slay
hit-man	gunman
hitch	catch,hobble
hither	here
hitherto	as-yet,heretofore,so-far,thus-far,til-now,until-now,up-to-now,yet
hitler	adolf-hitler,der-fuhrer
hitman	gunman
hitter	batsman,batter,slugger
hive	beehive
hives	nettle-rash,urticaria,urtication
hl	hectoliter,hectolitre
hm	hectometer,hectometre
hmong	miao
hmong-language	miao
hn	azoimide,hydrazoic-acid,hydrogen-azide
hnd	higher-national-diploma
ho	holmium
ho-hum	boring,irksome,tedious
hoagie	hoagy,zep
hoagy	bomber,cuban-sandwich,grinder,hero,hero-sandwich,hoagie,italian-sandwich,poor-boy,zep
hoar	gray,gray-haired,gray-headed,grey,grey-haired,grey-headed,grizzly,hoary
hoard	cache,collect,stash
hoarse	gruff,husky
hoarsely	huskily
hoary	canescent,hoar
hoax	dupery,fraud,fraudulence,humbug,put-on
hob	imp,pixie,pixy
hobble	fetter,gimp,hitch,limp
hobbs	john-berry-hobbs,sir-jack-hobbs
hobby	avocation,by-line,pursuit,sideline,spare-time-activity
hobo	bum,tramp
hock	pawn,soak
hockey	hockey-game,ice-hockey
hockey-game	hockey
hockey-puck	puck
hoder	hodr,hodur,hoth,hothr
hodr	hoder,hodur,hoth,hothr
hodur	hoder,hodr,hoth,hothr
hoffa	james-riddle-hoffa,jimmy-hoffa
hog	hogg,hogget,pig
hogg	hog,hogget
hogged	broken-backed
hogget	hog,hogg
hoggish	piggy
hogwash	bunkum,guff
hoi-polloi	masses
hoist	lift,wind
hoka	hokan
hokan	hoka
hokey	artificial,contrived,drippy,mushy,slushy,soppy,soupy,stilted
hokkaido	ezo,yezo
hokkianese	amoy
hokum	bunk,meaninglessness,nonsense,nonsensicality
hold	agree,appreciation,concur,deem,defy,halt,keep,maintain,take-hold,withstand
hold-back	restrain
hold-dear	cherish
hold-fast	bind
hold-on	grasp
hold-out	survive
hold-over	defer,postpone,shelve
hold-up	defy,delay,survive,withstand
holdall	tote
holding	keeping,property,retention
holdup	armed-robbery,heist,stickup
hole	gob,maw
holey	porous
holiday	vacation
holidaymaker	tourist
holiness	sanctity
holism	holistic-theory
holistic-theory	holism
holla	bellow,bellowing,holler,hollering,hollo,holloa,roar,roaring,yowl
holler	cry,holla,holler-out,hollo,scream,squall,yell,yowl
holler-out	holler
hollering	holla,hollo,yowl
hollo	bellow,bellowing,cry,holla,holler,hollering,holloa,roar,roaring,scream,squall,yell
holloa	holla,hollo,yowl
holly	buddy-holly,charles-hardin-holley
holmes	sherlock-holmes
holmium	ho
holy-communion	communion
holy-father	pope
holy-grail	grail
holy-oil	chrism
holy-scripture	bible,scripture
holy-writ	bible,scripture
homage	court
hombre	bozo,guy
homburg	fedora,stetson,trilby
home	abode,dwelling,household,plate
home-base	headquarters,plate
home-ground	habitat
home-office	headquarters
home-plate	plate
home-run	homer
homel	gomel,homyel
homelike	homey,homy
homely	homey,homy,plain
homemaker	housewife
homer	home-run,kor
homespun	folksy,nubbly,nubby,tweedy
homework	prep
homey	homelike,homely,homy
hominy-grits	grits
hommos	humus
homo	human,human-being,man
homogeneous	homogenous
homogenous	homogeneous
homona	genus-homona
homy	homelike,homely,homey
homyel	gomel,homel
honcho	boss,foreman
hondo	honshu
honest	honorable
honestly	candidly,frankly
honestness	honesty
honesty	honestness
honey-badger	ratel
honey-berry	ginep
honeybee	apis-mellifera
honeycombed	pitted
honeyed	dulcet,honied
honied	honeyed,syrupy
honk	cronk
honker	branta-canadensis,canada-goose,canadian-goose,schnoz,snoot
honkey	honky
honkie	honky
honky	honkey,honkie,whitey
honkytonk	dive
honolulu	capital-of-hawaii,hawaiian-capital
honor	honour,laurels,reward
honorable	honest,respectable
honore-balzac	balzac
honore-de-balzac	balzac
honored	esteemed,prestigious
honour	accolade,award,honor,laurels
honshu	hondo
hoo-ha	commotion
hoo-hah	commotion
hooch	hootch
hood	cowling,goon,hoodlum,punk,strong-armer,thug,tough,toughie
hooded-cloak	capote
hoodlum	goon,hood,punk,thug
hoodoo	voodoo
hoodooism	vodoun
hooey	poppycock,stuff,stuff-and-nonsense
hoofed	hooved,ungulate,ungulated
hook	bait,filch,glom,pilfer,rob,snarf
hook-up-with	marry,wed
hookah	calean,chicha,kalian,narghile,nargileh,sheesha,shisha,water-pipe
hooke	robert-hooke
hooked	dependant,dependent,drug-addicted,strung-out
hooks	maulers,meat-hooks
hooky	truancy
hooligan	yob,yobbo,yobo
hoop	ring
hoopla	hype
hoopoe	hoopoo
hoopoo	hoopoe
hoops	basketball,basketball-game
hooray	hurrah
hoosier-state	indiana
hoot	razz,shucks
hootch	hooch
hooter	bird-of-minerva,bird-of-night,owl,schnoz,snoot
hooved	hoofed,ungulate,ungulated
hop	hop-skip,hops,skip
hop-skip	hop
hope	desire,trust
hoped-for	anticipated,awaited
hopeh	hebei,hebei-province,hopei
hopei	hebei,hebei-province,hopeh
hopped-up	stoned
hops	hop
horatio-alger	alger
horde	host,legion
hordeolum	stye
horizon	apparent-horizon,sensible-horizon,skyline,visible-horizon
hormone	endocrine,internal-secretion
horn	cornet,trump,trumpet
horne	lena-calhoun-horne,lena-horne
horned-pout	pout
hornlike	horny
hornpout	pout
horny	corneous,hornlike,randy,steamy
horny-structure	unguis
horrible	atrocious,frightful,horrifying,ugly
horribly	awfully,dreadfully
horrid	hideous
horrific	hideous
horrify	appal
horrifying	frightful,horrible
horse	cavalry,equus-caballus
horse-barn	stalls
horse-cavalry	cavalry
horse-fly	cleg,clegg
horse-mackerel	saurel
horseback-rider	horseman
horseback-riding	riding
horsefly	cleg,clegg
horseman	equestrian,horseback-rider
horsepower	hp
horseshit	crap,shit
horseshoes	quoits
horta	victor-horta
hose	hosepipe
hosea	book-of-hosea
hosepipe	hose
hospital	infirmary
host	emcee,horde,legion
hosta	funka,genus-funka,genus-hosta
hostel	inn,student-lodging,youth-hostel
hostelry	inn
hostile-expedition	expedition
hostility	ill-will
hot-toddy	toddy
hotfoot	hie,race,rush
hoth	hoder,hodr,hodur,hothr
hotheaded	madcap
hothr	hoder,hodr,hodur,hoth
hotly	heatedly
hotness	heat,high-temperature
hotshot	maven,mavin
hotspur	percy
houdah	howdah
hoummos	humus
hound	hound-dog
hound-dog	hound
hour	hr
hour-angle	ha
house	firm,household,theater,theatre
house-of-ill-repute	brothel
house-of-prostitution	brothel
house-of-tudor	tudor
house-of-york	york
housecoat	wrapper
household	family,home,house,menage
housemaid	amah,maid
housewife	homemaker,lady-of-the-house,woman-of-the-house
housing	living-accommodations,lodging
hovea	purple-pea
hovel	hut,hutch,shack,shanty
how-do-you-do	hello,hi,howdy,hullo
howard-pyle	pyle
howdah	houdah
howdy	hello,hi,how-do-you-do,hullo
howe	elias-howe
however	all-the-same,even-so,nevertheless,nonetheless,notwithstanding,still,withal,yet
howitzer	mortar
howl	howling,roar,ululation,wail,wrawl,yaup
howler	wow
howling	howl,wonderful,wondrous
hoy	barge,flatboat,lighter
hoyle	edmond-hoyle
hp	h,horsepower
hq	headquarters,military-headquarters
hr	hour
hrolf	rolf,rollo
hs	hassium
hsian	changan,sian,singan,xian
hua	al-faran,harkat-ul-ansar,harkat-ul-mujahedeen,harkat-ul-mujahidin,hum
hub-of-the-universe	boston
hubbub	brouhaha,katzenjammer,uproar
hubby	husband,married-man
hubel	david-hubel
huck	huckaback
huckaback	huck
huckster	haggle,peddle,vend
huddle	cower,huddle-together,powwow
huddle-together	huddle
hudood	hudud
hudson	hudson-river
hudson-river	hudson
hudud	hudood
hue	chromaticity,imbue
huff	chuff,miff,seeing-red
huffy	feisty,mad,sore
hug	bosom,embrace,squeeze
hug-drug	xtc
huge	brobdingnagian,immense,vast
hugely	enormously,staggeringly,tremendously
hugger-mugger	jumbled
hugging	caressing,cuddling,fondling,kissing,necking,petting,smooching,snuggling
hugh-capet	capet
hugo	victor-hugo,victor-marie-hugo
hugo-alvar-henrik-aalto	aalto
hula	hawaiian-dancing,hula-hula
hula-hula	hula
hulk	whale
hulking	hulky
hulky	hulking
hullo	hello,hi,how-do-you-do,howdy
hum	hua
hum-vee	humvee
human	homo
human-being	homo
human-beings	humans
human-body	bod,soma
human-elbow	elbow
human-face	face
human-foot	foot,pes
human-growth-hormone	sth
human-knee	genu,knee
human-race	humans
human-relationship	relationship
humane	humanist,humanistic
humanist	humane
humanistic	humane
humanistic-discipline	arts
humanities	arts
humanity	humans
humankind	humans
humans	human-beings,human-race,humanity,humankind,man,mankind,world
humble	abase,low,lowly,menial,modest,small
humblebee	bumblebee
humbleness	humility
humbly	meanly,meekly
humbug	bosh,dupery,fraud,fraudulence,hoax,put-on,tosh
humdrum	monotony
hume	david-hume
humiliate	abase
humiliation	chagrin
humility	humbleness
hummer	bullet,fastball,heater,smoke
hummock	hillock,knoll
hummus	humus
humor	humour,mood,sense-of-humor,sense-of-humour,wit
humorous	humourous
humour	humor,mood,sense-of-humor,sense-of-humour,wit
humourous	humorous
humous	humus
hump	bulge,bump,gibbosity,gibbousness,jut,prominence,protuberance,swelling
humpbacked	humped
humped	crookback,crookbacked,gibbous,humpbacked,hunchbacked,kyphotic
humphrey-davy	davy
humulus-lupulus	bine
humus	hommos,hoummos,hummus,humous
humvee	hum-vee
hun	boche,jerry,kraut
hunan	hunan-province
hunan-province	hunan
hunch	intuition,suspicion
hunchbacked	humped
hunched	stooped
hundred	c,one-hundred
hundred-and-one	ci
hundred-percenter	jingo
hundred-thousand	lakh
hundredweight	cwt
hungarian	magyar
hungarian-pointer	vizsla
hungary	magyarorszag,republic-of-hungary
hunger	crave,hungriness,starve
hungriness	hunger,longing,yearning
hunk	lump
hunker	squat
hunker-down	squat
hunky-dory	okay
hunt	hunt-down,hunting,run,search,track-down
hunt-down	hunt
hunter	huntsman,orion
hunting	hunt,search
hunting-expedition	safari
huntsman	hunter
hurl	cast,hurtle,lunge
hurler	pitcher,twirler
hurly-burly	commotion
hurok	sol-hurok,solomon-hurok
huron	lake-huron
hurrah	hooray
hurriedly	hastily
hurriedness	haste
hurry	haste,hasten,speed,travel-rapidly,zip
hurrying	scurrying
hurt	distress,harm,injury,scathe,wounded
hurting	pain
hurtle	hurl,lunge
hus	huss,jan-hus,john-huss
husband	economize,hubby,married-man
husbandman	farmer
husbandry	farming
hush	stillness
hushed	muted,quiet,subdued
hushing	hissing
husk	shuck
huskily	hoarsely
husking	baring
husky	beefy,buirdly,burly,gruff,hoarse,strapping
huss	hus,jan-hus,john-huss
hussar-monkey	patas
hussy	adulteress,fornicatress,jade,loose-woman,slut,strumpet,trollop
hustle	ado,bustle,flurry
hut	army-hut,field-hut,hovel,hutch,shack,shanty
hutch	hovel,hut,shack,shanty
hyaena	hyena
hyaline	hyaloid
hyaloid	hyaline
hybrid	intercrossed
hydrargyrum	mercury
hydrated	hydrous
hydrazoic-acid	hn
hydrochlorofluorocarbon	hcfc
hydrofluorocarbon	hfc
hydrogen	h
hydrogen-azide	hn
hydrophobia	lyssa
hydrops	edema
hydrous	hydrated
hydroxyzine	atarax
hyena	hyaena
hyla	genus-hyla
hylobates-lar	gibbon
hylocichla-fuscescens	veery
hymen	maidenhead,virginal-membrane
hymeneals	wedding
hymie	kike,sheeny,yid
hymn	anthem
hymnal	hymnary,hymnbook
hymnary	hymnal
hymnbook	hymnal
hype	ballyhoo,hoopla,plug
hyperalimentation	tpn
hyperbolise	exaggerate
hyperbolize	exaggerate
hyperkinetic-syndrome	adhd,mbd
hyphen	dash
hypo	hypodermic,hypodermic-syringe
hypodermic	hypo
hypodermic-syringe	hypo
hypophysis	pituitary
hypothecate	speculate
hypothesise	speculate
hypothesize	speculate
hyrax	coney,cony,das,dassie
hysteria	frenzy
hytrin	terazosin
hz	cps,cycle,cycle-per-second,hertz
i	ace,ane,ie,ied,iodin,iodine,iq,iww,one,pei
ia	hawkeye-state,iowa
iaa	aden-abyan-islamic-army,islamic-army-of-aden
iamb	iambus
iambus	iamb
ianfu	comfort-woman
ib	ibid,ibidem
ibex	capra-ibex
ibid	ib,ibidem
ibidem	ib,ibid
ibrd	world-bank
ibsen	henrik-ibsen,henrik-johan-ibsen
ibuprofen	advil,motrin,nuprin
ic	ninety-nine
icaco	coco-plum,cocoa-plum
ice	meth,water-ice
ice-ax	piolet
ice-axe	piolet
ice-chest	cooler
ice-floe	floe
ice-hockey	hockey
ice-lolly	lolly
iceberg	berg
icebox	refrigerator
icelandic-krona	krona
ichor	festering,purulence,pus,sanies,suppuration
iciness	chill
icing	icing-the-puck
icing-the-puck	icing
icky	crappy,gooey,lousy,rotten,shitty
icon	ikon,picture
icsh	lh,luteinizing-hormone
ictal	ictic
ictic	ictal
ictonyx-frenata	zoril
ictus	raptus,seizure
icu	intensive-care-unit
icy	frigid,frosty,frozen,gelid,glacial,wintry
id	idaho
id-est	ie
idaho	gem-state,id
iddm	autoimmune-diabetes,growth-onset-diabetes,juvenile-diabetes,juvenile-onset-diabetes,ketosis-prone-diabetes,type-i-diabetes
idea	thought
idealised	idealized
idealized	idealised
ideate	imagine
identical	indistinguishable
identification	designation
identify	place
identity	individuality,personal-identity
ideology	political-orientation,political-theory
idf	israeli-defense-force
idiocy	amentia
idiom	dialect,parlance
idiosyncrasy	foible
idiot	changeling,cretin,half-wit,imbecile,moron,retard
idiot-box	telly
idiotic	crackbrained
idle	laze
idle-talk	prate
idleness	idling,loafing
idler	bum,do-nothing,layabout,loafer
idling	idleness,loafing
idly	lazily
idol	god,graven-image,paragon
idolise	revere
idolised	adored
idolize	revere
idolized	adored
idria-columnaris	cirio
idun	ithunn
idyl	bucolic,eclogue,idyll
idyll	bucolic,eclogue,idyl
ie	i,id-est
ied	i
ieoh-ming-pei	pei
iffy	chancy,flukey,fluky
ig	immune-gamma-globulin,immune-globulin,immune-serum-globulin,immunoglobulin
iga	immunoglobulin-a
igd	immunoglobulin-d
ige	immunoglobulin-e
igg	immunoglobulin-g
igloo	iglu
iglu	igloo
igm	immunoglobulin-m
igneous	fiery
ignite	light
ignited	kindled
ignominious	shameful
ignorant	nescient,unlearned,unlettered
ignore	cut,discount,dismiss,disregard,snub
igor-stravinsky	stravinsky
igor-tamm	tamm
igor-yevgeneevich-tamm	tamm
iguana	common-iguana,iguana-iguana
iguana-iguana	iguana
ii	two
iii	three,trine
iis	iraqi-mukhabarat
ike	dwight-d,dwight-david-eisenhower,dwight-eisenhower,eisenhower,president-eisenhower
ikon	icon,picture
il	forty-nine,illinois
ileus	intestinal-obstruction
ilex	genus-ilex
ilich-ramirez-sanchez	salim
ilich-sanchez	salim
ilion	ilium,troy
ilium	ilion,troy
ilk	like
ill	ailment,poorly,sick
ill-chosen	inapt
ill-famed	infamous,notorious
ill-humored	crusty
ill-humoured	crusty
ill-mannered	rude
ill-scented	fetid,foetid,smelly
ill-smelling	stinky
ill-tempered	crabby,fussy,grumpy
ill-treat	abuse
ill-use	abuse
ill-will	hostility
illation	inference
illegalise	outlaw
illegalize	outlaw
illinois	il,land-of-lincoln,prairie-state
illness	malady,sickness,unwellness
illogical	garbled
illume	illuminate,illumine
illuminate	illume,illumine,light,light-up
illuminated	lighted,lit
illumine	illume,illuminate,light,light-up
illusion	semblance
illusionist	magician,seer
illustrate	exemplify,instance
illustration	example
illustrious	famed,famous,noted
illustriousness	greatness
ilmen	lake-ilmen
ilosone	ethril
ilx	fifty-nine
ilxx	sixty-nine
ilxxx	seventy-nine
image	effigy,envision,epitome,mental-image,picture,trope,visualize
imagery	imagination,imaging,mental-imagery
imaginary	fanciful,notional
imagination	imagery,imaginativeness,imaging,vision
imaginativeness	imagination
imagine	conceive-of,envisage,guess,ideate,opine,reckon
imaging	imagery,imagination,mental-imagery
imam	imaum
imaum	imam
imbecile	idiot
imbecility	betise
imbed	embed,engraft,implant,plant
imbibe	absorb,draw,drink,soak-up,sop-up,suck,suck-up,take-in,take-up
imbiber	toper
imbibing	drinking
imbibition	drinking
imbue	hue,pervade
imitate	copy,simulate
imitation	faux,simulated
imitative	echoic
imitator	aper
immaculate	spic,spick,spotless
immanuel-kant	kant
immature	unripe,young
immediacy	immediateness
immediate	contiguous
immediate-allergy	atopy
immediate-memory	stm
immediately	at-once,directly,forthwith,instantly,now,right-away,straight-off,straightaway
immediateness	immediacy
immense	brobdingnagian,huge,vast
immensely	vastly
immerse	engulf,plunge
imminent	impending
immingle	blend
immix	blend,coalesce,commingle,conflate,flux,fuse,meld,mix
immobilise	pin
immobilize	pin
immortal	deity,divinity
immune-gamma-globulin	ig
immune-globulin	ig
immune-serum-globulin	ig
immunity	unsusceptibility
immunoglobulin	ig
immunoglobulin-a	iga
immunoglobulin-d	igd
immunoglobulin-e	ige
immunoglobulin-g	igg
immunoglobulin-m	igm
immure	imprison
immutability	fixity
immutableness	fixity
imou-pine	rimu
imp	brownie,elf,gremlin,hob,pixie,pixy,scamp
impact	affect
impacted	wedged
impair	mar
impala	aepyceros-melampus
impale	empale,spike,transfix
impart	contribute,give,leave,pass-on
impasse	dead-end,deadlock,stalemate,standstill
impassioned	ardent,fervent
impassive	stolid
impatient	raring
impeach	accuse
impede	hinder
impel	force,propel
impendent	impending
impending	at-hand,close-at-hand,imminent,impendent
impenetrable	dense
imperial	regal
imperil	endanger,threaten
imperious	haughty,sniffy
imperishable	abiding,enduring
imperium	empire
impermanent	temporary
impersonal	neutral
impertinence	gall,insolence
impertinent	pert,sassy,saucy
impertinently	pertly
impetuous	madcap
impetus	drift,impulsion
impish	arch,implike,mischievous,pixilated,prankish,puckish,wicked
implant	embed,imbed
implanted	planted
implausibly	incredibly
implement	enforce
implements-of-war	arms
implication	deduction,entailment
implicit	inexplicit
implicit-in	underlying
implike	arch,impish,mischievous,pixilated,prankish,puckish,wicked
implore	beg,pray
imply	connote,entail
impolitely	rudely
import	meaning
important	crucial,of-import,significant
impose	enforce,inflict,levy
imposing	noble,stately
impost	springer
imposter	faker,pseud
impostor	faker,pseud
impoverishment	poverty
imprecate	bedamn,curse,swear
impress	affect,move,strike
impression	belief,feeling,notion,opinion
imprint	form
imprison	gaol,immure,incarcerate,jail,jug,lag,put-away,put-behind-bars
imprisoned	captive,jailed
improbable	marvelous
improbably	incredibly
improve	ameliorate,amend,better,meliorate
impudence	gall,insolence
impudent	flip,insolent,sassy,saucy,snotty-nosed
impudently	pertly
impulse	momentum,urge,whim
impulsion	impetus
impulsive	driving,madcap
impure	unclean
impurity	dross
impute	ascribe,assign,attribute
imuran	azathioprine
in	inch,indiana,inward,inwards
in-a-heartfelt-way	dearly
in-agreement	agreed
in-all-likelihood	belike,probably
in-all-probability	belike,probably
in-any-case	anyhow,anyway,besides
in-any-event	anyhow,anyway
in-camera	privately
in-cold-blood	coldly
in-conclusion	lastly
in-darkness	darkly
in-demand	desired
in-earnest	seriously
in-fact	as-a-matter-of-fact,in-point-of-fact
in-front	ahead,before
in-good-order	properly
in-haste	hastily
in-hiding	doggo
in-one-case	once
in-point-of-fact	in-fact
in-private	privately
in-public	publicly
in-question	doubtful
in-secret	secretly
in-small-stages	stepwise
in-so-far	insofar
in-some-manner	somehow
in-some-way	somehow
in-spades	decidedly,definitely
in-style	modish
in-tandem	tandem
in-that	therein
in-that-location	there
in-the-altogether	peeled
in-the-buff	peeled
in-the-end	at-last,ultimately
in-the-least	at-all
in-the-main	chiefly,mainly,primarily
in-the-raw	peeled
in-this	therein
in-vain	vainly
in-vogue	modish
in-writing	graphic
inactive	motionless,passive,static
inactiveness	inertia
inactivity	inertia
inadequate	unequal
inane	asinine,fatuous,mindless,vacuous
inappropriate	unfitting
inapt	awkward,clumsy,cumbersome,ill-chosen,inept
inattentively	absently
inauspicious	adverse
inborn	connatural,inbred,innate
inborn-reflex	reflex
inbred	connatural,inborn
inbuilt	inherent,integral
inc	iraqi-national-congress
inca	inka
incandescent-lamp	bulb
incapacitated	helpless
incarcerate	imprison
incase	encase
incendiarism	arson
incense	cense
incentive	inducement,motivator
incertain	uncertain,unsure
incertitude	doubt
inch	in
inchworm	looper
incidence	relative-incidence
incidental	consequent,resultant
incised	etched,graven
incisive	acute,discriminating,keen,knifelike,penetrating,penetrative,piercing,sharp
incite	instigate,motivate,prod,prompt,set-off,stir-up
inclemency	rigour
inclination	tendency
incline	be-given,lean,ramp,run,slope,tend
inclined	fain
incognizant	unaware
incompatible	unfitting
incomplete	uncomplete
inconvenience-oneself	bother
incorporate	contain,integrate,merged,unified
incorporated	merged,unified
incorrect	faulty,wrong
incorrectly	wrongly
increasingly	more-and-more,progressively
incredible	unbelievable
incredibly	implausibly,improbably,unbelievably
incredulity	disbelief
incriminate	accuse
incumbency	tenure
incumbrance	burden,onus
incus	anvil
indapamide	lozal
indecent	indecorous,unbecoming,uncomely,unseemly,untoward
indecorous	indecent
indeed	so
indefinable	unspeakable
indent	dent,indentation,indention,indenture
indentation	indent
indention	indent
indenture	indent
independence	independency
independency	independence
indescribable	unspeakable
index	index-number,indicant,indicator
index-number	index,indicator
india	bharat,republic-of-india
india-rubber	rubber
indian	american-indian,red-indian
indian-arrowroot	pia
indian-corn	corn
indian-hemp	bimli,kanaf,kenaf
indian-lotus	lotus
indian-millet	doura,durra
indian-pony	cayuse
indian-rupee	rupee
indiana	hoosier-state,in
indic	indo-aryan
indicant	index,indication,indicator
indicate	bespeak,betoken,point,signal
indication	indicant
indicator	index,index-number,indicant
indifference	apathy
indignation	outrage
indigofera-anil	anil
indigofera-suffruticosa	anil
indiscriminately	randomly
indispensable	essential
indisposed	ailing,averse,loath,loth,peaked,unwell
indissoluble	insoluble
indistinctly	dimly
indistinguishable	identical
individual	mortal,person,single,somebody,someone,soul
individualism	individuality,individuation
individuality	identity,individualism
individually	on-an-individual-basis,one-by-one,separately,severally,singly
individuation	individualism
indo-aryan	aryan,indic
indo-european	aryan
indolent	faineant,lazy,otiose,slothful,work-shy
indoors	inside
indorse	endorse
indorsement	blurb
indri	indri-brevicaudatus,indri-indri,indris
indri-brevicaudatus	indri,indris
indri-indri	indri,indris
indris	indri,indri-brevicaudatus,indri-indri
induce	bring-on
inducement	incentive
induct	invest,seat
indue	empower,endow,endue,gift,invest
indulge	coddle,gratify,pamper,pander
indulgence	lunacy
indurate	callous,harden,inure
indus	indus-river
indus-river	indus
industrial-plant	plant,works
indweller	dweller
inebriant	alcohol
inebriate	sot,wino
inebriated	drunk
ineffable	unspeakable
ineluctable	unavoidable
inept	feckless,inapt
ineptitude	slowness
ineptly	fecklessly
ineptness	slowness
inert	soggy,torpid
inertia	inactiveness,inactivity
inescapable	unavoidable
inevitably	necessarily,needs,of-necessity
inexorable	adamant,grim
inexpensive	cheap
inexplicit	implicit
infamous	ill-famed,notorious
infancy	babyhood,early-childhood
infant	babe,baby
infant-death	sids
infantile	childish
infantile-paralysis	polio
infantry	foot
infected	septic
infectious	infective
infective	infectious
infer	deduce,deduct,derive,generalize
inference	illation
infernal	satanic,unholy
infernal-region	hades,scheol
inferno	hell
infest	overrun
infidel	pagan
infield	baseball-diamond,diamond
infinite	countless,myriad,space
infinity	eternity
infirm	debile
infirmary	hospital
infix	insert
inflammation	rubor
inflict	bring-down,impose,visit
inflow	influx
inflowing	influent
influence-peddler	fixer
influent	inflowing
influenza	flu
influx	inflow
info	information
informatics	ip
information	data,info
information-processing	ip
information-science	ip
information-technology	it
information-warfare	iw
informational-rna	mrna
infotainment	documentary
infra	below
infraction	violation
infringement	violation
infuriated	enraged,maddened
inga-laurina	guama
inge	william-inge
ingeminate	reiterate,repeat,restate
ingenuousness	innocence
inger	ingerman,ingrian
ingerman	inger
ingest	consume,have,take,take-in
ingestion	intake,uptake
inglorious	shameful
ingot	block-of-metal,metal-bar
ingrained	planted
ingratiatory	coaxing
ingredient	component,element
ingrian	inger
ingroup	clique
ingrown-toenail	onyxis
inguen	groin
ingurgitate	glut,gorge
inh	isoniazid,nydrazid
inhabit	dwell,live,populate
inhabitant	dweller
inherent	built-in,constitutional,inbuilt,integral,underlying
inherent-aptitude	instinct
inherited	genetic
inheritor	heir
inhibit	conquer,curb,stamp-down,subdue,suppress
inhuman-treatment	cruelty
inhumation	burial
inhume	entomb,inter
inhumed	buried
iniquitous	sinful,ungodly
initial-offering	ipo
initial-public-offering	ipo
initially	ab-initio
initiate	originate,pundit,start,tiro,tyro
initiation	founding
initiative	enterprise,enterprisingness,go-ahead
inject	shoot
injun	red-man,redskin
injure	wound
injury	harm,hurt,trauma
ink-black	inky
ink-bottle	inkpot
inka	inca
inkiness	blackness
inking-pad	inkpad
inkling	glimmer,glimmering,intimation
inkpad	inking-pad,pad,stamp-pad
inkpot	ink-bottle
inky	ink-black,inky-black
inky-black	inky
inla	catholic-reaction-force
inland-revenue	ir
inlet	recess
inmost	innermost
inn	auberge,hostel,hostelry,lodge
innate	congenital,inborn
innate-reflex	reflex
inner	interior,internal
inner-circle	clique
innermost	inmost
innersole	insole
inning	frame
innocence	artlessness,ingenuousness,naturalness
innocent	barren,clean-handed,devoid,guiltless
innovation	founding,invention
innumerable	countless,myriad
innumerous	countless,myriad
inocor	amrinone
inordinate	excessive
inorganic-phosphate	phosphate
inosculation	anastomosis
input	comment,input-signal,stimulus
input-signal	input
inquire	ask,enquire,wonder
inquirer	asker
inquiring	questioning
inquiry	enquiry,research
insane-asylum	asylum
insanely	crazily,dementedly,madly
insaneness	madness
inscribe	enrol,enroll,recruit
inscribed	etched,graven
inscription	lettering
inscrutable	cryptic,mysterious
insensibly	numbly
insert	enter,infix,introduce,tuck
inset	gusset
inshore	onshore
inside	indoors,interior,inwardly,within
inside-information	details
insight	penetration
insightfulness	acumen
insignificant	peanut
insipid	bland,jejune
insist	take-a-firm-stand
insofar	in-so-far,so-far,to-that-degree,to-that-extent
insole	innersole
insolence	cheekiness,crust,freshness,gall,impertinence,impudence
insolent	brazen,flip,impudent,snotty-nosed
insoluble	indissoluble
insouciant	casual
inspire	animate,enliven,exalt,invigorate
inspissate	thicken
inst	instant
instal	install,put-in,set-up
install	instal,put-in,set-up
installation	facility
instance	case,example,illustrate
instant	blink-of-an-eye,flash,heartbeat,inst,jiffy,moment,split-second,trice,twinkling,wink
instant-replay	replay
instantly	at-once,directly,forthwith,immediately,now,right-away,straight-off,straightaway
instauration	founding
instead	alternatively,or-else
instigate	incite
instinct	inherent-aptitude
instinctive-reflex	reflex
institute	constitute,establish,found,plant
institution	asylum,establishment,founding
instruct	teach
instruction	direction,education,teaching
instructor	teacher
instrumentalist	musician
insulate	isolate
insult	affront,diss
insulting	scornful
insure	ascertain,assure,check,control,ensure,see,see-to-it
insurrection	rebellion,revolt
intact	entire,integral
intake	consumption,ingestion,uptake
integer	whole-number
integral	built-in,constitutional,inbuilt,inherent,intact
integrate	incorporate
integrated	merged,unified
integrating	integration
integration	desegregation,integrating
integrity	unity
intellect	mind
intellection	thinking
intellectual	cerebral,noetic
intelligence	news,tidings
intelligence-quotient	iq
intend	mean,signify,think
intensify	compound,deepen
intensity	chroma,intensity-level,strength
intensity-level	intensity
intensive-care-unit	icu
intent	absorbed,aim,captive,engrossed,enwrapped,intention,purpose,wrapped
intention	aim,design,intent,purpose
intentionally	deliberately
inter	bury,entomb,inhume,lay-to-rest
interahamwe	alir
intercept	stop
interchange	substitute
intercourse	coitus
intercrossed	hybrid
interdict	forbid,prohibit
interest	involvement,pastime,sake,stake
interfere	intervene
interfering	meddling
interior	doi,inner,inside
interior-decoration	decor
interior-department	doi
interlace	lace,twine
interlanguage	koine
intermediate	medium
interment	burial
intermeshed	meshed
interminable	endless
intermingle	blend
intermix	blend
intermixture	mixing
internal	inner
internal-organ	viscus
internal-secretion	hormone
international-mile	mile
interpenetrate	pervade
interpose	intervene
interpret	construe,see,translate
interpretation	reading,version
interpreted	taken
interred	buried
interrupt	break,break-up,cut-off,disrupt
interrupted	fitful
intersect	cross
intersection	intersection-point,point-of-intersection
intersection-point	intersection
intertwine	lace,tat,twine
interval	time-interval
intervene	interfere,interpose,step-in
intervention	treatment
interview	question
interweave	weave
intestinal-colic	colic
intestinal-obstruction	ileus
intestine	bowel,gut
intimacy	amour
intimate	versed
intimation	inkling
intonate	chant
intonation	modulation,pitch-contour
intone	chant,tone
intoxicant	alcohol
intoxicate	elate,uplift
intoxicated	drunk
intransigent	adamant
intraocular-pressure	iop
intrauterine-device	iud
intravenous-pyelography	ivp
introduce	acquaint,insert,present
introduction	debut,founding
intrude	irrupt
intrust	entrust
intuition	hunch,suspicion
intumescent	turgid
inuit	eskimo,esquimau
inunct	anele
inundate	flood
inundated	awash,flooded
inundation	deluge
inure	harden,indurate
inured	enured,hardened
invade	occupy
invader	encroacher
invaluable	priceless
invariably	always,constantly
invariant	constant
invasion-of-iwo	iwo
inveigle	coax
invent	contrive,devise,excogitate,forge,formulate
invention	innovation
inventory	stock-list
inverse	reverse
inversely	reciprocally
invest	commit,endow,endue,induct,indue,place,put,vest
investigate	look-into
investigation	probe
investigator	detective,research-worker,researcher,tec
investing	investment
investment	investing
invigorate	inspire,liven
invigorated	refreshed
invigoration	brio
invisible	unseeable
invite	ask-for
invitee	guest
invoke	arouse,bring-up,call-down,conjure,conjure-up,evoke,raise,stir
involution	participation
involve	affect,necessitate,regard,require
involved	mired,tortuous
involvement	amour,interest,participation
inward	in
inwardly	inside
inwards	in
iodin	i,iodine
iodinated	iodised,iodized
iodine	i,iodin
iodised	iodinated
iodized	iodinated
iol	lens-implant
ionic-medication	emda
ionised	ionized
ionized	ionised
iontophoresis	emda
iontotherapy	emda
iop	intraocular-pressure
iota	shred,whit
iowa	ia,ioway
ioway	iowa
ip	informatics,information-processing,information-science
ipidae	family-ipidae,family-scolytidae,scolytidae
ipo	initial-offering,initial-public-offering
ipsus	battle-of-ipsus
ipv	salk-vaccine
iq	i,intelligence-quotient
ir	inland-revenue
ira	anger,ire,wrath
irak	al-iraq,iraq,republic-of-iraq
iraki	iraqi
iran	persia
irani	iranian,persian
iranian	irani
iranian-rial	rial
iraq	al-iraq,irak,republic-of-iraq
iraqi	iraki
iraqi-mukhabarat	iis
iraqi-national-congress	inc
irate	ireful
ire	anger,ira,wrath
ireful	irate
ireland	eire,irish-republic,republic-of-ireland
irena	genus-irena
iris	iris-diaphragm
iris-diaphragm	iris
irish-bull	crap,shit
irish-capital	dublin
irish-gorse	furze,gorse
irish-potato	potato,tater
irish-republic	eire,ireland
irk	gall
irksome	boring,deadening,dull,ho-hum,slow,tedious,tiresome,wearisome
iron	fe
ironic	dry,ironical,wry
ironical	ironic,wry
irons	chains
irony	caustic-remark,sarcasm,satire
irradiation	ray
irrespective	regardless
irreverent	godless,pert
irritable	peevish,techy,testy,tetchy
irritably	pettishly,petulantly,testily
irritant	thorn
irritate	annoy,bother,get-at,get-to,nark,nettle,rag,rile,vex
irritated	annoyed,miffed,peeved,riled,stung
irritating	galling,pesky,plaguy,vexing
irritation	annoyance,botheration,temper,vexation
irrupt	intrude
irvingia-gabonensis	dika
isaac-newton	newton
isaac-watts	watts
isaiah	book-of-isaiah
isere	isere-river
isere-river	isere
ishmael	outcast
isinglass	mica
islam	islamism,mohammedanism,muhammadanism,muslimism
islam-nation	umma,ummah
islamic	moslem,muslim
islamic-army-of-aden	iaa
islamic-community	ji
islamic-group	ji
islamic-ummah	umma,ummah
islamic-unity	aiai
islamism	islam
isle	islet
isle-of-wight	wight
islet	isle
ism	doctrine,philosophical-system,philosophy,school-of-thought
isolate	insulate
isolated	separated,stray
isoniazid	inh
isoptin	calan
isosmotic	isotonic
isotonic	isosmotic
isotropic	isotropous
isotropous	isotropic
israeli-defense-force	idf
israelite	jew
issue	consequence,effect,exit,proceeds,result,upshot
issus	battle-of-issus
isurus	genus-isurus
it	information-technology
italia	italy
italian-capital	roma,rome
italian-lira	lira
italian-republic	italy
italian-sandwich	hoagy,zep
italy	italia,italian-republic
itch	rub,scratch
itchy	antsy
item	detail,point,token
itemise	itemize
itemize	enumerate,itemise,recite
iterate	reiterate,repeat,restate
ithunn	idun
itinerary	route
iud	intrauterine-device
iv	four
iva	marsh-elder
ivan-lendl	lendl
ives	james-ives,james-merritt-ives
ivied	ivy-covered
ivory	pearl,tusk
ivp	intravenous-pyelography
ivry	battle-of-ivry,ivry-la-bataille
ivry-la-bataille	ivry
ivy	common-ivy,english-ivy,hedera-helix
ivy-covered	ivied
iw	information-warfare
iwo	invasion-of-iwo,iwo-jima
iwo-jima	iwo
iww	i
ix	nine,niner
ixc	eighty-nine
ixia	genus-ixia
ixl	thirty-nine
ixodes	genus-ixodes
ixodid	hard-tick
iyar	iyyar
iyyar	iyar
izmir	smyrna
izzard	ezed,z,zed,zee
j	synge
jab	dig,jabbing,poke,poking,prod,stab
jabber	mouth-off,rabbit-on,rant,rave,spout
jabbing	jab,poke,poking,thrust,thrusting
jabiru	jabiru-mycteria
jabiru-mycteria	jabiru
jack	jackass,jak,knave,laborer,seaman
jack-benny	benny
jack-kennedy	jfk
jack-mackerel	saurel
jack-tar	seaman
jackal	canis-aureus
jackass	bozo,cuckoo,fathead,goof,goofball,goose,jack,twat,zany
jackdaw	corvus-monedula,daw
jackfruit	jak
jacking-off	wank
jacks	jackstones,knucklebones
jackstones	jacks
jacques-loeb	loeb
jacques-lucien-monod	monod
jacques-monod	monod
jacques-tati	tati
jacques-tatischeff	tati
jactitate	thresh
jade	hussy,jadestone,slut
jaded	wearied
jadestone	jade
jafar	jafar-umar-thalib,jaffar,jaffar-umar-thalib
jafar-umar-thalib	jafar
jaffa	joppa,yafo
jaffar	jafar
jaffar-umar-thalib	jafar
jag	dag
jagged	erose,jaggy,scraggy
jaggery-palm	kitul
jaggy	erose,jagged,scraggy
jagua	genipa-americana,genipap-fruit,marmalade-box
jaguar	felis-onca,panther,panthera-onca
jaguarondi	eyra
jaguarundi	eyra
jaguarundi-cat	eyra
jahvey	jhvh,yahve,yahwe,yhvh,yhwh
jahweh	yahve,yahwe,yhvh,yhwh
jai-alai	pelota
jail	clink,gaol,imprison,jailhouse,pokey,poky,slammer
jailed	captive,confined,imprisoned
jailhouse	gaol,jail
jain	jainist
jainist	jain
jaish-e-muhammad	jem
jaish-i-mohammed	jem
jak	jack,jackfruit
jakes	earth-closet,outhouse,privy
jakob-behmen	boehm,bohme
jakob-boehm	boehm,bohme
jakob-boehme	boehm,bohme
jakob-bohme	boehm,bohme
jakob-grimm	grimm
jakob-ludwig-karl-grimm	grimm
jalopy	bus,heap
jam	cram
jam-packed	jammed,packed
jamaat-ul-fuqra	fuqra
jambeau	greave
jambon	ham
jamboree	gala
james	epistle-of-james
james-agee	agee
james-bowie	bowie
james-buchanan-brady	brady
james-cleveland-owens	owens
james-ives	ives
james-joyce	joyce
james-k	polk
james-knox-polk	polk
james-merritt-ives	ives
james-polk	polk
james-prescott-joule	joule
james-riddle-hoffa	hoffa
james-tobin	tobin
james-whitcomb-riley	riley
jamjar	jampot
jammed	jam-packed,packed
jammies	pajama,pj's,pyjama
jampack	cram
jampot	jamjar
jan	january
jan-christian-smuts	smuts
jan-hendrix-oort	oort
jan-hus	hus,huss
jan-steen	steen
jan-van-eyck	eyck
jangle	jingle,jingle-jangle
jangling	jangly
jangly	jangling
january	jan
jap	nip
japan	japanese-archipelago,japanese-islands,nihon
japan-cedar	sugi
japanese	nipponese
japanese-apricot	mei
japanese-archipelago	japan
japanese-capital	edo,tokio,tokyo,yeddo,yedo
japanese-cedar	sugi
japanese-deer	sika
japanese-islands	japan
japanese-red-army	jra
jape	gag,jest,joke,laugh
japery	buffoonery,clowning,frivolity,harlequinade,prank
jargon	argot,cant,lingo,patois,slang,vernacular
jaroslav-hasek	hasek
jasper-johns	johns
jaun-gris	gris
jaunt	excursion,expedition,junket,outing,pleasure-trip,sashay
jaunty	chipper,dapper,debonair,debonaire,natty,spiffy,spruce
java	coffee
javan	javanese
javanese	javan
jaw	chew,rebuke
jawaharlal-nehru	nehru
jawbone	jowl
jay-cooke	cooke
jay-gould	gould
jazz-band	combo
jazz-group	combo
jazzy	flashy,gaudy
jealous	covetous,envious
jean	denim,dungaree
jean-arp	arp
jean-baptiste-lully	lulli,lully
jean-baptiste-racine	racine
jean-jacques-rousseau	rousseau
jean-paul-marat	marat
jean-racine	racine
jebel-musa	abila,abyla
jed'dah	jidda
jeddah	jidda
jeep	landrover
jeer	barrack,flout,gibe,mockery,scoff,scoffing
jeerer	mocker
jeering	mockery,mocking,scoffing
jehad	jihad
jehovah	creator,lord
jejune	insipid
jell	congeal,set
jell-o	jello
jelled	congealed,jellied
jellied	jelled
jello	jell-o
jem	army-of-muhammad,jaish-e-muhammad,jaish-i-mohammed
jemaah-islamiyah	ji
jemmy	jimmy
jena	battle-of-jena
jennet	jenny,jenny-ass
jenny	jennet,jenny-ass
jenny-ass	jennet,jenny
jenny-lind	lind
jenny-wren	wren
jeopardise	endanger,threaten
jeopardize	endanger,threaten
jeopardy	hazard,peril
jerez	jerez-de-la-frontera
jerez-de-la-frontera	jerez
jerk	dork,jerking,jolt,twitch,yank
jerking	jerk,jolt,saccade
jerking-off	wank
jerkwater	pokey,poky
jerky	anserine,dopey,dopy,foolish,gooselike,goosey,goosy
jerom-bos	bosch
jerry	boche,hun,kraut,krauthead
jersey	nj
jerusalem	capital-of-israel
jesse-owens	owens
jessica-tandy	tandy
jest	gag,jape,joke,laugh
jest-at	ridicule
jesting	jocose,jocular,joking
jesus	christ,good-shepherd,jesus-christ,jesus-of-nazareth,redeemer,savior,saviour,the-nazarene
jesus-christ	christ,jesus,savior
jesus-of-nazareth	christ,jesus,savior
jet	jet-plane,jet-propelled-plane,sooty,spirt,spurt
jet-black	ebony,sooty
jet-plane	jet
jet-propelled-plane	jet
jeth	jyaistha
jetsam	flotsam
jetty	breakwater,bulwark,groin,groyne,mole,seawall
jeune-fille	lass
jew	hebrew,israelite
jewel	gem,precious-stone
jewel-casket	casket
jeweled	beady,gemmed,jewelled,sequined,spangled,spangly
jeweler	jeweller,jewelry-maker
jeweler's-loupe	loupe
jewelled	gemmed,jeweled
jeweller	jeweler
jewelry-maker	jeweler
jewish	judaic
jewish-religion	judaism
jfk	jack-kennedy,john-fitzgerald-kennedy,kennedy,president-john-f,president-kennedy
jhvh	jahvey,wahvey,yahve,yahveh,yahwe,yahweh,yhvh,yhwh
ji	islamic-community,islamic-group,jemaah-islamiyah,malaysia-militant-group
jib	balk,gybe
jibe	barb,correspond,dig,gibe,gybe,match,shaft,shot,slam
jidda	jed'dah,jeddah,jiddah
jiddah	jidda
jiffy	blink-of-an-eye,flash,heartbeat,instant,split-second,trice,twinkling,wink
jig	gigue
jigaboo	nigga,nigger,nigra
jigger	chigger,harvest-mite,redbug
jiggle	joggle,wiggle
jigsaw	fretsaw,scroll-saw
jihad	jehad
jilted	rejected,spurned
jim-bowie	bowie
jimdandy	crackerjack,jimhickey
jimhickey	jimdandy
jimmy	jemmy,lever,prise,prize,pry
jimmy-hoffa	hoffa
jingle	jangle,jingle-jangle
jingle-jangle	jangle,jingle
jingling	jingly
jingly	jingling
jingo	chauvinist,flag-waver,hundred-percenter,jingoist,patrioteer
jingoist	jingo
jinks	high-jinks,high-jinx,hijinks
jinnee	djinn,genie,jinni
jinni	djinn,djinni,djinny,genie,jinnee
jinx	curse,hex,whammy
jinxed	hexed
jiqui	malpighia-obovata
jitney	autobus,bus,charabanc,coach,double-decker,motorbus,motorcoach,omnibus
jittery	edgy,jumpy,restive
jnr	jr,junior
joan-miro	miro
job	business,chore,line,line-of-work,occupation,problem
jock	athlete,athletic-supporter,jockstrap,supporter,suspensor
jockey	cheat
jockey-shorts	briefs
jockstrap	jock
jocose	jesting,jocular,joking
jocular	jesting,jocose,joking
jocund	gay,jolly,jovial,merry,mirthful
joe-clark	clark
joe-louis	louis
joel	book-of-joel
jog	ramble,ramble-on,trot
joggle	dowel,jiggle,wiggle
johann-eck	eck
johann-maier	eck
johann-maier-eck	eck
john	bathroom,can,lav,lavatory,privy,toilet
john-barleycorn	booze,liquor
john-barth	barth
john-berry-hobbs	hobbs
john-bull	limey
john-cabot	cabot
john-cowper-powys	powys
john-davis	davys
john-davys	davys
john-deere	deere
john-dewey	dewey
john-donne	donne
john-drew	drew
john-fitzgerald-kennedy	jfk
john-glenn	glenn
john-hanning-speke	speke
john-herschel-glenn-jr	glenn
john-huss	hus,huss
john-jacob-astor	astor
john-keats	keats
john-keble	keble
john-knox	knox
john-locke	locke
john-lyly	lyly
john-millington-synge	synge
john-muir	muir
john-orley-allen-tate	tate
john-philip-sousa	sousa
john-simmons-barth	barth
john-speke	speke
john-venn	venn
johnny	greyback,johnny-reb,reb,rebel
johnny-reb	johnny,reb,rebel
johns	jasper-johns
johnson	lbj
join	fall-in,get-together
join-forces	collaborate,cooperate
joined	linked,united
joint	reefer,spliff
jointed-charlock	runch
joke	gag,jape,jest,laugh
joker	jokester
jokester	joker
joking	jesting,jocose,jocular
jolly	chaff,fairly,gay,jocund,josh,jovial,merry,mirthful,pretty,reasonably
jolt	jerk,jerking,saccade
jolted	shaken
jolting	jolty
jolty	bumpy,jolting,jumpy,rocky,rough
jonah	book-of-jonah
jonas-edward-salk	salk
jonas-salk	salk
jones	daniel-jones
jong	erica-jong
jook	jook-house,jook-joint,juke,juke-house,juke-joint
jook-house	jook
jook-joint	jook
joppa	jaffa,yafo
jose-julian-marti	marti
joseph-henry	henry
joseph-louis-barrow	louis
joseph-stalin	stalin
josh	banter,chaff,jolly,kid
joshua	book-of-joshua,josue
josiah-willard-gibbs	gibbs
josip-broz	tito
jostle	shove
josue	book-of-joshua,joshua
jot	jotting,mite
jotting	jot
jotun	jotunn
jotunn	jotun
joule	james-prescott-joule
journal	diary
journalism	news-media
journey	journeying
journeying	journey
joust	tilt
jove	jupiter
jovial	gay,jocund,jolly,merry,mirthful
jowl	jawbone,lower-jaw,lower-jawbone,mandible,mandibula,mandibular-bone,submaxilla
jowly	double-chinned,loose-jowled
joy	joyfulness,joyousness,rejoice
joyce	james-joyce
joyce-carol-oates	oates
joyful	gleeful
joyfulness	joy
joyousness	joy
jr	jnr,younger
jra	japanese-red-army
juan-domingo-peron	peron
jubilant	exultant,exulting,gleeful,prideful,rejoicing,triumphal,triumphant
jubilantly	blithely,gayly,happily,merrily
jubilate	exult
juda	judah
judaea	judea
judah	juda
judaic	jewish
judaism	hebraism,jewish-religion
jude	epistle-of-jude
judea	judaea
judge	estimate,gauge
judgement	judgment
judges	book-of-judges
judgment	judgement,mind
judicature	court
judicial-writ	writ
judith	book-of-judith
jug	imprison
jugal-bone	malar
jugal-point	jugale
jugale	jugal-point
juggle	juggling
juggling	juggle
juice	succus
juice-reamer	juicer
juicer	juice-reamer,reamer,toper
juicy	risque,spicy
juju	voodoo
juke	fake,jook
juke-house	jook
juke-joint	jook
jukebox	nickelodeon
julep	mint-julep
jules-verne	verne
julius-caesar	caesar
jumble	clutter,fuddle,mare's-nest,muddle,smother,welter
jumbled	disorderly,higgledy-piggledy,hugger-mugger,topsy-turvy
jumbo	elephantine,gargantuan,giant
jument	beast-of-burden
jump	bound,leap,skip,spring
jump-shot	jumper
jumper	jump-shot,pinny,sweater
jumping-plant-louse	psylla
jumpy	edgy,high-strung,highly-strung,jittery,jolty,nervy,overstrung,restive,uptight
junco	snowbird
junction-rectifier	diode
juncture	occasion
jung	carl-gustav-jung,carl-jung
junior	jnr
junior-grade	lowly
junior-varsity	jv
juniper	retem
juniper-bush	retem
junipero-serra	serra
juniperus-sabina	savin
junk	debris,detritus,dust,rubble
junk-e-mail	spam
junket	jaunt,outing
junkie	junky
junky	addict,freak,junkie,nut
junta	military-junta
junto	cabal,camarilla,faction
jupiter	jove
jural	juristic
jurisprudence	law
jurist	legal-expert
juristic	jural
juror	juryman,jurywoman
juryman	juror
jurywoman	juror
just	barely,but,equitable,exactly,fair,hardly,merely,only,precisely,scarce,scarcely,simply
just-about	about,approximately,roughly
justice	doj,justness
justice-department	doj
justifiedly	rightly
justify	warrant
justly	right,rightly
justness	justice,nicety
jut	bulge,hump,jutting,projection,protrude,protrusion
jut-out	protrude
jutting	jut,projected,projecting,protruding,relieved,sticking,sticking-out
juvenile-diabetes	iddm
juvenile-onset-diabetes	iddm
jv	junior-varsity
jyaistha	jeth
jynx	genus-jynx
k	kb,kib,potassium,thou,thousand
k-meson	kaon
k-particle	kaon
kaaba	caaba
kabala	cabala,cabbala,cabbalah,kabbala,kabbalah,qabala,qabbala,qabbalah
kabbala	cabala,kabala,qabala
kabbalah	cabala,kabala,qabala
kabob	kebab,shish-kebab
kabul	capital-of-afghanistan
kach	kahane-chai
kadai	kadai-language,kam-tai
kadai-language	kadai
kafka	franz-kafka
kaftan	caftan
kahane-chai	kach
kahn	louis-isadore-kahn
kail	cole,kale
kale	boodle,bread,cabbage,clams,cole,dinero,dough,gelt,kail,lettuce,pelf
kalian	calean,chicha,hookah,narghile,nargileh,sheesha,shisha,water-pipe
kalif	calif,caliph,kaliph,khalif,khalifah
kaliph	caliph,kalif
kalka	khalka,khalkha
kalpac	calpac,calpack
kam-tai	kadai
kanaf	bimli,bimli-hemp,bombay-hemp,deccan-hemp,hibiscus-cannabinus,indian-hemp,kenaf
kangaroo-bear	koala
kansa	kansas
kansas	kansa,ks,sunflower-state
kansu	gansu,gansu-province
kant	immanuel-kant
kaon	k-meson,k-particle,kappa-meson
kapok	bombay-ceiba,ceiba-pentandra,ceiba-tree,god-tree,silk-cotton-tree,white-silk-cotton-tree
kappa-meson	kaon
kapsiki	higi
kaput	done-for,gone
karat	carat,kt
karel-capek	capek
karen	karenic
karenic	karen
karl-marx	marx
karyon	cell-nucleus,nucleus
kasai	kasai-river,river-kasai
kasai-river	kasai
kaspar-friedrich-wolff	wolff
kat	african-tea,arabian-tea,cat,khat,qat,quat
katar	katar-peninsula,qatar,qatar-peninsula
katar-peninsula	katar,qatar
katari	qatari
katharsis	catharsis
katzenjammer	hubbub
kauai	kauai-island
kauai-island	kauai
kaunas	kovna,kovno
kauri	kaury
kaury	agathis-australis,kauri
kava	kavakava
kavakava	kava
kavrin	papaverine
kayo	knockout,ko
kayoed	knocked-out,ko'd,out,stunned
kazak	kazakh
kazakh	kazak
kb	k,kbit,kib,kibibyte,kilobyte
kbit	kb,kilobit
kbo	kuiper-belt-object
kc	khz,kilocycle,kilocycle-per-second,kilohertz
kea	nestor-notabilis
kean	edmund-kean
keats	john-keats
keb	geb
kebab	kabob,shish-kebab
keble	john-keble
keel	careen,lurch,stagger
keeled	carinate,carinated,ridged
keen	acute,bully,dandy,discriminating,exquisite,incisive,knifelike,lament,nifty,penetrating,penetrative,piercing
keenness	acuity,eagerness
keep	celebrate,continue,donjon,dungeon,go-on,hold,maintain,restrain,retain
keep-back	restrain,withhold
keep-down	quash,repress
keep-on	retain
keep-up	sustain
keeping	guardianship,holding,retention,safekeeping
keflex	cephalexin,keflin,keftab
keflin	cephalexin,keflex,keftab
keftab	cephalexin,keflex,keflin
kelly	eugene-curran-kelly,gene-kelly
kelpie	kelpy
kelpy	kelpie
kelt	celt
kempt	tidy
ken	cognizance
ken-elton-kesey	kesey
ken-kesey	kesey
kenaf	bimli,bimli-hemp,bombay-hemp,deccan-hemp,hibiscus-cannabinus,indian-hemp,kanaf
kennedy	jfk
kennel	dog-house,doghouse
keno	beano,bingo,lotto
kentucky	bluegrass-state,ky
kenya	republic-of-kenya
kenzo-tange	tange
kepi	peaked-cap,service-cap,yachting-cap
kept	unbroken
kept-woman	mistress
kerb	curb,curbing
kerfuffle	commotion
kernel	center,centre,core,essence,gist,heart,heart-and-soul,nub,substance
kerugma	kerygma
kerygma	kerugma
kesey	ken-elton-kesey,ken-kesey
ketonemia	ketosis
ketoprofen	orudis
ketorolac-tromethamine	acular
ketosis	acetonemia,ketonemia
ketosis-prone-diabetes	iddm
kettle	boiler
key	cardinal,cay,central,fundamental
keypad	computer-keyboard
keystone-state	pennsylvania
kg	kilo,kilogram
kgb	soviet-kgb
khaddar	khadi
khadi	khaddar
khalif	caliph,kalif
khalifah	caliph,kalif
khalka	kalka
khalkha	kalka
khama	sir-seretse-khama
khan	caravan-inn,caravansary,caravanserai
khat	african-tea,arabian-tea,cat,kat,qat,quat
khaya	genus-khaya
khi	chi
khios	chios
khmer-rouge	kr
khufu	cheops
khz	kc,kilocycle,kilocycle-per-second,kilohertz
ki	ch'i,qi
kiaat	bloodwood-tree,pterocarpus-angolensis
kiang	equus-kiang
kib	k,kb,kibibyte,kilobyte
kibibit	kibit
kibibyte	kb,kib
kibit	kibibit
kichaga	chaga
kick	complain,gripe,thrill
kick-downstairs	demote
kick-out	expel,oust
kick-the-bucket	die,perish
kick-upstairs	elevate
kickoff	outset
kickshaw	goody
kid	chaff,child,josh,kyd,minor,nipper,shaver,small-fry,tiddler,tike,tyke,youngster
kidd	captain-kidd,william-kidd
kidnap	abduct,nobble,snatch
kidnaper	kidnapper
kidnapper	abductor,kidnaper,snatcher
kiev	capital-of-the-ukraine,kyyiv
kike	hymie,sheeny,yid
kiley	kylie
kill	killing
killer	orca,slayer
killer-whale	orca
killing	kill,putting-to-death
kilo	kg,kilogram
kilobit	kbit
kilobyte	kb,kib
kilocycle	kc,khz
kilocycle-per-second	kc,khz
kilogram	kg,kilo
kilohertz	kc,khz
kilometer	klick,km
kilometers-per-hour	kph
kilometre	klick,km
kilometres-per-hour	kph
kilovolt	kv
kilowatt	kw
kin	akin,blood-related,clan,cognate,consanguine,consanguineal,consanguineous,tribe
kin-group	clan,tribe
kind	form,sort,variety
kind-of	kinda,rather
kinda	kind-of,rather,sort-of
kindle	arouse,elicit,evoke
kindled	enkindled,ignited
kindly	benevolent,charitable,good-hearted,large-hearted,openhearted,sympathetic
kindred	akin,clan,tribe
kine	bos-taurus,cattle,cows,oxen
king	baron,male-monarch,mogul,rex
king-lear	lear
king-mackerel	cero
king-of-beasts	lion
kingdom	land,realm
kingdom-fungi	fungi
kingdom-monera	monera
kingdom-of-denmark	denmark
kingdom-of-morocco	morocco
kingdom-of-nepal	nepal
kingdom-of-norway	noreg,norge,norway
kingdom-of-spain	spain
kingdom-of-sweden	sweden
kingdom-of-thailand	siam
kingdom-prokaryotae	monera
kinglike	kingly
kingly	kinglike
kinin	cytokinin
kink	curl,wrick
kinkajou	potto
kinky	far-out,frizzy,nappy,offbeat,quirky,way-out
kino	pterocarpus-marsupium
kinship	affinity
kinship-group	clan,tribe
kiosk	booth,cubicle,stall
kip	sleep,slumber,upstart
kiss	buss,osculate,snog
kiss-of-life	cpr
kiss-of-peace	pax
kisser	countenance,mug,phiz,physiognomy,smiler,visage
kissing	caressing,cuddling,fondling,hugging,necking,petting,smooching,snuggling
kit-bag	kitbag
kitbag	kit-bag
kitchen-police	kp
kitchen-range	stove
kitchen-stove	stove
kitschy	drippy,mushy,slushy,soppy,soupy
kitten	kitty
kittenish	frisky
kittul	kitul
kitty	kitten,kitty-cat,puss,pussy,pussycat
kitty-cat	kitty,puss
kitul	caryota-urens,jaggery-palm,kittul,kitul-tree,toddy-palm,wine-palm
kitul-tree	kitul
kivu	lake-kivu
kiwi	apteryx
kkk	klan,ku-klux-klan
klaipeda	memel
klan	kkk,ku-klux-klan
klaus-fuchs	fuchs
klaxon	claxon
klee	paul-klee
klein	calvin-klein,calvin-richard-klein
klick	kilometer,kilometre,km
klimt	gustav-klimt
kline	franz-joseph-kline,franz-kline
km	kilometer,kilometre,klick
knack	bent,hang
knap	break-off,chip,cut-off,rap
knapsack	back-pack,backpack,haversack,packsack,rucksack
knave	jack,rascal,rogue
knavish	crafty,dodgy,foxy,sly,tricky,wily
knavishly	foxily,slyly
knawe	knawel,scleranthus-annuus
knawel	knawe
knead	work
knee	articulatio-genus,genu,human-knee,knee-joint
knee-joint	genu,knee
kneecap	kneepan,patella
kneepan	kneecap
knickers	pants
knife	stab
knifelike	incisive,keen
knit	pucker
knob	boss
knobbed	gnarly
knobbly	knobby
knobby	knobbly
knock	bash,bump,criticize,strike-hard,whang
knock-about	batter,buffet
knock-off	glom
knock-rummy	gin
knocked-out	kayoed,ko'd
knocker	boob,rapper,tit,titty
knockoff	clone
knockout	kayo,ko,lulu
knoll	hammock,hillock,hummock,mound
knot	burl,gnarl,slub
knotted	gnarly
knotty	baffling,elusive,gnarly,problematic,problematical,snarly,tortuous,tough
know	recognize
knowing	wise,wise-to
knowingness	awareness
knowledge	cognition,noesis
knowledgeable	versed
knox	john-knox
knuckle	knuckle-joint
knuckle-duster	knucks
knuckle-joint	knuckle
knuckle-under	succumb
knucklebones	jacks
knucklehead	dunce,lunkhead
knuckles	knucks
knucks	brass-knuckles,brass-knucks,knuckle-duster,knuckles
knut	canute,canute-the-great,cnut
ko	kayo,knockout
ko'd	kayoed,knocked-out,out,stunned
koala	kangaroo-bear,koala-bear,native-bear,phascolarctos-cinereus
koala-bear	koala
kob	kobus-kob
kobus	genus-kobus
kobus-kob	kob
kobus-leche	lechwe
koch	robert-koch
kodiak	alaskan-brown-bear,kodiak-bear,ursus-middendorffi
kodiak-bear	kodiak
kogia	genus-kogia
koine	interlanguage,lingua-franca
kola	daba,musgoi
koln	cologne
komi	zyrian
konoe	fumimaro-konoe,fumimaro-konoye,konoye,prince-fumimaro-konoe,prince-fumimaro-konoye
konoye	konoe
koodoo	koudou,kudu
kook	odd-fellow,odd-fish,odd-man-out,queer-bird,queer-duck
kookie	balmy,barmy,bats,batty,bonkers,buggy,cracked,crackers
kooky	balmy,barmy,bats,batty,bonkers,buggy,cracked,crackers
kopeck	kopek
kopek	copeck,kopeck
kopje	koppie
koppie	kopje
kor	homer
koran	al-qur'an,book,quran
korda	sandor-kellner,sir-alexander-korda
kore	cora,despoina,persephone
korea	dae-han-min-gook,han-gook,korean-peninsula
korean-peninsula	korea
kos	coss
kosher	cosher
kota	kotar
kotar	kota
kotex	sanitary-napkin,sanitary-towel
kotow	kowtow
koudou	koodoo,kudu
koumiss	kumis
kovna	kaunas,kovno
kovno	kaunas,kovna
kowtow	kotow
kp	kitchen-police
kph	kilometers-per-hour,kilometres-per-hour
kr	khmer-rouge
kraft	kraft-paper
kraft-paper	kraft
kraut	boche,hun,jerry,krauthead
krauthead	boche,jerry,kraut
krebs	hans-adolf-krebs,sir-hans-adolf-krebs
kris	crease,creese
kriss-kringle	santa
kriti	crete
krona	icelandic-krona
krone	danish-krone
kroto	harold-kroto,harold-w,sir-harold-walter-kroto
krubi	amorphophallus-titanum,titan-arum
krupp	friedrich-krupp
ks	kansas,sunflower-state
kt	carat,karat
ku-klux-klan	kkk,klan
kudos	congratulations,extolment,praise
kudu	koodoo,koudou
kudzu	kudzu-vine,pueraria-lobata
kudzu-vine	kudzu
kuhn	richard-kuhn
kuiper-belt-object	kbo
kuki	chin,kuki-chin
kuki-chin	kuki
kulun	capital-of-mongolia,ulaanbaatar,ulan-bator,urga
kumis	koumiss
kura	kura-river
kura-river	kura
kurakkan	ragee,ragi
kurdistan-labor-pary	ppk
kurdistan-workers-party	ppk
kurt-godel	godel
kurt-weill	weill
kurus	piaster,piastre
kutch	cutch
kv	kilovolt
kvetch	complain
kw	kilowatt
kwai	yuan
kwanza	kwanzaa
kwanzaa	kwanza
kweek	bahama-grass,bermuda-grass,cynodon-dactylon,devil-grass,doob,scutch-grass,star-grass
ky	bluegrass-state,kentucky
kyd	kid,thomas-kid,thomas-kyd
kylie	kiley
kylix	cylix
kyphotic	humped
kyyiv	capital-of-the-ukraine,kiev
l	fifty,liter,litre
l-p	lp
la	lah
laager	lager
lab	laboratory,research-lab,research-laboratory,science-lab,science-laboratory
laban	rudolph-laban
labeled	labelled,tagged
labelled	labeled,tagged
labor	dol,labour,project,task,toil
labor-coach	doula
labor-department	dol
labor-union	union
laboratory	lab,research-lab,research-laboratory,science-lab,science-laboratory
labored	strained
laborer	jack,labourer,manual-laborer
laboring	toiling
laborious	arduous
labour	labor,proletariat,toil,working-class
laboured	strained
labourer	laborer
labouring	toiling
labyrinth	maze
labyrinthian	mazy
labyrinthine	mazy
lace	enlace,entwine,interlace,intertwine,twine
laced	tied
lacelike	lacy
lacerate	mangled,torn
lacerated	mangled,torn
lacertilia	sauria
lachrymose	weeping
lacing	beating,drubbing,licking,thrashing,trouncing,whacking
lack	deficiency,want
lackadaisical	languid
lackey	flunkey,flunky,toady
lacking	deficient,wanting
laconic	curt,terse
laconically	drily,dryly
lacuna	caisson,coffer
lacy	lacelike,netlike,netted,webbed,webby
lad	blighter,bloke,chap,cuss,fella,feller,fellow,gent,sonny
ladder	ravel
laddie	sonny
lade	laden,load,load-up
laden	lade,ladened,loaded
ladened	laden,loaded
lading	cargo,consignment,freight,load,loading,payload,shipment
lady	ma'am,madam
lady-of-the-house	housewife
lag	dawdle,fall-back,fall-behind,imprison
lagan	lagend,ligan
lagend	lagan,ligan
lager	laager
lagoon	laguna,lagune
laguna	lagoon
lagune	lagoon
lah	la
laic	lay,secular
laid	set
laid-off	fired
lair	den
laity	temporalty
lake-eyre	eyre
lake-herring	cisco
lake-huron	huron
lake-ilmen	ilmen
lake-kivu	kivu
lake-onega	onega
lakh	hundred-thousand
lakota	teton
lally	lally-column
lally-column	lally
lallygag	loiter,tarry
lam	bunk,head-for-the-hills,hightail-it,run,run-away,scarper,scat,thrash,turn-tail
lama	genus-lama
lama-pacos	alpaca
lamb	elia
lambency	gleam
lambent	aglow,lucent,luminous
lambis	genus-lambis
lame	crippled,feeble,game,gimpy,halt,halting
lameness	gimp
lament	bemoan,bewail,dirge,elegy,keen
lamentable	sorry
lamenter	mourner
lamenting	wailful
lamia	vampire
lamna	genus-lamna
lampblack	soot
lampoon	parody,sendup,spoof
lampris-regius	opah
lan	local-area-network
lanate	woolly
lance	lancet,shaft,spear
lancet	lance
land	acres,country,ground,kingdom,nation,realm
land-area	acreage
land-mile	mile
land-of-enchantment	nm
land-of-lincoln	illinois
land-of-opportunity	ar,arkansas
land-site	site
landed-estate	acres
landrover	jeep
laney	lucy-craft-laney
lange	dorothea-lange
language	lyric
languid	dreamy,lackadaisical,languorous
languish	ache
languor	phlegm
languorous	languid
lanius	genus-lanius
lank	spindly
lanky	gangling,gangly,rangy
lansa	lansat,lanseh,lanset
lansat	lansa
lanseh	lansa
lanset	lansa
laotian-capital	vientiane
lap	swish,swosh
lapp	saame,saami,same,sami
lappet	wattle
lapse	elapse,oversight
lapsed	nonchurchgoing
laptop	laptop-computer
laptop-computer	laptop
larceny	theft
larch	larch-tree
larch-tree	larch
larder	buttery,pantry
large	big,gravid
large-hearted	kindly
largely	for-the-most-part,mostly
larger	bigger
larger-than-life	heroic
lari	suborder-lari
lariat	lasso,reata,riata
larium	mefloquine,mephaquine
larix	genus-larix
lark	cavort,escapade,pipit,romp
larn	acquire,learn
larotid	amoxil,trimox
larus	genus-larus
larynx	voice-box
laser	optical-maser
laser-guided-bomb	lgb
lash	flog,lather,slash,strap,thong,trounce,welt,whip
lasix	furosemide
lass	jeune-fille,lassie,young-girl
lassa	capital-of-tibet,forbidden-city,lhasa
lassie	lass
lasso	lariat,reata,riata
last	final,lastly,lowest,survive
last-frontier	ak,alaska
last-in-first-out	lifo
last-place	lowest
lasting	durable,permanent
lastly	finally,in-conclusion,last
laszlo-lowestein	lorre
lat	latissimus-dorsi
late	belated,lately,previous,recently,tardy
lateen	lateen-rigged
lateen-rigged	lateen
lately	late,latterly,of-late,recently
later	after,afterward,afterwards,later-on,subsequently
later-on	after,afterward,afterwards,later
laterality	dominance
lates	genus-lates
latest	modish,up-to-the-minute
latex	latex-paint,rubber-base-paint
latex-paint	latex
lathee	lathi
lather	flog,lash,soapsuds,suds,whip
lathery	sudsy
lathi	lathee
latino	hispanic
latissimus-dorsi	lat
latium	lazio
latke	potato-pancake
latona	leto
latria	adoration
latte	caffe-latte
latterly	lately,recently
lattice	grille,wicket
laud	exalt,extol,glorify,proclaim
laugh	express-joy,express-mirth,gag,jape,jest,joke,laughter
laugh-at	ridicule
laugh-softly	chortle,chuckle
laughable	comic,funny
laughing	riant
laughter	laugh
launce	sand-eel,sand-lance,sand-launce
launch	establish,found,set-up
launching	debut
laundry	wash,washables,washing
laundry-basket	voider
laurel	bay-wreath,laurel-wreath
laurel-wreath	laurel,medal
laurels	accolade,award,honor,honour
lav	bathroom,can,john,lavatory,privy,toilet
lavabo	handbasin,wash-hand-basin,washbasin,washbowl
lavation	washing
lavatory	bathroom,can,john,lav,privy,toilet
lave	wash-up
lavender	lilac,lilac-colored
laver	sea-lettuce
lavish	munificent,overgenerous,plush,plushy,too-generous,unsparing,unstinted,unstinting
lavishly	extravagantly
law	jurisprudence,police
law-breaking	crime
law-officer	lawman
lawful	licit
lawfully	legally
lawless	anarchic,anarchical
lawlessness	anarchy
lawman	law-officer,peace-officer
lawn-bowling	bowls
lawn-cart	barrow
lawn-mower	mower
lawn-tennis	tennis
lawrence-peter-berra	berra
lawrencium	lr
laws	pentateuch,torah
lawsuit	causa
lawyer	attorney
lax	slack
laxity	laxness,remissness,slackness
laxly	leniently
laxness	laxity,remissness,slackness
lay	ballad,laic,place,pose,position,put,set
lay-by	layby
lay-eyes-on	behold
lay-off	cease,quit
lay-on-the-line	risk
lay-to-rest	entomb,inter
lay-up	layup
layabout	idler
layby	lay-by,pull-off,rest-area,rest-stop
layer	bed
layia	genus-layia
laying	egg-laying
layman	layperson,secular
layperson	layman
layup	lay-up
lazar	leper
laze	idle,slug,stagnate
lazily	idly
laziness	acedia,sloth
lazio	latium
lazy	indolent,otiose
lb	pound
lbf	pound
lbj	johnson,lyndon-baines-johnson,lyndon-johnson,president-johnson
lcd	liquid-crystal-display
lcm	least-common-multiple,lowest-common-multiple
ld	limited-company,ltd
ldl	beta-lipoprotein,low-density-lipoprotein
le	lupus-erythematosus
lea	grazing-land,ley,pasture,pastureland
leach	leaching
leaching	leach
lead	conduct,direct,guide,leash,lede,take
lead-in	lede
lead-on	deceive,delude
leaden	dull
leaders	leadership
leadership	leaders,leading
leading	leadership,prima,star,starring,stellar
leaf	foliage,leafage
leaf-beet	chard
leaf-blade	blade
leaf-book	codex
leafage	foliage,leaf
leafed	leaved
leaflet	cusp
leafy-vegetable	greens
league	conference
leaky	blabbermouthed,talebearing,tattling
lean	angle,incline,skimpy,slant,tend,tilt,tip
leaning	atilt,canted,tilted,tipped
leap	bound,jump,leaping,spring
leaping	bounce,bound,leap,saltation,spring
lear	king-lear
learn	acquire,discover,hear,larn,memorize,teach
learned	erudite
learned-person	pundit
learner	apprentice
learning	acquisition
leary	tim-leary,timothy-francis-leary,timothy-leary
lease	rent
leased	chartered,hired
leash	lead,tether,trine
least	to-the-lowest-degree
least-common-multiple	lcm
leave	get-out,go-out,impart,parting
leave-off	except,exclude,omit
leave-out	except,exclude,neglect,omit
leave-taking	parting
leaved	leafed
leaven	leavening
leavening	leaven
leaver	goer
leaving	departure,going,going-away
lebistes-reticulatus	guppy
lech	lecher,letch,satyr
lechatelierite	quartz
lecher	lech,letch,satyr
lechwe	kobus-leche
lecture	berate,chide,public-lecture,rebuke,scold,talk
led	light-emitting-diode
lede	lead,lead-in
ledge	shelf
ledger	account-book,book,book-of-account,leger
ledum	genus-ledum
lee	downwind
leech	bloodsucker,hirudinean
leechee	lichi
leer	sneer
leery	mistrustful,suspicious,untrusting,wary
leeway	allowance,margin,tolerance
leflunomide	arava
left	leftfield,remaining
left-field	leftfield
left-handed-pitcher	southpaw
left-hander	lefty,southpaw
left-over	remaining
leftfield	left,left-field
lefthander	southpaw
leftover	remaining,remnant
lefty	left-hander,southpaw
leg	pegleg
leg-covering	leging
leg-of-lamb	gigot
legacy	bequest
legal-expert	jurist
legal-guardian	trustee
legal-proceeding	proceedings
legally	de-jure,lawfully
legateship	legation
legation	legateship
legato	smooth
legend	fable
legendary	fabled
leger	fernand-leger,ledger
legging	leging
leggy	tall-growing
leghorn	boater
leging	leg-covering,legging
legion	horde,host,numerous
legislation	statute-law
legislative-act	statute
legitimacy	authenticity
legitimate	licit
lego	lego-set
lego-set	lego
legume	leguminous-plant
leguminous-plant	legume
lehar	franz-lehar
lei	chaplet,coronal,garland,wreath
leigh	vivien-leigh
leipoa	leipoa-ocellata,lowan,mallee-fowl
leipoa-ocellata	leipoa,lowan
leisure	leisure-time
leisure-time	leisure
lem	lunar-excursion-module,lunar-module
lemmus	genus-lemmus
lemna	genus-lemna
lemon	maize
lemon-yellow	maize
lemonlike	lemony,tangy,tart
lemony	lemonlike,sourish,tangy,tart
lena	lena-river
lena-calhoun-horne	horne
lena-horne	horne
lena-river	lena
lend	contribute,loan
lending	loaning
lendl	ivan-lendl
lengthy	drawn-out,extended,prolonged,protracted
lenience	lenity
leniency	lenity
leniently	laxly
lenify	appease,pacify
lenin	nikolai-lenin,vladimir-ilich-lenin,vladimir-ilich-ulyanov,vladimir-ilyich-lenin,vladimir-ilyich-ulyanov,vladimir-lenin
lenity	lenience,leniency,mildness
lens	lens-system,lense
lens-implant	iol
lens-system	lens,lense
lense	lens,lens-system
lent	lententide
lententide	lent
lentia	linz
lentigo	freckle
leo	leo-the-lion,lion
leo-esaki	esaki
leo-the-lion	leo
leonard-marx	chico
leonhard-euler	euler
leonotis-leonurus	dagga
leontocebus-oedipus	pinche
leotards	tights
lepas	genus-lepas
leper	lazar
lepidote	scurfy
leppy	dogie,dogy
leprose	scurfy
lepus	genus-lepus
ler	lir
leroy-robert-paige	paige
lescol	fluvastatin
lese-majesty	treason
lesion	wound
less	to-a-lesser-extent
lessen	decrease,diminish,fall,subside
lessened	diminished,vitiated,weakened
lessening	decrease,drop-off
lesser-panda	panda
let	allow,get,have,permit
let-down	disappoint,lower
let-go	release
let-go-of	release
let-on	disclose
let-up	abate
letch	lech,lecher,satyr
lethal	deadly
lethargy	phlegm
lethe	river-lethe
leto	latona
letter	missive
letter-box	mailbox,pob
lettering	inscription
lettuce	clams,gelt,kale
letup	lull
leuciscus-cephalus	chub
leuciscus-leuciscus	dace
leucocyte	wbc
leukocyte	wbc
levallorphan	lorfan
level	degree,flat,grade,rase,raze,storey
leveling	razing
lever	jimmy,prise,pry
levi	matthew,saint-matthew,st
levi's	levis
levis	levi's
levy	impose
lewd	obscene,raunchy,salacious
lewdly	obscenely
lewis	c,clive-staples-lewis
lexicon	dictionary,mental-lexicon,vocabulary
ley	grazing-land,lea,pasture,pastureland
leyte	leyte-invasion,leyte-island
leyte-invasion	leyte
leyte-island	leyte
lf	low-frequency
lgb	laser-guided-bomb
lgv	lymphopathia-venereum
lh	icsh,luteinizing-hormone
lhasa	lassa,lhasa-apso
lhasa-apso	lhasa
li	fifty-one
liable	apt
liaison	amour,contact,link
liao	liao-dynasty
liao-dynasty	liao
liar	prevaricator
libby	willard-frank-libby
liberal	liberalist,progressive
liberal-arts	arts
liberalist	liberal
liberty	autonomy
libra	balance,libra-the-balance,libra-the-scales
libra-the-balance	libra
libra-the-scales	libra
licence	license
licenced	licensed
license	licence,permit
licensed	accredited,commissioned,licenced
lichee	lichi
lichi	leechee,lichee,litchee,litchi,litchi-nut,lychee
licit	lawful,legitimate
lick	bat,biff,clobber,clout,cream,drub,solve,thrash
licking	defeat,lacing
lid	eyelid,hat,palpebra
lie	consist,lie-in
lie-in	consist,dwell,lie
lie-in-wait	waylay
lief	fain,gladly
liege	luik
lien	spleen
lienal	splenetic,splenic
lieu	place,position,stead
life	biography,living
life-history	biography
life-story	biography
lifeless	exanimate
lifelike	graphic,pictorial,vivid
lifo	last-in-first-out
lift	annul,bring-up,elevate,elevator,get-up,hoist,raise,repeal,rescind,rise
lift-up	elate,pick-up,uplift
lifted	upraised
lifter	weightlifter
ligan	lagan,lagend
ligature	tying
light	alight,dismount,ignite,illuminate,illumine,lighting,lite,scant,sparkle,visible-light,visible-radiation,wanton
light-beam	ray
light-bulb	bulb
light-emitting-diode	led
light-green	green
light-haired	blond
light-headed	dizzy,giddy
light-headedly	dizzily
light-opera	operetta
light-reflex	miosis,myosis
light-up	illuminate,illumine
lightbulb	bulb
lighted	illuminated,lit,well-lighted
lighter	barge,hoy
lightheaded	dizzy,giddy
lighthouse	pharos
lighting	light
lightless	unlit
lights-out	taps
lignite	brown-coal,wood-coal
lii	fifty-two
liii	fifty-three
like	alike,ilk
likely	belike,probable,probably
liken	compare,equate
likeness	similitude
likewise	also,as-well,similarly
lilac	lavender
lilac-colored	lavender
lillian-gish	gish
lilliputian	bantam,midget,petite,tiny,trivial
lilt	swing
lilting	swingy
lima	capital-of-peru
limax	genus-limax
limber	supple
limbo	oblivion
lime	calx
limen	threshold
limey	john-bull
limit	bound,boundary,confine
limitation	restriction
limited-company	ld,ltd
limiting	confining,constraining,constrictive,restricting
limitless	unlimited
limn	depict,portray
limo	limousine
limosa	genus-limosa
limousine	limo
limp	hobble,wilted
limpid	crystal-clear,lucid,luculent,pellucid,perspicuous,transparent
limpidity	clarity,clearness
limping	gimp
lin	maya-lin
linac	linear-accelerator
lind	jenny-lind,swedish-nightingale
linden	basswood
lindesnes	naze
lindy	lindy-hop
lindy-hop	lindy
line	ancestry,job,lineage,melody,occupation,tune,wrinkle
line-drive	liner
line-of-descent	ancestry,lineage
line-of-gab	patter,spiel
line-of-work	job,occupation
line-up	align,aline
lineage	ancestry,blood,blood-line,bloodline,descent,line,line-of-descent,pedigree
linear	additive,analog
linear-accelerator	linac
lined	seamed
liner	line-drive
lineup	batting-order,card
ling	burbot,cusk,eelpout,lota-lota
lingo	argot,cant,jargon,patois,slang,vernacular
lingua	clapper,glossa,tongue
lingua-franca	koine
lingual	linguistic
linguist	linguistic-scientist
linguistic	lingual
linguistic-context	context
linguistic-scientist	linguist
link	associate,colligate,connect,liaison,link-up,linkup,relate,tie-in
link-up	associate,connect,link,relate
linked	coupled,joined
linking-verb	copula
links	golf-links
linksman	golfer
linkup	link,tie,tie-in
linnet	carduelis-cannabina,lintwhite
lino	linoleum
linoleum	lino
lintel	header
lintwhite	linnet
linum	genus-linum
linz	lentia
liomys	genus-liomys
lion	king-of-beasts,leo,panthera-leo
lionise	lionize
lionize	celebrate,lionise
lip	brim,sass,sassing
lip-rouge	lipstick
lipid	lipide,lipoid
lipid-lowering-medicine	statin
lipide	lipid
lipoid	lipid
lippi	fra-filippo-lippi
lipstick	lip-rouge
liquefied	molten
liquescent	melting
liquid	melted
liquid-crystal-display	lcd
liquid-ecstasy	goop,max
liquidator	murderer
liquified	melted,molten
liquor	booze,hard-drink,hard-liquor,john-barleycorn,spirits,strong-drink
lir	ler
lira	italian-lira
lisboa	lisbon
lisbon	capital-of-portugal,lisboa
lisle	lisle-thread
lisle-thread	lisle
lissom	lissome,lithe,lithesome,slender,supple,svelte,sylphlike
lissome	lissom,lithe
list	listing
listen	heed
listener	attender,auditor,hearer
lister	lister-plough,lister-plow,middle-buster,middlebreaker
lister-plough	lister
lister-plow	lister
listing	list
liszt	franz-liszt
lit	illuminated,lighted,well-lighted
litchee	lichi
litchi	lichi
litchi-nut	lichi
lite	calorie-free,light,low-cal
liter	cubic-decimeter,cubic-decimetre,l,litre
literal	actual,genuine,real,typo
literal-error	typo
literary-pirate	pirate
lithe	lissom,lissome,lithesome,slender,supple,svelte,sylphlike
lithesome	lissom,lithe
litigate	sue
litoral	sands
litre	cubic-decimeter,cubic-decimetre,l,liter
littered	cluttered
little	small,trivial
little-corporal	napoleon
little-finger	pinkie,pinky
little-girl	girl
little-rhody	ri
little-sparrow	piaf
littler	smaller
littoral	sands
littoral-zone	sands
liv	fifty-four
livable	liveable
live	alive,inhabit,populate,survive
live-forever	orpin
live-on	survive
live-over	relive
live-up-to	satisfy
liveable	livable
livelong	orpin
lively	brisk,racy
liven	animate,enliven,invigorate,liven-up
liven-up	liven
liverish	livery
livery	bilious,liverish
livery-driver	cabby
livestock	farm-animal,stock
livid	ashen
lividity	pallor
lividness	pallor
living	life
living-accommodations	housing,lodging
living-dead	zombie
living-quarters	quarters
livy	titus-livius
liza	mugil-liza
llb	bachelor-of-laws
lld	doctor-of-laws
llm	master-of-laws
lloyd	harold-clayton-lloyd,harold-lloyd
lm	lumen
load	burden,cargo,freight,lade,lading,loading,lode,onus
load-up	lade
loaded	blotto,crocked,laden,ladened,pissed,soaked,soused,wealthy
loading	burden,cargo,freight,lading,load
loads	dozens,gobs,heaps,lots,piles,rafts,scads,scores,slews,stacks,tons,wads
loaf	loaf-of-bread,loiter,loll,tarry
loaf-of-bread	loaf
loafer	idler
loafing	idleness,idling
loan	lend
loan-translation	calque
loaning	lending
loath	antipathetic,antipathetical,averse,indisposed,loth,reluctant
loathe	abhor,abominate,execrate
loathing	odium
loathly	skanky,yucky
loathsome	skanky,yucky
lobata	order-lobata
lobate	lobed
lobby	antechamber,anteroom,entrance-hall,foyer,hall,vestibule
lobed	lobate
lobsterback	redcoat
local-area-network	lan
locale	locus,venue
locality	neck-of-the-woods,neighborhood,neighbourhood,vicinity
locate	situate,turn-up
located	placed,set,situated
locke	john-locke
locker	cabinet,storage-locker
loco	balmy,barmy,bats,batty,bonkers,buggy,cracked,crackers
locomote	go,travel
locule	loculus
loculus	locule
locum	locum-tenens
locum-tenens	locum
locus	locale
lode	load
lodge	deposit,guild,inn
lodging	housing,living-accommodations
lodgings	diggings,digs,domiciliation,pad
lodine	etodolac
loeb	jacques-loeb
loewe	frederick-loewe
loewi	otto-loewi
loft	attic,garret
loftiness	majesty
lofty	eminent,exalted,soaring,towering
log-z's	sleep,slumber
logan	mount-logan
loge	box
logger	faller,feller,lumberjack,lumberman
loggerhead	dunce,lunkhead
logical	coherent
logical-thinking	reasoning
logo	logotype
logos	son,word
logotype	logo
logy	dazed,foggy,groggy,stuporous
lohan	arhant,arhat
loin	lumbus
loins	pubes,pubic-region
loir	glis-glis
loire	loire-river
loire-river	loire
loiter	footle,hang-around,lallygag,loaf,lollygag,lounge,mess-about,tarry
loll	arse-about,arse-around,bum,bum-about,bum-around,frig-around,fuck-off,loaf
lollipop	lolly
lolly	ice-lolly,lollipop,popsicle
lollygag	loiter,tarry
lolo	yi
lome	capital-of-togo
lonas	genus-lonas
london	british-capital,greater-london
lone	lonely,solitary
lone-hand	loner
lone-star-state	texas,tx
lone-wolf	loner
lonely	lone,lonesome,solitary
loner	lone-hand,lone-wolf
lonesome	lonely
long	hanker,yearn
long-hundredweight	cwt
long-lasting	durable
long-lived	durable
long-suit	forte
long-term-memory	ltm
long-whist	whist
long-winded	wordy
longanimity	patience
longing	hungriness,yearning
longyi	lungi,lungyi
loo	closet,w,water-closet
loofa	loofah,loufah-sponge,luffa
loofah	loofa
look	await,expression,seem
look-for	search,seek
look-into	check,investigate
look-on	regard-as,repute
look-sharp	hasten
look-up-to	admire
look-upon	regard-as,repute
looker	lulu,spectator,viewer
looker-on	onlooker
looking	sounding
lookout	sentry
lookout-man	sentry
lookup	search
loon	diver
loony	balmy,barmy,bats,batty,bonkers,buggy,cracked,crackers
loony-bin	bedlam
loony-toons	elvis,zen
loop	cringle,eyelet,grommet,grummet
looper	inchworm,measuring-worm
loopy	balmy,barmy,bats,batty,bonkers,buggy,cracked,crackers
loos	adolf-loos
loose	escaped,loosen,slack,wanton
loose-fitting	baggy
loose-jowled	jowly
loose-woman	hussy,slut
loosely	broadly,slackly
loosen	loose
loosen-up	relax,unlax
looseness	diarrhea
looseness-of-the-bowels	diarrhea
loot	booty,dirty-money,pillage,plunder,prize,reave,swag
looted	pillaged,plundered,ransacked
lop	clip,crop,cut-back,dress,prune,snip,trim
lope	canter
lophius-americanus	angler,lotte
lopid	gemfibrozil
lopper	pruner,pruning-hook
lopsided	askew,awry
loquacious	gabby,talky
lorazepam	ativan
lorca	frederico-garcia-lorca,garcia-lorca
lord	almighty,creator,divine,god-almighty,godhead,jehovah,maker
lord's-day	sunday
lordly	august,grand,haughty,sniffy
lordotic	dipped
lore	traditional-knowledge
loren	sofia-scicolone,sophia-loren
lorenz-oken	oken
lorenz-okenfuss	oken
lorfan	levallorphan
lorre	laszlo-lowestein,peter-lorre
lorry	camion
lose	mislay,miss
loser	also-ran
losings	losses
losses	losings
lost	bewildered,confused,mazed,missed
lot	band,batch,deal,dispense,distribute,flock,good-deal,great-deal,hatful,heap,luck,mass
lota	genus-lota
lota-lota	burbot,cusk,ling
loth	antipathetic,antipathetical,averse,indisposed,loath,reluctant
lots	dozens,gobs,heaps,loads,piles,rafts,scads,scores,slews,stacks,tons,wads
lotte	allmouth,angler,angler-fish,anglerfish,goosefish,lophius-americanus,monkfish
lotto	beano,bingo,keno
lotus	indian-lotus,nelumbo-nucifera,sacred-lotus
lou-gehrig's-disease	als
louche	shady
loud	garish,loudly,tacky,tatty,tawdry,trashy
loudly	aloud,loud
loudness	glitz
loufah-sponge	loofa
louis	joe-louis,joseph-louis-barrow
louis-b	mayer
louis-burt-mayer	mayer
louis-eugene-felix-neel	neel
louis-isadore-kahn	kahn
lounge	couch,loiter,sofa,tarry
lounger	mope
loupe	jeweler's-loupe
lour	frown,glower,lower
louse	sucking-louse
lousy	crappy,icky,rotten,shitty,stinking,stinky
lout	clod,gawk,goon,lubber,lummox,lump,oaf,stumblebum
loutish	oafish
louvar	luvarus-imperialis
louver	fin,louvre
louvre	fin,louver
love	eff
love-affair	romance
lovebird	budgie
lover	buff,devotee
lovesome	fond,tender
lovingly	fondly
lovoa	genus-lovoa
low	abject,humble,moo,scurvy
low-cal	lite
low-density-lipoprotein	ldl
low-down	abject,scurvy
low-frequency	lf
low-set	lowset,stumpy
low-water-mark	nadir
lowan	leipoa,leipoa-ocellata,mallee-fowl
lower	bring-down,frown,get-down,let-down,lour,take-down
lower-jaw	jowl
lower-jawbone	jowl
lower-ranking	lowly
lowest	last,last-place
lowest-common-multiple	lcm
lowly	humble,junior-grade,lower-ranking,menial,petty,secondary,subaltern
lowry	clarence-malcolm-lowry,malcolm-lowry
lowset	low-set
loxia	genus-loxia
loxodrome	rhumb
loyal	patriotic
loyalty	trueness
lozal	indapamide
lozenge	tab
lp	l-p
lpn	practical-nurse
lr	lawrencium
ltd	ld,limited-company
ltm	long-term-memory
ltte	tamil-tigers,tigers,world-tamil-association,world-tamil-movement
lu	lutecium,lutetium
luba	tshiluba
lubber	lout,lummox,oaf
lube	lubricant,lubricating-substance,lubricator
lubricant	lube
lubricating-oil	grease
lubricating-substance	lube
lubricator	lube
lucas	george-lucas
luce	clare-booth-luce
lucent	aglow,lambent,luminous
lucid	crystal-clear,limpid,luculent,pellucid,perspicuous,transparent
lucidity	clarity,clearness
lucidness	clarity,clearness
lucifer	beelzebub,devil,old-nick,prince-of-darkness,satan,the-tempter
luck	circumstances,destiny,fate,fortune,lot,portion
luckily	as-luck-would-have-it,fortuitously,fortunately
luckless	unlucky
lucre	earnings,net,net-income,net-profit,profit,profits
lucretia-coffin-mott	mott
lucubrate	expound
luculent	limpid,lucid
lucullan	plush,plushy
lucy-craft-laney	laney
luda	luta
lues	lues-venerea,pox,syph,syphilis
lues-venerea	lues,syph
luffa	dishcloth-gourd,loofa,rag-gourd,sponge-gourd,strainer-vine
lug	lugh,tote,tug
luggage	baggage
lugh	lug
luik	liege
luke	gospel-of-luke
lukewarm	tepid
lull	letup
lulli	giambattista-lulli,jean-baptiste-lully,lully
lully	giambattista-lulli,jean-baptiste-lully,lulli
lulu	beauty,knockout,looker,peach,ravisher,smasher,stunner,sweetheart
lumber	timber
lumberjack	logger
lumberman	logger
lumbus	loin
lumen	lm
luminous	aglow,lambent,lucent
lummox	clod,gawk,goon,lout,lubber,lump,oaf,stumblebum
lump	ball,chunk,clod,clump,glob,hunk,lout,lummox,oaf
lumpen	lumpish,unthinking
lumpish	lumpen,unthinking
lumpy	chunky
lunacy	craziness,folly,foolery,indulgence,madness,tomfoolery
lunar-excursion-module	lem
lunar-module	lem
lunate	crescent,crescent-shaped,semilunar
lunatic	madman,maniac,moonstruck
lunch	dejeuner,luncheon,tiffin
luncheon	lunch
lunda	genus-lunda
lunge	hurl,hurtle,thrust
lungi	longyi,lungyi
lungyi	longyi,lungi
lunkhead	blockhead,bonehead,dunce,dunderhead,hammerhead,knucklehead,loggerhead,numskull
lunt	alfred-lunt
lunula	lunule
lunule	half-moon,lunula
lupin	lupine
lupine	lupin
lupus-erythematosus	le
lurch	careen,keel,reel,stagger,swag
lure	bait,decoy,entice,tempt
lurid	shocking
luridness	pallor
lurk	skulk,waylay
luscious	yummy
lush	alky,exuberant,luxuriant,plush,plushy,profuse,riotous
lust	crave,luxuria
luster	lustre,sheen,shininess
lustre	luster,sheen
lustrous	sheeny,shiny
lusty	full-blooded,hearty,red-blooded
lusus-naturae	freak
luta	luda
lutecium	lu
luteinizing-hormone	icsh,lh
lutetium	lu
lutra	genus-lutra
lutzen	battle-of-lutzen
luvarus-imperialis	louvar
lux	lx
luxe	de-luxe,deluxe
luxor	el-aksur
luxuria	lust
luxuriant	elaborate,lush,luxurious,profuse,riotous
luxurious	epicurean,luxuriant,opulent,sybaritic,voluptuary,voluptuous
lv	fifty-five
lvi	fifty-six
lvii	fifty-seven
lviii	fifty-eight
lx	lux,sixty,threescore
lxi	sixty-one
lxii	sixty-two
lxiii	sixty-three
lxiv	sixty-four
lxv	sixty-five
lxvi	sixty-six
lxvii	sixty-seven
lxviii	sixty-eight
lxx	seventy
lxxi	seventy-one
lxxii	seventy-two
lxxiii	seventy-three
lxxiv	seventy-four
lxxv	seventy-five
lxxvi	seventy-six
lxxvii	seventy-seven
lxxx	eighty,fourscore
lxxxi	eighty-one
lxxxii	eighty-two
lxxxiv	eighty-four
lxxxv	eighty-five
lxxxvi	eighty-six
lycee	gymnasium,lyceum,middle-school,secondary-school
lyceum	lycee
lychee	lichi
lycosa	genus-lycosa
lygus	genus-lygus
lying	fabrication,prevarication
lying-in-wait	ambush
lyly	john-lyly
lyman-frank-brown	baum
lymphopathia-venereum	lgv
lyndon-baines-johnson	lbj
lyndon-johnson	lbj
lynx	catamount
lynx-rufus	bobcat
lyon	lyons
lyons	first-council-of-lyons,lyon
lyric	language,words
lyricist	lyrist
lyrist	lyricist
lyssa	hydrophobia,madness,rabies
m	bpm,meter,mib,thou,thousand
ma	mama,mamma,mammy,mom,momma,mommy,mum,mummy
ma'am	dame,gentlewoman,lady,madam
mac	macintosh,mack,mackintosh
macabre	ghastly,grim,grisly,gruesome,sick
macaca	genus-macaca
macaca-mulatta	rhesus
macadam	tarmac
macao	macau
macaroni-wheat	durum
macau	macao
mace	macer
macebearer	macer
macer	mace,macebearer
mach	ernst-mach
machete	panga
machinate	conspire
machine	auto,automobile,car
machine-gunner	gunner
machine-translation	mt
macho	butch
macintosh	mac,mack
mack	mac,macintosh,mackintosh
mackintosh	mac,mack
macon	maconnais
maconnais	macon
macrocephalon-maleo	maleo
macrocosm	cosmos,universe,world
macrotis-lagotis	bilby
macula	macule
maculation	dapple,patch
macule	macula
mad	crazy,huffy,sore
mad-anthony-wayne	wayne
mad-cow-disease	bse
madam	dame,gentlewoman,lady,ma'am
madame-curie	curie
madame-de-stael	stael
madcap	brainish,hotheaded,impetuous,impulsive,tearaway
maddened	angered,enraged,furious,infuriated
madhouse	bedlam
madia	genus-madia
madly	crazily,frantically,insanely
madman	lunatic,maniac
madness	fury,insaneness,lunacy,lyssa,rage
madonna	mary
maestro	master
mafa	matakam
maffia	mafia
mafia	maffia
mag	magazine
magazine	clip,mag
magh	magha
magha	magh
magi	wise-men
magic	magical,thaumaturgy
magical	charming,magic,sorcerous,witching,wizard,wizardly
magician	conjurer,conjuror,illusionist,prestidigitator
magisterial	bossy
maglev	magnetic-levitation
magnate	baron,mogul
magnetic-attraction	magnetism
magnetic-force	magnetism
magnetic-levitation	maglev
magnetism	magnetic-attraction,magnetic-force
magnification	blowup
magnificence	grandeur,splendor
magnificent	brilliant,glorious,splendid
magnified	enlarged,exaggerated
magnify	amplify,exaggerate
magnoliopsid	dicot
magyar	hungarian
magyarorszag	hungary
maha	omaha
mahagua	mahoe,purau
mahan	alfred-thayer-mahan
mahoe	blue-mahoe,cuban-bast,hibiscus-elatus,mahagua,majagua,purau
mahogany	sepia
maia	genus-maia,genus-maja,maja
maid	amah,housemaid,maiden,maidservant
maiden	maid
maidenhair-tree	ginkgo
maidenhead	hymen
maidservant	amah,maid
maidu	pujunan
maiger	maigre,sciaena-aquila
maigre	maiger,sciaena-aquila
mail	get-off
mail-clad	mailed
mailbox	letter-box
mailed	mail-clad
maimed	wounded
main	chief,master,primary,principal
main-office	headquarters
main-road	highway
maine	me,pine-tree-state
mainframe	cpu
mainland-china	china,prc
mainly	chiefly,in-the-main,primarily,principally
maintain	assert,hold,keep,wield
maintenance	care,upkeep
maize	corn,gamboge,lemon,lemon-yellow
maja	genus-maia,genus-maja,maia
majagua	mahoe,purau
majestic	regal
majesty	loftiness,stateliness
major-league	majors
major-planet	planet
majority	bulk
majors	big-league,major-league
mak	maktab-al-khidmat
make	build,cause,construct,cook,create,earn,get,piss,reach
make-a-face	grimace
make-bold	dare
make-do	cope,grapple
make-for	wreak
make-full	fill
make-fun	ridicule
make-love	eff
make-out	cope,discern,eff,grapple
make-over	remake
make-pure	purify
make-relaxed	unlax
make-up	compensate,constitute,makeup
make-up-one's-mind	decide
make-water	piss
maker	creator,lord,manufacturer,shaper
makeup	make-up,war-paint
makin	tarawa,tarawa-makin
making	devising,fashioning,qualification
mako	mako-shark
mako-shark	mako
maktab-al-khidmat	mak
maladroitness	slowness
malady	illness,sickness,unwellness
malaise	unease,uneasiness
malar	cheekbone,jugal-bone,malar-bone,os-zygomaticum,zygomatic,zygomatic-bone
malar-bone	malar
malay	malayan
malayan	malay
malaysia-militant-group	ji
malcolm-lowry	lowry
maldon	battle-of-maldon
male	virile
male-child	boy
male-monarch	king,rex
male-parent	father
maledict	bedamn
malefactor	criminal,crook,felon
maleo	macrocephalon-maleo
malevolence	malice
malevolency	malice
mali	french-sudan,republic-of-mali
malice	malevolence,malevolency,spite,venom
malicious-gossip	scandal
maliciousness	spite,venom
mall	center,plaza,shopping-center,shopping-centre,shopping-mall
mallee-fowl	leipoa,lowan
mallet	beetle
malodor	fetor,foetor,stench
malodorous	stinky
malodour	fetor,foetor,stench
malodourous	stinky
malpighia-obovata	jiqui
maltese	malti
maltese-language	malti
malti	maltese,maltese-language
maltreat	abuse
malus	genus-malus
malva	genus-malva
mama	ma,mamma,mammy,mom,momma,mommy,mum,mummy
mamet	david-mamet
mamey	mammee,mammee-apple
mamilla	teat
mamma	ma,mama,mammy,mom,momma,mommy,mum,mummy
mammal	mammalian
mammalian	mammal
mammee	mamey
mammee-apple	mamey
mammilla	teat
mammoth	gigantic
mammut	genus-mammut,genus-mastodon
mammy	ma,mama,mamma,mom,momma,mommy,mum,mummy
mamoncillo	ginep
man	adult-male,homo,humans,valet
man-made	synthetic
man-of-affairs	businessman
man-of-the-cloth	clergyman
manage	bring-off,carry-off,cope,grapple,handle,negociate,pull-off,supervise,wangle
manageable	doable
management	direction
manager	coach,director,managing-director
managing-director	director,manager
manchu	qing
manchu-dynasty	qing
mandate	authorisation,authorization
mandatory	compulsory,required
mandelamine	urex
mandible	jowl
mandibula	jowl
mandibular-bone	jowl
mandioc	gari
mandioca	gari
manducate	chew
manduction	communion
maned-sheep	aoudad,arui,audad
manet	edouard-manet
maneuver	guide,manoeuvre,steer,tactic
manfred-eigen	eigen
manful	manlike,manly,virile
manger	trough
mangey	mangy
mangled	lacerate,lacerated,torn
mangy	mangey
mania	cacoethes,passion
maniac	lunatic,madman,maniacal
maniacal	maniac
manic	frenzied
manifest	apparent,attest,certify,demonstrate,evidence,evident,plain
manifestly	evidently,obviously,plainly
manihot-esculenta	gari
manihot-utilissima	gari
manila-hemp	abaca
manioc	gari
manipulate	pull-strings,pull-wires
manipulation	handling
manis	genus-manis
mankind	humans
manlike	manful,manly,virile
manly	manful,manlike,virile
mann	thomas-mann
manna	manna-from-heaven,miraculous-food
manna-from-heaven	bunce,gravy,manna
manner	fashion,mode,style,way
mannerism	foible
manoeuver	guide,steer
manoeuvre	guide,maneuver,steer,tactic
manor	manor-house
manor-house	manor
manpower	hands,men,work-force,workforce
manque	would-be
manse	hall,mansion,mansion-house,residence
mansi	vogul
mansion	manse
mansion-house	manse
manslayer	murderer
manta	devilfish,manta-ray
manta-ray	manta
mantel	chimneypiece,mantelpiece,mantle,mantlepiece
mantelpiece	mantel
mantic	divinatory,sibyllic,sibylline,vatic,vatical
mantid	mantis
mantis	mantid
mantle	curtain,drapery,mantel
mantled	draped,wrapped
mantlepiece	mantel
manual-laborer	laborer
manuel-de-falla	falla
manufactory	factory,mill
manufacturer	maker,manufacturing-business,producer
manufacturing-business	manufacturer
manufacturing-plant	factory,mill
manul	felis-manul,pallas's-cat
manus	hand,mitt,paw
mao	mao-tsetung,mao-zedong
mao-tsetung	mao
mao-zedong	mao
maori-hen	weka
map	function
mapping	function
mar	blemish,deflower,impair,spoil,vitiate
mara	dolichotis-patagonum
marat	jean-paul-marat
maraud	foray,raid
marbles	wits
march	abut,adjoin,butt,process
march-king	sousa
marcus-cocceius-nerva	nerva
marcus-terentius-varro	varro
marcus-tullius-cicero	tully
mare	female-horse,maria
mare's-nest	jumble,muddle,welter
margarin	marge,oleo
margarine	marge,oleo
margasivsa	aghan
margay	felis-wiedi,margay-cat
margay-cat	margay
marge	margarin,margarine,oleo,oleomargarine
margin	border,leeway,perimeter
marginal	fringy
margosa	neem
mari	cheremis,cheremiss
maria	mare
marie-curie	curie
marihuana	ganja
marijuana	ganja
marijuana-cigarette	reefer,spliff
marine-corps	usmc
mariner	seaman
marionette	puppet
mariposan	yokuts
marital	married,matrimonial
mark	chump,differentiate,distinguish,nock,patsy,score,sign,sucker,target
mark-tobey	tobey
marked	pronounced
market	grocery,market-place,marketplace,mart
market-place	market,mart
marketer	vendor
marketing	merchandising,selling
marketplace	market,mart
marks	simon-marks
marksman	crack-shot,sharpshooter
marmalade-box	jagua
maroc	moroccan,morocco
maroon	brownish-red,strand
marque	brand,brand-name,trade-name
marquee	pavilion
marquis-de-sade	sade
marred	scarred
marri	eucalyptus-calophylla,red-gum
marriage	matrimony,spousal-relationship,union,wedlock
marriageable	nubile
married	marital
married-man	hubby,husband
married-person	partner,spouse
married-woman	wife
marrow	bone-marrow
marruecos	morocco
marry	conjoin,espouse,get-hitched-with,get-married,hook-up-with,wed
mars	red-planet
marsh	fen,fenland,marshland
marsh-elder	iva
marshal	marshall,mobilize
marshal-tito	tito
marshall	marshal
marshland	fen,marsh
marshy	boggy,miry,mucky,muddy,quaggy,sloppy,sloughy,soggy,swampy
marsilea-drummondii	nardo
mart	market,market-place,marketplace
marten	marten-cat
marten-cat	marten
martes	genus-martes
martes-pennanti	pekan
martha-jane-burk	burk,burke
martha-jane-burke	burk,burke
marti	jose-julian-marti
martial	soldierlike,soldierly,warriorlike
martin-buber	buber
martin-cline	cline
martyr	sufferer
marum	cat-thyme,teucrium-marum
marvel	wonder
marvellous	marvelous,wonderful,wondrous
marvellously	superbly,wondrously
marvelous	improbable,marvellous,tall,wonderful,wondrous
marvelously	superbly,wondrously
marx	chico,harpo,karl-marx,zeppo
mary	blessed-virgin,madonna,the-virgin,virgin-mary
mary-ann-evans	eliot
marya-sklodowska	curie
mash	crush,flirt,squash,squeeze,squelch
mashie	five-iron
masjid	musjid
masking	cover,covering,screening
mason	freemason
masora	masorah
masorah	masora
mass	lot,masses
masse	masse-shot
masse-shot	masse
masses	hoi-polloi,mass,multitude,people,the-great-unwashed
massive	monolithic,monumental
master	chief,maestro,main,principal,victor
master-in-business	mba
master-of-ceremonies	emcee
master-of-divinity	mdiv
master-of-education	med
master-of-fine-arts	mfa
master-of-laws	llm
master-of-literature	mlitt
master-of-science	msc,sm
master-of-theology	thm
mastery	command,control,supremacy
masticate	chew
mat	matt,matte
matai	black-pine,podocarpus-spicata,prumnopitys-taxifolia
matakam	mafa
match	agree,check,correspond,fit,gibe,jibe,mates,rival,tally
matchet	panga
matching	duplicate,twin,twinned
mate	copulate,couple,pair,partner,spouse
mated	paired
material	cloth,fabric,stuff,textile
material-body	bod,soma
maternal	enate,enatic
mates	couple,match
matey	chummy,pally,palsy-walsy
math	mathematics,maths
mathematical-function	function
mathematics	math,maths
maths	math,mathematics
mating	conjugation,coupling,pairing,sexual-union,union
matric	matriculation
matriculation	matric
matrimonial	marital
matrimony	marriage
matt	flat,mat,matte,matted
matte	flat,mat,matt,matted
matted	matt,matte
matter	affair,thing
matthew	levi
maturate	mature
maturation	growing,growth
mature	grow,maturate,ripe
mature-onset-diabetes	niddm
maturity	adulthood
maturity-onset-diabetes	niddm
matzah	matzo
matzo	matzah,matzoh,unleavened-bread
matzoh	matzo
maud-gonne	gonne
maudlin	drippy,mushy,slushy,soppy,soupy
maui	maui-island
maui-island	maui
maul	sledge,sledgehammer
maulers	hooks
maunder	gabble,mumble,mutter
maven	ace,adept,champion,genius,hotshot,mavin,sensation,virtuoso,whizz,wiz,wizard
mavik	trandolapril
mavin	ace,adept,champion,genius,hotshot,maven,sensation,virtuoso,whizz,wiz,wizard
mavis	song-thrush,throstle,turdus-philomelos
maw	cakehole,gob,hole,trap,yap
mawkish	drippy,mushy,slushy,soppy,soupy
max	easy-lay,georgia-home-boy,goop,grievous-bodily-harm,liquid-ecstasy,scoop,soap
max-bruch	bruch
max-ernst	ernst
maxim	axiom
maximal	maximum
maximum	maximal
maxmilien-de-bethune	sully
maxwell	mx
maya	mayan,mayan-language
maya-lin	lin
mayan	maya,mayan-language
mayan-language	maya,mayan
maybe	mayhap,peradventure,perchance,perhaps,possibly
mayer	louis-b,louis-burt-mayer
mayfly	dayfly,shadfly
mayhap	maybe,peradventure,perchance,perhaps,possibly
mayhem	havoc
mayo	mayonnaise
mayonnaise	mayo
mayor	city-manager
mays	say-hey-kid,willie-howard-mays-jr,willie-mays
mazama	genus-mazama
maze	labyrinth
mazed	baffled,befuddled,bemused,bewildered,confounded,confused,lost,mixed-up
mazy	labyrinthian,labyrinthine
mazzard	gean
mazzard-cherry	gean
mb	bachelor-of-medicine,mbit,mib
mba	master-in-business
mbd	add,adhd,hyperkinetic-syndrome,minimal-brain-damage
mbit	mb,megabit
mc	megacycle,megacycle-per-second,megahertz,mhz
mcg	microgram
mckim	charles-follen-mckim
md	doctor,doctor-of-medicine,dr,physician
mdiv	master-of-divinity
me	maine,pine-tree-state
meade	george-gordon-meade
meadow	hayfield
meager	meagerly,meagre,scrimpy,stingy
meagerly	meager,meagre,stingy
meagre	meager,meagerly,scrimpy,stingy
meal	repast
mealy	coarse-grained,farinaceous,grainy,granular,granulose,gritty
mean	average,entail,intend,mingy,signify
meandering	winding
meanie	meany
meaning	import,significance,signification
meaninglessness	hokum,nonsense
meanly	basely,humbly
means	agency,way
meany	meanie,unkind-person
measly	miserable,paltry
measurable	mensurable
measure	assess,bill,evaluate,measure-out,measurement,mensurate,quantity,step
measure-out	measure
measure-up	qualify
measured	metric
measurement	measure,measuring,mensuration
measuring	measurement
measuring-worm	looper
meat-hooks	hooks
mebibit	mibit
mebibyte	mib
mechanism	chemical-mechanism
med	master-of-education
medal	decoration,laurel-wreath,medallion,palm,ribbon
medallion	medal
meddle	tamper
meddlesome	meddling
meddling	busy,busybodied,interfering,meddlesome,officious
medfly	ceratitis-capitata,mediterranean-fruit-fly
medgar-evers	evers
medgar-wiley-evers	evers
mediaeval	medieval
medial	median
median	average,medial
medic	medical-officer
medical	checkup
medical-checkup	checkup
medical-exam	checkup
medical-examination	checkup
medical-examiner	coroner
medical-extern	extern
medical-officer	medic
medical-specialty	medicine
medicine	medical-specialty
medico	doctor,dr,physician
medieval	mediaeval
meditate	chew-over,contemplate,excogitate,mull,muse,ponder,reflect,think-over
meditative	brooding,broody,pensive
mediterranean-fruit-fly	medfly
medium	average,intermediate,metier
medium-frequency	mf
medley	pastiche,potpourri
medusa	medusan,medusoid
medusan	medusa
medusoid	medusa
meek	mild,modest
meekly	humbly
meet	come-across,encounter,run-across,run-into,see
meeting	group-meeting,merging
meeting-place	forum
mefloquine	larium
meg	million,one-thousand-thousand
megabit	mbit
megabyte	mib
megacycle	mc,mhz
megacycle-per-second	mc,mhz
megaflop	mflop
megahertz	mc,mhz
mei	japanese-apricot,prunus-mume
meir	golda-meir
mek	mko
mekong	mekong-river
mekong-river	mekong
melancholy	sombre
melanise	blacken
melanize	blacken
melba	dame-nellie-melba,helen-porter-mitchell
meld	basket-rummy,canasta,fuse,immix,mix
meleagris-gallopavo	turkey
melee	battle-royal,scrimmage
meles	genus-meles
melia	genus-melia
melia-azadirachta	neem
melicocca-bijuga	ginep
melicocca-bijugatus	ginep
meliorate	improve
mellifluous	dulcet
mellisonant	dulcet
mellivora-capensis	ratel
mellow	high
melodic	melodious,musical
melodic-line	melody,tune
melodic-phrase	melody,tune
melodious	melodic,tuneful
melody	air,line,melodic-line,melodic-phrase,strain,tune
meloid	blister-beetle
melopsittacus-undulatus	budgie
melt	fade,melt-down,run,thaw,unthaw
melt-down	melt
melted	liquid,liquified
melting	liquescent
member	fellow-member,penis
membership	rank
membranophone	drum,tympan
memel	klaipeda
memo	memoranda,memorandum
memoranda	memo
memorandum	memo
memorial	monument
memorial-park	cemetery
memorise	memorize
memorize	con,learn,memorise
memory-trace	engram
men	hands,manpower,work-force,workforce
men's	men's-room
men's-room	men's
menace	endanger,threat,threaten
menacing	ominous,sinister
menage	household
menagerie	zoo
mend	bushel,doctor,fix,fixing,furbish-up,heal,repair,restore,touch-on
mendicant	beggar,friar
mending	fixing
menhir	standing-stone
menial	humble,lowly
meninges	meninx
meninx	meninges
mensch	mensh
mensh	mensch
mensurable	measurable
mensurate	measure
mensuration	measurement
mental-attitude	attitude
mental-disorder	folie
mental-disturbance	folie
mental-faculty	faculty
mental-home	asylum
mental-hospital	asylum
mental-image	image
mental-imagery	imagery,imaging
mental-institution	asylum
mental-lexicon	lexicon
mental-rejection	disbelief
mentality	outlook
mentation	thinking
mention	advert,bring-up,cite,name,note,refer,reference,remark
mentum	chin
menu	bill-of-fare,card,carte,carte-du-jour,fare
menura	genus-menura
meow	mew,miaou,miaow,miaul
mephaquine	larium
mephitis	fetor,foetor,stench
meprin	equanil,meprobamate,miltown
meprobamate	meprin
meq	milliequivalent
mercantilism	commerce
mercenaria-mercenaria	quahog
merchandise	product,ware
merchandiser	merchant
merchandising	marketing,selling
merchant	merchandiser
mercifulness	mercy
merciless	unmerciful
mercurial	erratic,fickle
mercury	hg,hydrargyrum,quicksilver
mercy	clemency,mercifulness
merely	but,just,only,simply
meretricious	garish
meretriciousness	glitz
merge	unify,unite
merged	incorporate,incorporated,integrated,unified
merger	amalgamation,fusion,uniting
merging	coming-together,meeting
mergus	genus-mergus
mergus-albellus	smew
merino	merino-sheep
merino-sheep	merino
merit	deserve
merl	blackbird,european-blackbird,merle,ousel,ouzel,turdus-merula
merle	blackbird,european-blackbird,merl,ousel,ouzel,turdus-merula
merlin	falco-columbarius,pigeon-hawk
merops	genus-merops
merrily	blithely,gayly,happily,jubilantly,mirthfully
merriment	fun,gaiety
merry	brisk,festal,festive,gay,jocund,jolly,jovial,mirthful
merry-andrew	clown
meryta-sinclairii	puka
mescaline	peyote
mesh	enmesh
meshed	engaged,intermeshed
meson	mesotron
mesotron	meson
mess	messiness,muss,mussiness
mess-about	loiter,tarry
mess-around	tinker
mess-up	ballup,cockup
messenger	courier
messenger-rna	mrna
messiness	mess,muss
messy	mussy
mesua	genus-mesua
metal	metallic,metallic-element
metal-bar	ingot
metallic	metal
metallic-element	metal
metalworker	smith
metalworks	foundry
metamere	somite
mete	border,borderline,boundary-line,delimitation
mete-out	dispense,distribute
meteor	meteoroid
meteoritic	meteoritical
meteoritical	meteoritic
meteoroid	meteor
meter	m,metre
meth	chalk,chicken-feed,crank,deoxyephedrine,glass,ice,methamphetamine,methedrine,shabu,trash
methamphetamine	meth,shabu,trash
methedrine	meth,shabu,trash
methenamine	urex
methuselah	old-man
metier	forte,medium
metre	meter,time
metric	measured,metrical
metric-ton	tonne
metrical	metric
metro	subway,subway-system,tube,underground
metronidazole	flagyl
metronome-marking	bpm
metropolis	city,urban-center
mettle	heart,nerve,spunk
mettlesome	gamey,gamy,spunky
meuse	argonne,argonne-forest,meuse-argonne,meuse-argonne-operation,meuse-river
meuse-argonne	meuse
meuse-argonne-operation	meuse
meuse-river	meuse
mew	meow,miaou,miaow,miaul
mewl	pule,wail,whimper
mexican-valium	roofy,rophy
mexico	united-mexican-states
mezuza	mezuzah
mezuzah	mezuza
mezzo	mezzo-soprano
mezzo-soprano	mezzo
mf	medium-frequency
mfa	master-of-fine-arts
mflop	megaflop
mg	milligram
mho	reciprocal-ohm,siemens
mhz	mc,megacycle,megacycle-per-second,megahertz
mi	michigan,mile
miao	hmong,hmong-language
miaou	meow,mew,miaow,miaul
miaow	meow,mew,miaou,miaul
miasm	miasma
miasma	miasm
miaul	meow,mew,miaou,miaow
mib	m,mb,mebibyte,megabyte
mibit	mebibit
mica	isinglass
micah	book-of-micah,micheas
michael-gerald-tyson	tyson
micheas	micah
michel-ney	ney
michigan	boodle,great-lakes-state,mi,stops,wolverine-state
mick	mickey,paddy
mickey	mick
microbar	barye
microcomputer	pc
microgram	mcg
micrometeor	micrometeorite
micrometeorite	micrometeor,micrometeoroid
micrometeoroid	micrometeorite
micrometer	micron
micron	micrometer
micronesia	tt
microphone	mike
microwave-radar	radar
micturate	piss
mid-twenties	twenties
midday	high-noon,noon,noonday,noontide,twelve-noon
middle	center,centre,eye,heart,midway
middle-buster	lister
middle-school	lycee
middlebreaker	lister
middling	fairly,pretty,reasonably
middy	middy-blouse
middy-blouse	middy
midget	bantam,diminutive,flyspeck,lilliputian,nanus,petite,tiny
midst	thick
midway	center,halfway,middle
midweek	wednesday
midwifery	ob
mien	bearing,comportment,presence
miff	huff,seeing-red
miffed	annoyed,irritated,nettled,peeved,pissed,pissed-off,riled,roiled,stung
might	mightiness,power
mightiness	might
migrate	transmigrate
migration-route	flyway
miguel-jose-serra	serra
mikado	tenno
mike	microphone
mike-tyson	tyson
mil	cc,ml
milage	mileage
milan	milano
milano	milan
milch-cow	milker
milcher	milker
mild	balmy,meek
mildness	lenity
mile	international-mile,land-mile,mi,stat-mi,statute-mile
mile-high-city	denver
mileage	milage
miles-per-hour	mph
milieu	surroundings
militant	warlike
military-blockade	siege
military-expedition	expedition
military-headquarters	hq
military-junta	junta
military-officer	officer
military-personnel	troops
military-police	mp
militia	reserves
milium	whitehead
milk-cow	milker
milker	dairy-cattle,dairy-cow,milch-cow,milcher,milk-cow
milklike	milky
milky	milklike,whitish
mill	factory,manufactory,manufacturing-plant
milled	polished
miller	moth-miller
milliequivalent	meq
milligram	mg
milliliter	cc,ml
millilitre	cc,ml
millimeter	mm
millimeter-of-mercury	torr
millimetre	mm
million	meg
millisecond	msec
millivolt	mv
mills	robert-mills
milne	a,alan-alexander-milne
milo	milo-maize
milo-maize	milo
miltown	meprin
milvus	genus-milvus
mime	dumb-show,mimer,pantomime
mimeo	mimeograph,mimeograph-machine,roneo,roneograph
mimeograph	mimeo,roneo
mimeograph-machine	mimeo,roneo
mimer	mime,mummer,pantomimer,pantomimist
mimicry	apery
mimus	genus-mimus
min	amoy,minute
min-dialect	amoy
mina	minah,myna,myna-bird,mynah,mynah-bird
minacious	ominous,sinister
minah	mina,myna,myna-bird,mynah,mynah-bird
minatory	ominous,sinister
mince	moderate,soften
mincer	mincing-machine
mincing	dainty,niminy-piminy,prim,twee
mincing-machine	mincer
mind	beware,brain,head,heed,intellect,judgment,nous,psyche
mind-set	outlook
minden	battle-of-minden
mindful	aware
mindless	inane
mindset	outlook
miner	mineworker
mineworker	miner
ming	ming-dynasty
ming-dynasty	ming
mingle	amalgamate,commix,mix,unify
mingy	mean,miserly,tight
minim	half-note
minimal	minimum
minimal-brain-damage	adhd,mbd
minimise	minimize
minimize	minimise
minimum	minimal
mining	excavation
mining-bee	andrena
minister	curate,minister-of-religion,parson,pastor,rector
minister-of-religion	minister,parson,pastor
ministration	succor
minnesota	gopher-state,mn,north-star-state
minnow	phoxinus-phoxinus
minor	child,kid,tike,tyke,youngster
minsk	capital-of-belarus
mint	batch,deal,flock,good-deal,great-deal,hatful,heap,lot
mint-julep	julep
minus	negative
minute	min,moment
minx	coquette,flirt,prickteaser,tease,vamp,vamper
miosis	light-reflex,myosis,pupillary-reflex
miotic	myotic
miraculous-food	manna
mire	morass,quag,quagmire,slack
mired	involved
miri	abor,dafla,mirish
mirid	capsid,mirid-bug
mirid-bug	mirid
mirish	abor,dafla,miri
mirky	murky,turbid
miro	joan-miro
mirth	glee,gleefulness,hilarity,mirthfulness
mirthful	comic,funny,jocund,jolly,jovial,merry
mirthfully	blithely,gayly,happily,merrily
mirthfulness	glee,mirth
miry	boggy,marshy,mucky,muddy,quaggy,sloppy,sloughy,soggy,swampy
misanthropic	cynical
misanthropical	cynical
misapply	misuse
misbehavior	misdeed
misbehaviour	misdeed
miscellanea	variety
miscellaneous	mixed,sundry
miscellany	variety
mischief	devilment,devilry,deviltry,mischief-making,mischievousness,rascality,roguery,roguishness
mischief-making	mischief
mischievous	impish,implike,puckish
mischievousness	mischief
miscue	parapraxis,slip,slip-up
misdeed	misbehavior,misbehaviour
misdemeanor	violation
misdemeanour	violation
miserable	abject,hapless,measly,paltry,piteous,poor,scurvy,suffering,wretched
miserableness	misery
miserly	mingy
misery	miserableness,wretchedness
misfortunate	hapless,piteous,poor
misgiving	qualm
misguided	mistaken
mishna	mishnah
mishnah	mishna
misinform	mislead
mislay	lose,misplace
mislead	misinform
misleading	deceptive,shoddy
misplace	mislay
misprint	typo
misrepresented	twisted
miss	fille,lose,missy,neglect
missed	lost
mission	foreign-mission,missionary-post,missionary-station
missionary-post	mission
missionary-station	mission
missive	letter
missouri	mo,show-me-state
missy	fille,girl,miss,young-lady,young-woman
mist	befog
mistake	err,error,fault
mistaken	misguided
mister	mr
mistily	vaguely
mistreat	abuse
mistress	fancy-woman,kept-woman
mistrust	distrust
mistrustful	leery
misty	brumous,foggy,hazy
misuse	misapply
mite	hint,jot,pinch,soupcon,speck,tinge,touch
miter	mitre
mithan	bibos-frontalis,gayal
mitigate	extenuate,palliate
mitre	miter
mitt	baseball-glove,baseball-mitt,glove,hand,manus
miwok	moquelumnan
mix	blend,coalesce,commingle,conflate,flux,fuse,immix,meld,mingle,mixing,premix
mixed	assorted,miscellaneous,motley,sundry
mixed-bag	variety
mixed-up	bewildered,confused,mazed
mixing	admixture,commixture,intermixture,mix,mixture
mixture	mixing,variety
mizen	mizzen
mizzen	mizen
mizzle	drizzle
mko	mek
ml	cc,cubic-centimeter,cubic-centimetre,mil,milliliter,millilitre
mlitt	master-of-literature
mm	millimeter,millimetre
mm-hg	torr
mn	gopher-state,minnesota,north-star-state
mnium	genus-mnium
mo	missouri,show-me-state
moan	groan
moat	fosse
mob	gang,rabble,rout
moban	molindone
mobbish	moblike
mobile	nomadic,peregrine,roving,wandering
mobilise	mobilize
mobilize	marshal,mobilise,summon
moblike	mobbish
mobster	gangster
mobula	genus-mobula
mock	bemock
mocker	flouter,jeerer,scoffer
mockery	jeer,jeering,parody,scoff,scoffing,sendup,spoof
mocking	derisive,gibelike,jeering,taunting
mod	modern,modernistic
modal	average
mode	fashion,manner,style,way
model	framework,mold,mould,theoretical-account
modeled	sculptural,sculptured,sculpturesque
moderate	mince
moderately	fairly,pretty,reasonably
modern	bodoni,mod
modern-day	contemporary
modern-font	bodoni
modernisation	modernization
modernism	modernity
modernistic	mod
modernity	contemporaneity,contemporaneousness,modernism,modernness
modernization	modernisation
modernness	modernity
modest	humble,meek
modesty	reserve
modifier	qualifier
modify	alter
modish	a-la-mode,in-style,in-vogue,latest
modulate	regulate
modulation	intonation
module	faculty
modus-operandi	routine
mogul	baron,big-businessman,business-leader,king,magnate,power,top-executive,tycoon
mohammedanism	islam
mohawk	mohawk-haircut
mohawk-haircut	mohawk
moil	toil
moire	watered-silk
moist	damp,dampish
moisten	dampen,wash
moistly	damply
moisture	wet
mol	gram-molecule,mole
mola	headfish,ocean-sunfish,sunfish
mold	model,mould
molded	shaped,wrought
molder	rot
molding	casting
moldy	mouldy,musty
mole	groyne,jetty,mol
molecule	mote,particle
molindone	moban
moll	gangster's-moll,gun-moll
mollah	mulla
molle	pepper-tree,peruvian-mastic-tree,schinus-molle
mollie	molly
mollify	appease,pacify
molly	mollie
mollycoddle	coddle,pamper
molt	ecdysis,molting,moult,moulting
molten	liquefied,liquified
molter	moulter
molting	molt,moult
molva	genus-molva
mom	ma,mama,mamma,mammy,momma,mommy,mum,mummy
moment	instant,minute,second
momentaneous	momentary
momentary	fleeting,fugitive,momentaneous
momentum	impulse
momism	overprotection,overshielding
momma	ma,mama,mamma,mammy,mom,mommy,mum,mummy
mommy	ma,mama,mamma,mammy,mom,momma,mum,mummy
momos	momus
momot	motmot
momus	momos
mon	monday
mona	anglesea,anglesea-island,anglesey,anglesey-island
monad	monas
monal	monaul
monarch	crowned-head,sovereign
monas	monad
monastic	cloistered,cloistral,conventual,monastical,monk
monastical	monastic
monaul	monal
monday	mon
monera	kingdom-monera,kingdom-prokaryotae,prokayotae
monet	claude-monet
monetary-fund	fund
monetary-resource	funds
monetary-value	price
money-box	till
moneyed	monied,wealthy
monger	dealer,peddle,trader,vend
mongol	mongolian
mongol-dynasty	yuan
mongolian	mongol
mongrel	cur,mutt
monica-seles	seles
monied	moneyed
moniker	byname
monish	caution
monitor	supervise,varan
monitor-lizard	varan
monitrice	doula
monk	monastic
monkey	scamp,tamper,tinker
monkey-around	tinker
monkey-pod	saman,zaman
monkeypod	saman,zaman
monkfish	angler,lotte
mono	monophonic,single-channel
monocle	eyeglass
monocracy	tyranny
monod	jacques-lucien-monod,jacques-monod
monodon-monoceros	narwal
monolithic	massive
monophonic	mono
monosodium-glutamate	msg
monotone	monotonic
monotonic	monotone
monotony	humdrum,sameness
mons	mons-pubis,mons-veneris
mons-pubis	mons
mons-veneris	mons
monster	fiend,freak,teras
monstrosity	freak
monstrous	grotesque
montage	collage
monte	four-card-monte,three-card-monte
month	calendar-month
monument	memorial
monumental	massive
moo	low
moo-cow	cow
mooch	cadger,moocher,scrounger
moocher	mooch
mood	humor,humour,temper
moody	dour,morose,sullen,temperamental
moon	moonlight
moon-curser	runner
moonfish	opah
moonlight	moon,moonshine
moonlit	moony
moonshine	moonlight
moonstruck	lunatic
moony	dreamy,moonlit,woolgathering
moor	moorland
moore	henry-moore,henry-spencer-moore
moorland	moor
moose	alces-alces,elk,european-elk
moot	arguable,debatable,disputable
mop	mop-up,swob,wipe-up
mop-up	mop
mope	dallier,dilly-dallier,dillydallier,lounger
mopes	dumps
moquelumnan	miwok
moral-excellence	virtue
moral-principle	ethic
moral-sense	conscience
morale	esprit-de-corps,team-spirit
morality	ethics,morals
morals	ethical-motive,ethics,morality
morass	mire,quag
moray	moray-eel
moray-eel	moray
morbid	diseased,pathologic,pathological
mordacious	barbed,biting
more	more-than
more-and-more	increasingly
more-often-than-not	generally
more-or-less	about,approximately,roughly,slightly,somewhat
more-than	more
moreover	furthermore,what-is-more
morgue	dead-room,mortuary
morion	cabasset
mormon-state	utah
morn	forenoon,morning,morning-time
morning	dawn,forenoon,morn,morning-time,sunup
morning-time	morn,morning
moroccan	maroc
morocco	al-magrib,kingdom-of-morocco,maroc,marruecos
moron	idiot
morone	genus-morone
morose	dark,dour,glowering,glum,moody,saturnine,sour,sullen
morrison-r	waite
morrison-remick-waite	waite
morrison-waite	waite
morse	morse-code
morse-code	morse
morsel	bit,bite
mortal	deadly,individual,person,someone
mortar	howitzer,trench-mortar
mortification	chagrin,necrosis
mortify	abase
mortise-joint	ankle
mortuary	morgue
morus	genus-morus
moscow	russian-capital
mosey	amble
mosh	slam,slam-dance,thrash
moshe-dayan	dayan
moslem	islamic,muslim
moss-grown	mossy
mossy	fogyish,moss-grown,stick-in-the-mud,stodgy
most	almost,nearly,virtually
most-valuable-player	mvp
mostly	for-the-most-part,generally,largely
mot	mot-test
mot-test	mot
mote	atom,corpuscle,molecule,particle,speck
moth-eaten	dusty,shabby
moth-miller	miller
mother	beget,female-parent,sire
mother-fucker	bastard
mother-hubbard	muumuu
mother-of-pearl	nacre
mother-seton	seton
motherfucker	bastard
motif	motive
motility	movement
motion	gesture,movement
motion-picture	film,movie
motion-picture-show	film,movie
motionless	inactive,static,still
motivate	actuate,incite,move,prompt,propel
motivation	motive,need
motivator	incentive
motive	motif,motivation,need
motley	calico,mixed,multi-color,multi-colored,multi-colour,multicolor,multicolored,multicolour,multicoloured,pied,sundry
motmot	momot
motor-ataxia	ataxy
motor-city	detroit
motorbus	bus,jitney
motorcar	auto,automobile,car
motorcoach	bus,jitney
motortruck	truck
motorway	freeway,pike,thruway
motown	detroit
motrin	advil,ibuprofen,nuprin
mott	lucretia-coffin-mott
mottle	blotch,streak
mottled	dappled
motto	catchword,shibboleth,slogan
moue	pout,wry-face
moujik	mujik
mould	model,mold
moulder	rot
mouldy	moldy,musty
moult	ecdysis,molt,molting,moulting
moulter	molter
moulting	molt,moult
mound	heap,hill,hillock,knoll,pile,pitcher's-mound
mount	climb,mountain
mount-adams	adams
mount-asama	asama
mount-athos	athos
mount-fuji	fuji
mount-logan	logan
mount-rushmore-state	sd
mountain	mount
mountain-lion	cougar,puma
mountain-standard-time	mst
mountain-state	wv
mountain-time	mst
mountainous	craggy,hilly
mounties	rcmp
mourner	griever,lamenter,sorrower
mournful	doleful,plaintive
mourning	bereft
mouse	sneak
mouse-hare	pika
mousey	mousy
mousse	hair-gel,hair-mousse
moustache	mustache
mousy	mousey
mouth	oral-cavity,oral-fissure,rima-oris,sass,sassing,speak
mouth-off	jabber,spout
mouton	mutton
move	go,impress,motivate,movement,prompt,travel
move-back	recede,retreat,withdraw
move-into	come-in,enter,go-into
move-up	rise
moved	affected,stirred,touched
movement	bm,crusade,motility,motion,move
movie	film,motion-picture,motion-picture-show,moving-picture,moving-picture-show,pic,picture,picture-show
moving-picture	film,movie
moving-picture-show	film,movie
moving-ridge	wave
mow	cut-down,haymow
mower	lawn-mower
mown	cut
moxie	backbone,grit,gumption,guts,sand
mp	military-police
mph	miles-per-hour
mps	system-of-macrophages
mr	mister
mrd	electronic-dictionary
mrna	informational-rna,messenger-rna,template-rna
ms	msc,sm
msb	mutual-savings-bank
msc	master-of-science,ms,sm
msec	millisecond
msg	monosodium-glutamate
mst	mountain-standard-time,mountain-time
mt	machine-translation,tonne
mu-meson	muon
mucilaginous	gluey,gummy,pasty,sticky,viscid
muck	dung,goo,guck,gunk
muck-about	tinker
muck-around	tinker
mucky	boggy,marshy,miry,muddy,quaggy,swampy
mucoid	mucoidal
mucoidal	mucoid
mucosa	mucous-membrane
mucose	mucous
mucous	mucose
mucous-membrane	mucosa
mucous-secretion	mucus
mucus	mucous-secretion
mud	clay
mudcat	flathead-catfish,goujon,pylodictus-olivaris,shovelnose-catfish,spoonbill-catfish
muddied	dingy,dirty,muddy
muddle	clutter,fuddle,jumble,mare's-nest,smother,welter
muddled	addled,muzzy,woolly
muddy	boggy,marshy,miry,mucky,muddied,murky,quaggy,sloppy,sloughy,soggy,swampy,turbid
muenchen	munich
muff	bodge,flub,spoil
muffle	repress,smother,stifle,strangle
muffled	dull,muted,softened
muffler	silencer
mug	chump,kisser,patsy,phiz,smiler,sucker
muggins	fool
muggy	steamy,sticky
mugil	genus-mugil
mugil-liza	liza
muhammadanism	islam
muir	john-muir
mujik	moujik,muzhik,muzjik
mulct	amercement,fine
mulish	hardheaded
mulishly	stubbornly
mull	chew-over,contemplate,excogitate,meditate,muse,ponder,reflect,think-over
mulla	mollah,mullah
mullah	mulla
muller	muser
mullus	genus-mullus
multi-color	calico,motley,pied
multi-colored	calico,motley,pied
multi-colour	calico,motley,pied
multicolor	calico,motley,pied
multicolored	calico,motley,pied
multicolour	calico,motley,pied
multicoloured	calico,motley
multinomial	polynomial
multitude	masses,throng
multitudinous	countless,myriad
mulwi	munjuk,musgu
mum	ma,mama,mamma,mammy,mom,momma,mommy,silent
mumbai	bombay
mumble	maunder,mussitate,mutter
mummer	mimer
mummy	ma,mama,mamma,mammy,mom,momma,mommy
mummy-brown	snuff
mumps	epidemic-parotitis
mundane	everyday,quotidian,routine,unremarkable,workaday
mung	golden-gram,green-gram,mung-bean,phaseolus-aureus,vigna-radiata
mung-bean	mung
munich	muenchen
munificent	lavish
munition	arms
munj	munja,saccharum-bengalense,saccharum-munja
munja	munj,saccharum-bengalense,saccharum-munja
munjuk	mulwi,musgu
munro	h,hector-hugh-munro,saki
muon	mu-meson,negative-muon
murder	execution,slay,slaying
murderer	liquidator,manslayer
murk	fog,fogginess,murkiness
murkiness	murk
murky	cloudy,mirky,muddy,turbid
murphy	potato,tater
mus	genus-mus
musa	genus-musa
musa-textilis	abaca
musca	genus-musca
musca-volitans	spots
muscae-volitantes	spots
muscat-and-oman	oman
musci	bryopsida,class-bryopsida,class-musci
muscle	brawn,musculus,sinew
muscle-builder	bodybuilder
muscle-spasm	cramp,spasm
musclebuilder	bodybuilder
muscleman	bodybuilder
muscular	brawny,hefty
muscularity	brawn,sinew,vigour,vim
musculus	muscle
musculus-deltoideus	deltoid
musculus-pectoralis	pecs,pectoral
musd	dmus,doctor-of-music
muse	chew-over,contemplate,excogitate,meditate,mull,ponder,reflect,think-over
muser	muller,ponderer,ruminator
musgoi	daba,kola
musgu	mulwi,munjuk
mush	glop,pulp
mushy	bathetic,drippy,hokey,kitschy,maudlin,mawkish,schmaltzy,schmalzy,slushy,soppy,soupy
music-director	conductor
musical	melodic
musical-composition	opus
musical-rhythm	rhythm
musician	instrumentalist,player
musing	brooding,broody,contemplation,pensive,reflection,reflexion,rumination,thoughtfulness
musjid	masjid
muslim	islamic,moslem
muslim-ummah	umma,ummah
muslimism	islam
muss	mess,messiness,mussiness
mussiness	mess,muss
mussitate	mumble,mutter
mussy	messy
mustache	moustache
mustela-erminea	ermine
mustela-putorius	fitch
muster	come-up,muster-up,rally,summon
muster-up	muster
musty	frowsty,fusty,moldy,mouldy
mutant	mutation,sport,variation
mutation	mutant
mute	tongueless,unspoken,wordless
muted	hushed,muffled,quiet,subdued
mutely	silently,taciturnly,wordlessly
mutt	cur,mongrel
mutter	maunder,mumble,mussitate
mutton	mouton
mutual	common,reciprocal
mutual-opposition	polarity
mutual-savings-bank	msb
muumuu	mother-hubbard
muzhik	mujik
muzjik	mujik
muzzy	addled,befuddled,blurred,blurry,muddled,woolly,woolly-headed,wooly,wooly-minded
mv	millivolt
mvp	most-valuable-player
mx	maxwell
mya	genus-mya
myanmar	burma
mycostatin	nystan
myg	myriagram
mym	myriameter,myriametre
myna	mina,minah,myna-bird,mynah,mynah-bird
myna-bird	mina,minah,myna,mynah
mynah	mina,minah,myna,myna-bird,mynah-bird
mynah-bird	mina,minah,myna,mynah
myocastor-coypus	coypu,nutria
myopic	short,shortsighted,unforesightful
myopus	genus-myopus
myosis	light-reflex,miosis,pupillary-reflex
myotic	miotic
myotis	genus-myotis
myriad	countless,infinite,innumerable,innumerous,multitudinous,numberless,uncounted,unnumberable
myriagram	myg
myriameter	mym
myriametre	mym
myrmecobius-fasciatus	numbat
myrrh	gum-myrrh,sweet-cicely
myrtle	vinca-minor
mysis	genus-mysis
mysterious	cryptic,cryptical,deep,inscrutable,mystic,mystifying,occult,orphic
mystery	closed-book,enigma,secret
mystic	mysterious,mystical,occult,orphic,secret
mystical	mystic,occult,orphic
mystify	baffle,puzzle
mystifying	cryptic,mysterious
mythic	mythological
mythical	mythological
mythologic	mythological
mythological	fabulous,mythic,mythical,mythologic
myxine	genus-myxine
n	nb,nitrogen,nyse
n-th	nth
na	sodium
naan	nan
nab	apprehend,arrest,collar,cop,nail,pick-up
nabob	nawab
nabu	nebo
nac	north-atlantic-council
nacre	mother-of-pearl
nada	aught,cipher,cypher,goose-egg,naught,nil,nix,nothing,null,zero,zilch,zippo
nadir	low-water-mark
naemorhedus-goral	goral
nafcil	nafcillin
nafcillin	nafcil
nafud	an-nafud,an-nefud,nefud
nag	hen-peck,peck
nagari	devanagari,devanagari-script,nagari-script
nagari-script	nagari
nageia-nagi	nagi
nagging	shrewish
nagi	nageia-nagi
nahum	book-of-nahum
naiant	swimming
naias	genus-naias,genus-najas,najas
naif	naive
nail	arrest,nab,pinpoint,smash
naive	naif
naja	genus-naja
naja-haje	asp
najas	genus-naias,genus-najas,naias
najd	nejd
naked	au-naturel,bare,nude
naked-as-a-jaybird	peeled
nalfon	fenoprofen,fenoprofen-calcium
naloxone	narcan
name	appoint,cite,diagnose,epithet,gens,mention,refer
name-calling	names
namely	that-is-to-say,to-wit,videlicet,viz
names	name-calling
naming	appellative,appointment
nammad	numdah,numdah-rug
namoi	namoi-river
namoi-river	namoi
nan	gran,grandma,grandmother,granny,naan
nanak	guru-nanak
nance	fag,faggot,fagot,fairy,pansy,poof,poove,queen,queer
nandu	pterocnemia-pennata,rhea
nanna	gran,grandma,grandmother,granny
nanny	nanny-goat,she-goat
nanny-goat	nanny
nanogram	ng
nanus	dwarf,midget
naomi	noemi
nap	catnap,napoleon,snooze
napa	celery-cabbage,chinese-cabbage,pe-tsai
nape	nucha,scruff
napery	table-linen
napkin	diaper,nappy
napoleon	bonaparte,little-corporal,nap,napoleon-bonaparte,napoleon-i
napoleon-bonaparte	napoleon
napoleon-i	napoleon
napped	brushed,fleecy
nappy	crisp,diaper,frizzly,frizzy,kinky,napkin
naproxen-sodium	aleve
napu	tragulus-javanicus
naqua	trichlormethiazide
narc	narcotics-agent,nark
narcan	naloxone
narcotics-agent	narc,nark
narcotised	drugged
narcotized	drugged
nard	spikenard
nardil	phenelzine
nardo	common-nardoo,marsilea-drummondii,nardoo
nardoo	nardo
narghile	calean,chicha,hookah,kalian,shisha
nargileh	calean,chicha,hookah,kalian,shisha
nark	annoy,irritate,narc,narcotics-agent,vex
narrate	recount
narration	narrative,story,tale
narrative	narration,story,tale
narwal	monodon-monoceros,narwhal,narwhale
narwhal	narwal
narwhale	narwal
nasal	adenoidal,pinched,rhinal
nasal-twang	twang
naseby	battle-of-naseby
nash	ogden-nash
nassau	capital-of-the-bahamas
nast	thomas-nast
nasty	awful,cruddy,filthy
nasua	genus-nasua
nasua-narica	coati
natator	bather
nates	arse,ass,backside,bum,buns,butt,buttocks,can,fundament,prat,tush
nation	body-politic,commonwealth,country,land,res-publica,state
national-guard-bureau	ngb
national-leader	solon,statesman
national-socialism	nazism
national-trust	nt
nationalism	patriotism
nationalist	patriot
nationalist-china	taiwan
native-australian	abo
native-bear	koala
natrix	genus-natrix
natta	giulio-natta
natty	dapper,dashing,jaunty,raffish,rakish,snappy,spiffy,spruce
natural	raw
natural-endowment	talent
natural-event	occurrence
natural-philosophy	physics
natural-rubber	rubber
naturally	course,of-course
naturalness	innocence
naturism	nudism
nauch	nautch,nautch-dance
nauclea-diderrichii	opepe
naught	aught,cipher,cypher,nada,nil,nix,nothing,null
naughty	risque,spicy
nauru	nauru-island,pleasant-island
nauru-island	nauru
nausea	sickness
nauseant	emetic
nauseate	sicken
nauseated	sickish
nauseous	sickish
nautch	nauch,nautch-dance
nautch-dance	nauch,nautch
naval-forces	navy
naval-special-warfare	nsw
navane	thiothixene
navel	belly-button,bellybutton,omphalos,omphalus,umbilicus
navigation	sailing
navvy	drudge,galley-slave,peon
navy	naval-forces,usn
nawab	nabob
naze	lindesnes
nazi	german-nazi
naziism	nazism
nazism	national-socialism,naziism
nb	n,nota-bene
nbe	north-by-east
nbw	north-by-west
nc	north-carolina,old-north-state,tar-heel-state
nd	north-dakota,peace-garden-state
ne	cornhusker-state,nebraska,neon
ne'er	never
ne-plus-ultra	perfection
neandertal	oafish
neanderthal	oafish
neap	neap-tide
neap-tide	neap
near	almost,approach,close,nearly,nigh,virtually
nearer	closer,nigher
nearly	about,almost,most,near,nigh,virtually,well-nigh
neat	bully,dandy,orderly
neb	beak,bill,nib,pecker,snout
nebcin	tobramycin
nebe	northeast-by-east
nebiim	prophets
nebn	northeast-by-north
nebo	nabu
nebraska	ne
nebulose	cloudy
nebulous	cloudy
necessarily	inevitably,needfully,needs
necessitate	ask,call-for,demand,involve,need,postulate,require,take
neck	cervix
neck-of-the-woods	locality,neighborhood,vicinity
neck-ruff	choker
neckband	collar
necking	hugging,kissing,petting
necktie	tie
necrology	obit
necropolis	cemetery
necropsy	autopsy,pm
necrosis	gangrene,mortification,sphacelus
need	demand,motivation,motive,necessitate,require
needed	needful,required,requisite
needful	needed,required
needfully	necessarily
needlefish	gar
needlelike	acuate
needless	gratuitous,uncalled-for
needs	inevitably,necessarily,of-necessity
neel	louis-eugene-felix-neel
neem	arishth,azadirachta-indica,margosa,melia-azadirachta,neem-tree,nim-tree
neem-tree	neem
neftali-ricardo-reyes	reyes
nefud	an-nafud,an-nefud,nafud
negate	belie,contradict
negative	minus
negative-muon	muon
negatron	electron
negev	negev-desert
negev-desert	negev
neglect	drop,fail,leave-out,miss,omit,overleap,overlook,pretermit
neglectful	remiss
neglige	wrapper
negligee	wrapper
negociate	manage,negotiate
negotiate	negociate,talk-terms
negotiation	talks
negro	black,black-person,blackamoor,negroid
negroid	negro
nehru	jawaharlal-nehru
neigh	nicker,whicker,whinny
neighbor	neighbour
neighborhood	locality,neck-of-the-woods,neighbourhood,vicinity
neighbour	neighbor
neighbourhood	locality,neighborhood,vicinity
nejd	najd
nell-gwynn	gwynn,gynne,gywn
nell-gwynne	gwynn,gynne,gywn
nell-gywn	gwynn,gynne,gywn
nelumbo-nucifera	lotus
nem-con	unanimously
nemesis	bane
nemine-contradicente	unanimously
neocortex	neopallium
neomys	genus-neomys
neon	ne
neopallium	neocortex
neoplasm	tumor,tumour
nepa	genus-nepa
nepal	kingdom-of-nepal
nepalese	nepali
nepali	nepalese
nephritic	renal
nerd	dweeb,swot,wonk
neruda	reyes
nerva	marcus-cocceius-nerva
nerve	mettle,nervus,spunk
nerve-cell	neuron
nerve-growth-factor	ngf
nerve-pathway	pathway
nerve-tract	pathway
nervelessly	coolly
nerves	nervousness
nervi	pier-luigi-nervi
nervous	queasy,spooky
nervousness	nerves
nervus	nerve
nervus-vagus	vagus
nervy	brash,cheeky,edgy,jumpy,restive
nescient	ignorant
ness	cape
nest	cuddle,nestle,nuzzle,snuggle
nest-egg	savings
nestle	cuddle,draw-close,nest,nuzzle,snuggle
nestor	genus-nestor
nestor-notabilis	kea
net	earnings,lucre,nett,profit,profits
net-income	earnings,lucre,profit,profits
net-profit	earnings,lucre,profit,profits
net-ton	ton
nether	under
netherworld	hades,scheol
netkeeper	goalie
netlike	lacy,netted,webbed,webby,weblike
nett	net
netted	lacy,netlike,webbed,webby,weblike
netting	gauze
nettle	annoy,irritate
nettle-rash	hives
nettled	annoyed,miffed,peeved,riled,stung
nettlesome	galling,peevish,pesky,plaguy,techy,testy,tetchy,vexing
network	web
neural	neuronal,neuronic
neuroglia	glia
neuron	nerve-cell
neuronal	neural
neuronic	neural
neurosis	neuroticism,psychoneurosis
neuroticism	neurosis
neuter	spay
neutral	impersonal
neutrophil	neutrophile
neutrophile	neutrophil
neva	neva-river
neva-river	neva
nevada	nv
never	ne'er
nevertheless	all-the-same,even-so,however,nonetheless,notwithstanding,still,withal,yet
nevil-shute	shute
nevil-shute-norway	shute
nevus	birthmark
new	freshly,newly
new-hampshire	nh
new-jersey	nj
new-mexico	nm
new-people's-army	npa
new-world-oriole	oriole
new-york	greater-new-york,new-york-city,ny
new-york-city	new-york
new-york-state	ny
new-york-stock-exchange	nyse
newly	fresh,freshly,new
newmarket	boodle,stops
news	intelligence,tidings,word
news-media	journalism
newsboy	carrier
newsman	newsperson,reporter
newspaper	paper
newspaper-column	editorial
newspaper-headline	headline
newsperson	newsman,reporter
newsy	chatty,gossipy
newt	triton
newton	isaac-newton,sir-isaac-newton
next	adjacent,side-by-side
ney	duc-d'elchingen,michel-ney
ng	nanogram
ngb	national-guard-bureau
ngf	nerve-growth-factor
nh	granite-state,new-hampshire
ni	nickel
nib	beak,bill,neb,pecker
nicaean	nicene
nice	decent,prissy
nicene	nicaean
nicety	justness,nuance,rightness
niche	recess
nick	ding,notch,snick
nickel	ni
nickelodeon	jukebox
nicker	neigh,whinny
nickname	byname,dub
nicola-sacco	sacco
nictate	blink
nictitate	blink
niddm	adult-onset-diabetes,mature-onset-diabetes,maturity-onset-diabetes,type-ii-diabetes
niels-bohr	bohr
niels-henrik-david-bohr	bohr
niff	pong
nifty	bang-up,bully,corking,cracking,dandy,great,groovy,keen
niger	republic-of-niger
nigerian-capital	abuja
nigga	coon,jigaboo,nigger,nigra,spade
niggardly	scrimy
nigger	coon,jigaboo,nigga,nigra,spade
niggle	bicker,fret,fuss
niggling	trivial
nigh	almost,close,near,nearly,virtually
nigher	closer,nearer
night	dark,nighttime,nox
night-club	nightclub
nightclub	cabaret,club,night-club,nightspot
nighted	benighted
nightfall	crepuscle,crepuscule,dusk,evenfall,fall,gloam,gloaming,twilight
nightspot	nightclub
nighttime	night
nigra	coon,jigaboo,nigga,nigger,spade
nigrify	blacken
nihau	nihau-island
nihau-island	nihau
nihon	japan,nippon
nikola-tesla	tesla
nikolai-lenin	lenin
nil	aught,cipher,cypher,goose-egg,nada,naught,nix,nothing,null,zero,zilch,zippo
nile	nile-river
nile-river	nile
nilgai	blue-bull,boselaphus-tragocamelus,nylghai,nylghau
nim-tree	neem
nimble	agile,quick,spry
nimbly	agilely
nimbus	aura,aureole,gloriole,glory,halo
nimiety	surplus
niminy-piminy	mincing,twee
nina-from-carolina	niner
nincompoop	ninny
nine	club,ix,niner
nine-banded-armadillo	peba
niner	ennead,ix,nina-from-carolina,nine
nineteen	xix
ninety	xc
ninety-eight	xcviii
ninety-five	xcv
ninety-four	xciv
ninety-nine	ic
ninety-one	xci
ninety-seven	xcvii
ninety-six	xcvi
ninety-three	xciii
ninety-two	xcii
ninib	ninurta
ninny	nincompoop,poop
nintoo	nintu
nintu	nintoo
ninurta	ninib
nip	flavor,jap,pinch,savour,tang
nipa	nypa
nipper	chela,child,claw,kid,pincer,tike,tyke,youngster
nipping	barbed,biting,frosty,nippy
nipple	teat
nippon	nihon
nipponese	japanese
nippy	crisp,frosty,nipping,snappy
nirvana	heaven
nisan	nissan
nissan	nisan
nisus	pains,strain,striving
niter	nitre,potassium-nitrate,saltpeter,saltpetre
nitid	agleam,gleaming
nitre	niter,potassium-nitrate,saltpeter,saltpetre
nitric	azotic,nitrous
nitrogen	n
nitrogen-trichloride	agene
nitrous	azotic,nitric
nix	aught,cipher,cypher,forbid,goose-egg,nada,naught,nil,nothing,null,prohibit,zero
nixon	president-nixon,richard-m,richard-milhous-nixon,richard-nixon
nizhni-novgorod	gorki,gorky
nizhnyi-novgorod	gorki,gorky
nj	garden-state,jersey,new-jersey
njord	njorth
njorth	njord
nm	land-of-enchantment,new-mexico
nne	nor'-nor'-east,north-northeast
nnw	nor'-nor'-west,north-northwest
no-doubt	to-be-sure,without-doubt
no-longer	no-more
no-matter	regardless
no-more	no-longer
no-see-um	punkey,punkie,punky
nob	toff
nobble	defraud,gip,kidnap,swindle
nobel	alfred-bernhard-nobel,alfred-nobel
noble	baronial,imposing,stately
nobody	cipher,cypher,nonentity
nock	mark,score
noctua	genus-noctua
node	client,guest
noel	christmas,christmastide,christmastime,yule,yuletide
noemi	naomi
noesis	cognition,knowledge
noetic	intellectual,rational
nog	peg
noggin	attic,bean,bonce,dome,noodle
noisome	fetid,foetid,smelly
nol	nolle-pros,nolle-prosequi
nolle-pros	nol
nolle-prosequi	nol
nom-de-guerre	anonym
nomadic	mobile,roving
nomia	genus-nomia
nominal	token,tokenish
nominate	appoint,put-forward,put-up
nominee	candidate
non	not
non-ionic-detergent	anionic
non-jew	goy
nonce	time-being
nonchalant	casual
nonchalantly	coolly
nonchurchgoing	lapsed
noncitizen	foreigner
noncom	enlisted-officer,noncommissioned-officer
noncommissioned-officer	noncom
noncompliance	disobedience
noncompliant	defiant
nonentity	nobody
nonetheless	however,nevertheless,still,withal
nonexempt	taxable
nonfat	fat-free,fatless
nonfiction	nonfictional-prose
nonfictional-prose	nonfiction
nonkosher	tref
nonplused	puzzled
nonplussed	puzzled
nonprogressive	fusty
nonproliferation-center	npc
nonrapid-eye-movement	nrem
nonsense	bunk,frill,hokum,meaninglessness,nonsensicality
nonsensicality	hokum,nonsense
nonspecific-urethritis	nsu
nontoxic	atoxic
nonverbal	gestural
noodle	attic,bean,bonce,dome,noggin
nook	corner
nookie	ass,fuck,fucking,nooky,piece-of-ass,piece-of-tail,screw,screwing,shtup
nooky	ass,fuck,fucking,nookie,piece-of-ass,piece-of-tail,screw,screwing,shtup
noon	high-noon,midday,noonday,noontide,twelve-noon
noonday	midday,noon
noontide	midday,noon
noose	running-noose,slip-noose
nor'-nor'-east	nne
nor'-nor'-west	nnw
nor'-west	nw
noreg	kingdom-of-norway,norge,norway
norge	kingdom-of-norway,noreg,norway
normal	convention,rule
normally	commonly,ordinarily,unremarkably,usually
norn	weird-sister
norse	norwegian
north	northward
north-atlantic-council	nac
north-borneo	sabah
north-by-east	nbe
north-by-west	nbw
north-carolina	nc
north-dakota	nd
north-frigid-zone	arctic
north-korea	dprk
north-northeast	nne
north-northwest	nnw
north-star-state	minnesota,mn
northeast-by-east	nebe
northeast-by-north	nebn
northerly	northward
northern-porgy	scup
northern-scup	scup
northerner	yank,yankee
northrop-frye	frye
northward	north,northerly,northwards
northwards	northward
northwest	nw
northwest-by-north	nwbn
northwest-by-west	nwbw
northwestward	nw
noruz	nowrooz,nowruz
norvir	ritonavir
norway	kingdom-of-norway,noreg,norge
norwegian	norse
nose	nozzle,olfactory-organ
nose-candy	coke
nose-cone	ogive
nose-count	census
nose-drops	scag,skag
nosecount	census
nosegay	bouquet,corsage,posy
nosey	nosy,prying,snoopy
nosy	nosey,prying,snoopy
not	non
nota-bene	nb
notable	famed,famous,noted,noteworthy
notation	notational-system
notational-system	notation
notch	nick
notched	erose
note	mention,observe,remark
notecase	wallet
noted	celebrated,famed,famous,far-famed,illustrious,notable,renowned
noteworthy	notable
nothing	aught,cipher,cypher,goose-egg,nada,naught,nil,nix,null,zero,zilch,zippo
notice	detect,discover,find,observe,point-out,poster
noticeable	detectable
notify	advise,apprise,apprize,give-notice,send-word
notion	impression
notional	imaginary
notorious	ill-famed,infamous
notornis	takahe
notornis-mantelli	takahe
notwithstanding	however,nevertheless,still,withal
nourish	nurture,sustain
nous	brain,head,mind,psyche
nov	november
novelty	bangle,bauble,fallal,freshness,gaud,gewgaw,trinket
november	nov
novice	tiro,tyro
now	at-once,immediately,instantly,nowadays,today
now-and-again	occasionally
now-and-then	occasionally
nowadays	now
nowise	to-no-degree
nowrooz	noruz
nowruz	noruz
nox	night
noyes	alfred-noyes
nozzle	nose,schnoz,snoot
np	nurse-clinician,nurse-practitioner
npa	new-people's-army
npc	nonproliferation-center
nrem	nonrapid-eye-movement,nrem-sleep,orthodox-sleep
nrem-sleep	nrem
nrna	nuclear-rna
nsu	nonspecific-urethritis
nsw	naval-special-warfare
nt	national-trust
nth	n-th
nuance	nicety,refinement,shade,subtlety
nub	center,centre,core,essence,gist,heart,kernel,substance
nubbly	homespun,nubby,slubbed,tweedy
nubby	homespun,nubbly,slubbed,tweedy
nubile	marriageable
nucha	nape,scruff
nuclear	atomic
nuclear-rna	nrna
nuclear-transplantation	scnt
nuclear-warhead	nuke
nucleus	cell-nucleus,core,karyon
nuda	class-nuda
nude	au-naturel,bare,naked
nudge	poke-at,prod
nudism	naturism
nuke	atomic-warhead,nuclear-warhead,thermonuclear-warhead
null	aught,nada,naught,nil,nix,nothing,void,zero,zilch,zippo
numb	asleep,benumbed
numbat	anteater,banded-anteater,myrmecobius-fasciatus
number	count,figure
numberless	countless,myriad
numbly	insensibly
numbness	apathy
numdah	nammad,numdah-rug
numdah-rug	nammad,numdah
numerate	count
numeration	counting
numeric	numerical
numerical	numeric
numerous	legion
numida	genus-numida
numida-meleagris	guinea
numskull	dunce,lunkhead
nuprin	advil,ibuprofen,motrin
nuptials	wedding
nurse-clinician	np
nurse-practitioner	np
nursed	suckled
nursery	baby's-room
nurseryman	gardener
nurture	nourish,rearing
nut	en,junky,orchis,testicle,testis
nut-house	bedlam
nutria	coypu,myocastor-coypus
nutrient	food
nuts	balmy,barmy,bats,batty,bonkers,buggy,cracked,crackers
nutter	wacko
nuttily	daftly
nutty	balmy,barmy,bats,batty,bonkers,buggy,cracked,crackers
nuzzle	cuddle,draw-close,nest,nestle,snuggle
nv	battle-born-state,nevada,sagebrush-state,silver-state
nw	nor'-west,northwest,northwestward
nwbn	northwest-by-north
nwbw	northwest-by-west
ny	empire-state,new-york,new-york-state
nyala	tragelaphus-angasi
nydrazid	inh
nylghai	nilgai
nylghau	nilgai
nylon-stocking	nylons,rayons
nylons	nylon-stocking,rayon-stocking,rayons,silk-stocking
nypa	genus-nipa,genus-nypa,nipa
nyse	big-board,n,new-york-stock-exchange
nyssa	genus-nyssa
nystan	mycostatin,nystatin
nystatin	nystan
o'er	over
o-level	gcse
oaf	clod,gawk,goon,lout,lubber,lummox,lump,stumblebum
oafish	boorish,loutish,neandertal,neanderthal,swinish
oahu	oahu-island
oahu-island	oahu
oarlock	thole
oarsman	rower
oasis	haven
oates	joyce-carol-oates
oath	curse,curse-word,cuss,expletive,swearing,swearword
ob	midwifery,obstetrics,tocology
obadiah	abdias
obdurate	cussed,flinty
obdurately	stubbornly
obeah	obi
obeche	arere
obechi	arere
obedience	obeisance
obeisance	obedience
obese	corpulent,rotund,weighty
obi	obeah
obit	necrology,obituary
obituary	obit
object	objective,physical-object
objection	expostulation,remonstrance,remonstration
objective	aim,object,target
objurgate	condemn,decry
oblate	pumpkin-shaped
obligate	compel,oblige
obligation	duty,responsibility
oblige	compel,obligate
oblique	devious
obliterate	efface
oblivion	limbo
obloquy	calumny
obnubilate	befog
oboe	hautbois,hautboy
obscene	lewd
obscenely	lewdly
obscenity	filth
obscure	bedim,befog,unsung,vague
obscureness	obscurity
obscurity	abstruseness,obscureness,reconditeness
observance	ceremony,watching
observation	watching
observe	celebrate,detect,discover,find,note,notice,remark
observed	ascertained,discovered
observer	beholder,perceiver,percipient
obsess	ghost,haunt
obsessed	haunted
obstacle	obstruction
obstetrics	ob
obstinate	cussed,stubborn,wayward
obstinately	stubbornly
obstruction	obstacle
obtuse	dense,dim,dull,dumb,slow
obviate	avert
obviously	apparently,evidently,manifestly,patently,plain,plainly
oca	oka,oxalis-crenata,oxalis-tuberosa
occam	ockham,william-of-occam,william-of-ockham
occasion	juncture
occasionally	at-times,from-time-to-time,now-and-again,now-and-then,on-occasion,once-in-a-while
occident	west
occluded	sorbed
occult	mysterious,mystic,mystical,orphic,secret
occultation	eclipse
occupancy	tenancy
occupant	occupier,resident
occupation	business,job,line,line-of-work
occupied	engaged
occupier	occupant,resident
occupy	busy,invade
occur	come-about,fall-out,go-on,hap,happen,pass,pass-off,take-place
occurrence	happening,natural-event,occurrent
occurrent	occurrence
ocean-state	ri
ocean-sunfish	mola
ocean-trip	voyage
ocellus	stemma
ocelot	felis-pardalis,panther-cat
ocher	ochre
ochna	genus-ochna
ochoa	severo-ochoa
ochre	ocher
ochroma-lagopus	balsa
ochs	adolph-simon-ochs
ockham	occam
oct	october
octad	eight,eighter,eighter-from-decatur,octet,octonary,ogdoad,viii
octavo	eightvo
octet	octad,octette
octette	octet
october	oct
octonary	octad
ocular	opthalmic,optic,optical,visual
oculus	eye,optic
oculus-dexter	od
od	oculus-dexter
odd	curious,peculiar,queer,remaining,rum,rummy,uneven,unpaired
odd-fellow	kook
odd-fish	kook
odd-man-out	kook
oddball	geek
oddity	curio,curiosity,oddment,peculiarity,quirk,rarity
oddly	curiously,peculiarly
oddment	curio,oddity,rarity
oder	oder-river
oder-river	oder
odesa	odessa
odessa	odesa
odets	clifford-odets
odious	abominable,detestable,execrable
odium	abhorrence,abomination,detestation,execration,loathing
odo	odo-of-lagery,otho,otho-of-lagery,urban-ii
odo-of-lagery	odo,otho
odor	aroma,odour,olfactory-property,scent,smell
odour	aroma,odor,olfactory-property,scent,smell
oecumenical	universal
oedema	edema
oesophagus	gullet
oeuvre	body-of-work,work
of-a-sudden	suddenly
of-all-time	ever
of-course	course,naturally
of-import	important
of-late	lately,recently
of-necessity	inevitably,needs
off	away,forth,slay
off-and-on	fitful
off-color	bawdy,ribald
off-the-wall	bizarre,eccentric,flakey,flaky,freaky,gonzo,outre
off-white	pearl
offbeat	far-out,kinky,quirky,way-out
offence	crime,offense,offensive
offend	outrage,pique
offended	pained
offense	crime,discourtesy,offence,offensive-activity
offensive	offence
offensive-activity	offense
offer	bid,proffer
office	agency,berth,billet,bureau,business-office,post,role
officer	military-officer,policeman
official	functionary
officially	formally
officious	meddling
offish	standoffish
offset	countervail,setoff
oft	frequently,often,oftentimes,ofttimes
often	frequently,oft,oftentimes,ofttimes
oftenness	frequency
oftentimes	frequently,oft,often
ofttimes	frequently,oft,often
ogden-nash	nash
ogdoad	octad
ogee	cyma-reversa
ogive	nose-cone
ogre	fiend
oh	buckeye-state,ohio
ohio	buckeye-state,oh
ohm	georg-simon-ohm
oil	anele
oil-of-turpentine	turps
oil-rig	oilrig
oil-tanker	oiler,tanker
oiler	oil-tanker,tank-ship,tanker
oilrig	drill-rig,drilling-rig,oil-rig
oilskin	slicker
oily	greasy,oleaginous,sebaceous,smarmy,soapy
oink	grunt,squeal
ointment	balm
ok	all-right,alright,fine,okay,okeh,okey,very-well
oka	oca,oxalis-crenata,oxalis-tuberosa
okapi	okapia-johnstoni
okapia	genus-okapia
okapia-johnstoni	okapi
okay	all-right,approve,fine,hunky-dory,ok,okeh,okey,sanction
okeh	ok,okay,okey
oken	lorenz-oken,lorenz-okenfuss,okenfuss
okenfuss	oken
okey	ok,okay,okeh
okra	gumbo
ola	olla
old	onetime
old-age	years
old-delhi	delhi
old-dominion	virginia
old-dominion-state	virginia
old-fashioned	antique,demode,ex,passe,passee
old-hat	antique,banal,demode,ex,passe,passee,trite
old-man	graybeard,greybeard,methuselah
old-nick	devil,lucifer,satan
old-north-state	nc
old-person	oldster
old-salt	seaman
older	aged,elderly,senior,sr
oldie	golden-oldie
oldster	golden-ager,old-person,senior-citizen
olea	genus-olea
oleaginous	greasy,oily,smarmy,soapy
olein	triolein
oleo	margarin,margarine,marge,oleomargarine
oleomargarine	marge,oleo
olfactory-organ	nose
olfactory-property	aroma,odor,odour
olla	ola
olm	proteus-anguinus
omaha	maha
oman	muscat-and-oman,sultanate-of-oman
omasum	psalterium,third-stomach
ombu	bella-sombra,phytolacca-dioica
omen	augur,bode,portent,presage,prodigy,prognostic,prognostication
ominous	baleful,forbidding,menacing,minacious,minatory,sinister,threatening
omission	skip
omit	except,exclude,leave-off,leave-out,neglect,take-out
omnibus	bus,jitney
omphalos	navel
omphalus	navel
on	along
on-a-higher-floor	upstairs
on-a-lower-floor	downstairs
on-a-regular-basis	regularly
on-an-individual-basis	individually,separately
on-board	aboard
on-fire	afire,aflare
on-it	thereon
on-line	online
on-occasion	occasionally
on-purpose	deliberately
on-that	thereon
on-the-face-of-it	apparently,seemingly
on-the-job	working
on-the-loose	escaped
on-the-q	secretly
on-the-qt	secretly
onager	equus-hemionus
once	erst,formerly,in-one-case,one-time
once-again	again
once-in-a-while	occasionally
once-more	again
oncoming	onset
oncorhynchus-keta	chum
oncorhynchus-kisutch	coho,cohoe
one	ace,ane,i
one-by-one	individually,separately
one-fourth	quarter
one-half	half
one-horse	pokey,poky
one-hundred	hundred
one-hundred-eighty	clxxx
one-hundred-fifteen	cxv
one-hundred-fifty	cl
one-hundred-fifty-five	clv
one-hundred-five	cv
one-hundred-forty	cxl
one-hundred-forty-five	cxlv
one-hundred-ninety	xcl
one-hundred-one	ci
one-hundred-seventy	clxx
one-hundred-sixty	clx
one-hundred-sixty-five	clxv
one-hundred-ten	cx
one-hundred-thirty	cxxx
one-hundred-thirty-five	cxxxv
one-hundred-twenty	cxx
one-hundred-twenty-five	cxxv
one-man-rule	tyranny
one-quarter	quarter
one-sided	biased
one-thousand	thou,thousand
one-thousand-thousand	meg
one-time	once,onetime
one-way-light-time	owlt
one-year	annual
onega	lake-onega
oneness	unity
onerous	taxing
onetime	erstwhile,former,old,one-time,quondam,sometime
online	on-line
onlooker	looker-on
only	alone,but,exclusively,just,merely,simply,solely
ono	yoko-ono
onomatopoeic	echoic
onomatopoeical	echoic
onomatopoetic	echoic
onrush	attack,onset,onslaught
onset	oncoming,onrush
onshore	inshore,seaward,shoreward
onslaught	barrage,onrush
ontogenesis	growing,growth
ontogeny	growing,growth
onus	burden,encumbrance,incumbrance,load
onward	ahead,forrader,forward,forwards,onwards
onwards	onward
onyxis	ingrown-toenail
ooh	aah
oomph	dynamism,pizzaz,pizzazz,zing
oort	jan-hendrix-oort
ooze	exude,goo,guck,gunk,oozing,seep,seepage
ooze-out	exude
oozing	ooze,oozy,seeping
oozy	oozing,seeping
opah	lampris-regius,moonfish
opel	wilhelm-von-opel
open	exposed,open-up,opened,overt
open-eyed	wakeful
open-fireplace	fireplace,hearth
open-up	open,pioneer
opened	open
openhearted	kindly
opening	hatchway,orifice,porta
opepe	nauclea-diderrichii
opera-hat	topper
operable	useable
operate	run
operating-room	or
operating-surgeon	surgeon
operating-theater	or
operating-theatre	or
operational	useable
operetta	light-opera
operose	arduous
ophidian	serpent,snake
opine	guess,imagine,reckon,suppose,think
opinion	impression,persuasion,ruling,sentiment,thought,view
opinion-poll	poll
oporto	porto
opossum	possum
opponent	antagonist,opposing
opportunity	chance
opposer	antagonist
opposing	opponent
opposite-number	counterpart
opposition	foe,resistance
oppress	crush
opprobrious	shameful
opt	choose,prefer
opthalmic	ocular
optic	eye,ocular,oculus,optical,visual
optic-cup	eyecup
optical	ocular,optic,visual
optical-maser	laser
optical-prism	prism
optimal	optimum
optimum	optimal
option	alternative,choice,pick,selection
opulent	deluxe,gilded,grand,luxurious,princely,sumptuous
opus	composition,musical-composition,piece,piece-of-music
opv	oral-poliovirus-vaccine,sabin-vaccine,topv
or	operating-room,operating-theater,operating-theatre,oregon,surgery
or-else	instead
or-so	about,approximately,roughly
orach	orache
orache	orach
oracle	prophet
oral	unwritten,viva
oral-cavity	mouth
oral-exam	viva
oral-examination	viva
oral-fissure	mouth
oral-poliovirus-vaccine	opv,topv
orang	orangutan,orangutang,pongo-pygmaeus
orange	orangish
orange-group	ov
orange-pekoe	pekoe
orangish	orange
orangutan	orang
orangutang	orang
orator	public-speaker,rhetorician,speechifier,speechmaker
orb	eyeball
orbit	ambit,arena,celestial-orbit,domain,range,scope
orbiter	satellite
orca	grampus,killer,killer-whale,orcinus-orca,sea-wolf
orchard	grove,plantation,woodlet
orchid	orchidaceous-plant
orchidaceous-plant	orchid
orchis	ball,ballock,bollock,egg,nut,testicle,testis
orcinus-orca	orca
orcus	dis
orczy	baroness-emmusca-orczy
ordain	enact
order	decree,dictate,edict,enjoin,fiat,govern,guild,ordering,prescribe,say,tell
order-anura	anura
order-batrachia	anura
order-lobata	lobata
order-salientia	anura
ordered	arranged,coherent
ordering	order,ordination
orderly	neat
ordinance	regulation
ordinarily	commonly,normally,unremarkably,usually
ordination	ordering
ordnance	artillery
ordure	feces
oregon	beaver-state,or
oreo	oreo-cookie
oreo-cookie	oreo
orff	carl-orff
organic-structure	body
organisation	establishment,organization
organise	coordinate,organize
organiser	pda
organism	being
organization	establishment,organisation
organize	coordinate,form,organise
organizer	pda
orgasm	climax,coming,sexual-climax
orgy	debauch
oriel	oriel-window
oriel-window	oriel
orient	orientate,tailor
orientate	orient
orientated	oriented
oriented	orientated
orifice	opening,porta
origin	beginning,descent,root,rootage,source
originate	arise,develop,grow,initiate,rise,spring-up,uprise
origination	founding
originative	creative
oriole	american-oriole,new-world-oriole
orion	hunter
orlop	fourth-deck,orlop-deck
orlop-deck	orlop
orly-group	asala
ormer	haliotis-tuberculata,sea-ear
ornament	adorn,decorate,decoration
ornamentation	decoration
ornate	flowery
ornery	cantankerous,crotchety
orphic	mysterious,mystic,mystical,occult,secret
orpin	live-forever,livelong,orpine,sedum-telephium
orpine	orpin
orr	bobby-orr,robert-orr
orris	orrisroot
orrisroot	orris
orthodontic-braces	braces
orthodox-sleep	nrem
orthography	writing-system
orthophosphate	phosphate
orudis	ketoprofen,orudis-kt,oruvail
orudis-kt	orudis
orumiyeh	urmia
oruvail	orudis
oryx	pasang
oryza	genus-oryza
oryzopsis-miliacea	smilo
os	bone
os-hamatum	hamate
os-pubis	pubis
os-zygomaticum	malar
oscar	academy-award
oscar-wilde	wilde
oscilloscope	cro
oscitant	drowsy
osculate	kiss,snog
osculation	buss
oslo	capital-of-norway,christiania
osprey	fish-eagle,fish-hawk,pandion-haliaetus,sea-eagle
osseous	bony,osteal
osteal	bony,osseous
ostensible	seeming
ostensibly	apparently,seemingly
ostentate	flaunt
ostiary	doorman,porter
ostracise	banish
ostracize	banish
ostrea	genus-ostrea
otaria	genus-otaria
otc	over-the-counter
other-than	differently
otherwise	differently
otho	odo,odo-of-lagery,otho-of-lagery,urban-ii
otho-of-lagery	odo,otho
otic	auricular
otides	suborder-otides
otiose	faineant,indolent,lazy,slothful,work-shy
otis	genus-otis
oto	otoe
otoe	oto
ottar	atar,athar,attar
otto-hahn	hahn
otto-loewi	loewi
ottoman	pouf,pouffe,tuffet
otus	genus-otus
ouija	ouija-board
ouija-board	ouija
ounce	apothecaries'-ounce,oz,troy-ounce
ouse	ouse-river
ouse-river	ouse
ousel	blackbird,european-blackbird,merl,merle,ouzel,turdus-merula
oust	boot-out,drum-out,expel,kick-out,throw-out
ouster	ousting
ousting	ouster
out	forbidden,kayoed,ko'd,taboo,tabu
out-and-out	sheer
out-loud	aloud
out-of-door	outdoor
out-of-doors	outdoors,outside
out-of-sight	doggo,hidden
out-or-keeping	unfitting
outburst	blowup,ebullition,effusion,gush
outcast	castaway,ishmael,pariah
outcome	consequence,effect,final-result,result,resultant,termination,upshot
outcry	call,cry,exclaim,shout,vociferation,yell
outdo	exceed,outgo,outmatch,outperform,outstrip,surmount,surpass
outdoor	out-of-door,outside
outdoors	alfresco,out-of-doors,outside
outer-boundary	fringe,periphery
outface	outstare,stare-down
outfit	equip,getup
outgo	expenditure,outdo,outlay,spending,surpass
outhouse	jakes,privy
outing	excursion,expedition,jaunt,junket,picnic,pleasure-trip,sashay
outlander	foreigner
outlandish	bizarre,eccentric,flakey,flaky,freaky,gonzo
outlast	outlive
outlaw	criminal,criminalise,criminalize,crook,felon,illegalise,illegalize
outlay	disbursal,disbursement,expenditure,outgo,spending
outlet	exit,retail-store,sales-outlet
outline	adumbrate,draft,precis,schema,sketch
outlive	outlast,survive
outlook	expectation,mentality,mind-set,mindset
outmatch	outdo,surpass
outmoded	antique,demode,ex,passe,passee
outperform	outdo,surpass
outpouring	barrage
output	end-product
outrage	appal,appall,indignation,offend,rape,scandalise,scandalize,shock
outrageous	hideous
outre	bizarre,eccentric,flakey,flaky,freakish,freaky,gonzo,off-the-wall
outset	beginning,commencement,first,get-go,kickoff,showtime,start,starting-time
outside	alfresco,out-of-doors,outdoor,outdoors
outspoken	blunt,candid,frank,vocal
outstanding	owing,prominent,salient
outstandingly	remarkably,unco,unusually
outstare	outface
outstrip	outdo,surpass
ouzel	blackbird,european-blackbird,merl,merle,ousel,turdus-merula
ov	orange-group
oval	egg-shaped,elliptic,elliptical,oval-shaped,ovate,oviform,ovoid,prolate
oval-shaped	oval,ovate,ovoid
ovate	egg-shaped,elliptic,elliptical,oval,oval-shaped,oviform,ovoid,prolate
oven-broil	broil
over	ended,o'er
over-again	again
over-the-counter	otc
overabundant	rife
overacting	hamming
overbearing	haughty,sniffy
overblown	pompous
overbold	sassy,saucy
overcast	cloud-cover,cloudiness
overcharge	rob
overcloud	bedim
overcoat	greatcoat,topcoat
overcome	defeat,get-the-better-of,whelm
overdone	exaggerated,overstated
overdraw	exaggerate
overdress	prink
overeat	glut,gorge
overeating	gula
overflow	runoff
overflowing	awash,flooded
overgenerous	lavish
overgorge	glut,gorge
overhead-railway	el
overhear	catch,take-in
overindulge	glut,gorge
overleap	neglect
overlook	neglect
overly	excessively,to-a-fault,too
overmodest	demure
overmuch	too-much
overnice	prissy
overpower	whelm
overpowering	overwhelming
overprotection	momism
override	overrule,overthrow,overturn,reverse
overriding	paramount
overrule	override
overrun	infest
overseas-telegram	cable
oversee	supervise
overshadow	dwarf
overshielding	momism
oversight	lapse,supervision
overspill	runoff
overstate	exaggerate
overstated	overdone
overstrung	edgy,jumpy,restive
overt	open
overtake	catch,catch-up-with,whelm
overthrow	bring-down,override,overturn,subvert
overturn	annul,override,overthrow,repeal,rescind
overweening	uppity
overweight	fleshy
overwhelm	drown,whelm
overwhelming	overpowering
overzealous	rabid
ovibos	genus-ovibos
ovid	publius-ovidius-naso
oviform	oval,ovate,ovoid
ovis	genus-ovis
ovis-ammon	argal,argali
ovis-vignei	urial
ovoid	egg-shaped,elliptic,elliptical,oval,oval-shaped,ovate,oviform,prolate
ovolo	quarter-round,thumb
ovum	egg-cell
owen	sir-richard-owen
owens	james-cleveland-owens,jesse-owens
owing	outstanding,undischarged
owl	bird-of-minerva,bird-of-night,hooter
owlt	one-way-light-time
own	ain
owner	proprietor
ownership	possession
oxalis-crenata	oca,oka
oxalis-tuberosa	oca,oka
oxaprozin	daypro
oxazepam	serax
oxen	bos-taurus,cattle,cows,kine
oxidation	oxidisation,oxidization
oxidation-reduction	redox
oxidisation	oxidation
oxidization	oxidation
oxidoreduction	redox
oxlip	paigle,primula-elatior
oxyura	genus-oxyura
oxyuranus-scutellatus	taipan
oz	ounce
ozaena	ozena
ozawa	seiji-ozawa
ozena	ozaena
pa	dad,dada,daddy,papa,pappa,pennsylvania,pop
paba	para-aminobenzoic-acid
pabir	bura
pablo-neruda	reyes
pablo-picasso	picasso
pablum	pap
paca	cuniculus-paca
pace	gait,stride,yard
pacha	pasha
pachydermatous	callous
pacific	pacific-ocean
pacific-ocean	pacific
pacific-standard-time	pst
pacific-time	pst
pacifist	dovish
pacifistic	dovish
pacify	appease,assuage,conciliate,gentle,gruntle,lenify,mollify,placate
pacing	tempo
pack	clique,gang,wad
pack-together	compress
package	packet,parcel
packaging	promotion,publicity
packed	jam-packed,jammed
packet	bundle,package,parcel
packing	boxing,packing-material,wadding
packing-material	packing
packman	hawker,peddler
packsack	haversack,knapsack
pact	accord,treaty
pad	digs,inkpad,lodgings,pad-of-paper,plod,tablet,trudge
pad-of-paper	pad
padda	genus-padda
padded	cushioned,cushiony
paddy	mick
padova	padua
padre	father
padua	padova,patavium
paean	encomium,eulogy,panegyric,pean
paeony	peony
pagan	gentile,heathen,infidel
pageant	pageantry
pageantry	pageant
pager	beeper
paget	sir-james-paget
pagrus	genus-pagrus
paid	gainful
paige	leroy-robert-paige,satchel-paige
paigle	oxlip
pail	bucket
pain	hurting
paine	thomas-paine,tom-paine
pained	offended
painful	awful
painfully	distressingly
pains	nisus,strain,striving
paint	rouge
painter	cougar,puma
painting	picture
pair	brace,duad,dyad,mate,twain
pair-of-pliers	pliers,plyers
pair-of-tongs	tongs
paired	mated
pairing	mating
paiute	piute
pajama	jammies,pj's,pyjama
pal	brother,buddy,chum,crony,sidekick
palace	castle
palas	butea-frondosa,butea-monosperma,dak,dhak
palate	roof-of-the-mouth
palatinate	pfalz
palatine-tonsil	tonsil
palatopharyngoplasty	ppp,uppp
palau	belau,palau-islands,pelew
palau-islands	belau,palau,pelew
palaver	coax,gabble
pale	blanch,pallid,wan
paleness	pallor
palestine-islamic-jihad	pij
palette	pallet
paling	picket-fence
pall	cloy,curtain,daunt,drapery,dull
palladium	pd
pallas's-cat	manul
pallet	palette
palliate	mitigate,relieve
pallid	pale,wan
pallidness	pallor
pallium	cortex
pallor	achromasia,lividity,lividness,luridness,paleness,pallidness,wanness
pally	chummy,matey,palsy-walsy
palm	medal,thenar
palmar	volar
palmy	booming,flourishing,prospering,prosperous,roaring,thriving
palpebra	eyelid,lid
palpitate	quiver
palsy-walsy	matey,pally
paltry	measly,miserable
pamper	baby,cocker,coddle,cosset,featherbed,indulge,mollycoddle,spoil
pan	cooking-pan
pan-paniscus	bonobo
pan-troglodytes	chimp
panadol	datril,tempra
panama	boater,republic-of-panama
panama-hat	boater
panax	genus-panax
panax-quinquefolius	sang
panda	ailurus-fulgens,bear-cat,cat-bear,lesser-panda,red-panda
pandar	pander,pimp,ponce
pandemonium	chaos
pander	fancy-man,indulge,pandar,panderer,pimp,ponce,procurer
panderer	pander,pimp,ponce
pandion-haliaetus	osprey
pane	elvis,pane-of-glass,paneling,window-glass,zen
pane-of-glass	pane
panegyric	eulogy,paean,pean
paneling	pane,panelling
panelling	paneling
pang	stab,twinge
panga	machete,matchet
panic	affright,terror
panjandrum	vip
panorama	vista
pansa	pus
pansy	nance,poof,poove
pant	gasp,heave,puff,trouser
panther	cougar,felis-onca,jaguar,panthera-onca,puma
panther-cat	ocelot
panthera-leo	lion
panthera-onca	jaguar,panther
panthera-tigris	tiger
pantie	panty,scanty,step-in
panting	heaving
pantomime	mime
pantomimer	mimer
pantomimist	mimer
pantry	buttery,larder
pantryman	butler
pants	bloomers,drawers,knickers
panty	pantie,scanty,step-in
pap	pablum,teat
papa	dad,dada,daddy,pa,pappa,pop
papal	apostolic,apostolical,pontifical
papaverine	kavrin
papaw	pawpaw
paper	newspaper
paper-bag	sack
papers	document,written-document
papio	genus-papio
papio-ursinus	chacma
papism	popery
papist	papistic,papistical,popish,r,roman,roman-catholic,romanist,romish
papistic	papist,popish,romish
papistical	papist,popish,romish
pappa	dad,dada,daddy,pa,papa,pop
para	belem,feliz-lusitania,santa-maria-de-belem,st
para-aminobenzoic-acid	paba
parable	allegory,apologue,fable
paradigm	epitome
paradise	heaven
paragon	beau-ideal,idol,perfection
parallel-bars	bars
parameter	parametric-quantity
parametric-quantity	parameter
paramount	overriding,predominant,predominate,preponderant,preponderating
paramour	doxy
parapraxis	miscue
parcel	package,packet,portion,share
parcel-out	dispense,distribute
parch	sear
parched	adust,baked,scorched,sunbaked
pardner	collaborator,cooperator,partner
pare	pare-down,peel,trim
pare-down	pare
parer	paring-knife
pareve	parve
pariah	outcast
paries	wall
paring-knife	parer
paris	capital-of-france,city-of-light,french-capital
park	parkland
parka	anorak,windbreaker,windcheater
parkland	park
parks	rosa-parks
parky	chilly
parlance	idiom
parlay	double-up
parliament	fantan,sevens
parlor	parlour
parlour	parlor
parlous	perilous
parody	burlesque,charade,lampoon,mockery,sendup,spoof,takeoff,travesty
paronomasia	pun
paroxetime	paxil
parry	block,deflect,evade,sidestep
parsee	parsi
parsi	parsee
parsimoniousness	thrift
parsimony	thrift
parson	curate,minister,minister-of-religion,pastor,rector
part	component,component-part,constituent,contribution,partially,partly,persona,portion,region,role,share
partaker	sharer
parthenogenetic	agamic
partiality	fondness
partially	part,partly
participant	player
participate	take-part
participation	engagement,involution,involvement
particle	atom,corpuscle,molecule,mote,speck
particular	finicky,peculiar,picky,special
particularly	especially,peculiarly,specially
parting	farewell,leave,leave-taking
partly	part,partially
partner	better-half,married-person,mate,pardner,spouse
party	political-party
parula	genus-parula
parus	genus-parus
parus-caeruleus	tomtit
parve	pareve
parvo	parvovirus
parvovirus	parvo
pas-de-deux	duet
pasang	bezoar-goat,capra-aegagrus,oryx
pasch	pascha
pascha	pasch
paseo	walk,walkway
pasha	pacha
pashto	paxto
pashtu	paxto
pass	authorize,communicate,croak,die,egest,elapse,go-across,go-through,happen,occur,passing,perish
pass-along	communicate
pass-away	croak,die,perish
pass-off	emit,happen,occur,take-place
pass-on	communicate,impart,relegate
pass-out	swoon
pass-over	cross,skip,traverse,wipe
passably	fairly,pretty,reasonably
passage	transition
passe	antique,demode,ex,old-fashioned,old-hat,outmoded,passee
passee	antique,demode,ex,old-fashioned,old-hat,outmoded,passe
passenger	rider
passer	genus-passer,passerby
passer-by	passerby
passerby	passer,passer-by
passim	throughout
passing	cursory,pass,passing-game,passing-play
passing-game	passing
passing-play	passing
passion	mania,passionateness
passionateness	passion
passive	inactive
passover	pesah
passover-supper	seder
past	by,past-times,yesteryear
past-times	past
pasta	alimentary-paste
paste	glue
pasted	glued
pastiche	medley
pastime	interest,pursuit
pasto	galeras
pastor	curate,minister,minister-of-religion,parson,rector
pastoral	bucolic
pasture	graze,grazing-land,lea,ley,pastureland
pastureland	lea,ley,pasture
pasty	gluey,glutinous,gummy,mucilaginous,sticky,viscid,viscous
pat	chuck
patas	erythrocebus-patas,hussar-monkey
patavium	padua
patch	bandage,dapple,fleck,maculation,speckle,spot,while
pate	crown,poll
patella	kneecap
patelliform	dished
patent	apparent,evident,patent-of-invention,plain
patent-of-invention	patent
patently	evidently,obviously,plainly
paternal	agnate
path	route,track,way,way-of-life
pathetic	hapless,piteous,pitiful,poor,ridiculous
pathless	untrod
pathologic	morbid
pathological	morbid
pathos	pity,poignancy
pathway	nerve-pathway,nerve-tract,tract
patience	forbearance,longanimity
patio	terrace
patois	argot,jargon,lingo,slang
paton	alan-paton,alan-stewart-paton
patrimonial	ancestral
patriot	nationalist
patrioteer	jingo
patriotic	loyal
patriotism	nationalism
patron	frequenter
patronage	backing,backup,championship
patroness	patronne
patronise	sponsor
patronize	sponsor
patronne	patroness
patsy	chump,fall-guy,fool,gull,mark,mug,soft-touch,sucker
patten	clog,geta,sabot
patter	line-of-gab,spiel
pattern	convention,form,practice,rule,shape
paucity	dearth
paul	apostle-of-the-gentiles,apostle-paul,paul-the-apostle,saint-paul,saul,saul-of-tarsus,st
paul-dukas	dukas
paul-heyse	heyse
paul-john-flory	flory
paul-klee	klee
paul-the-apostle	paul,saul
pauli	wolfgang-pauli
paunch	belly
pause	hesitate
pavage	paving
pavan	pavane
pavane	pavan
pavement	paving,sidewalk
pavilion	marquee
paving	pavage,pavement
paving-machine	pavior
pavior	paving-machine,paviour
paviour	pavior
pavis	pavise
pavise	pavis
pavo	genus-pavo
paw	hand,manus
pawl	click,detent,dog
pawn	hock
pawpaw	papaw
pax	kiss-of-peace
paxil	paroxetime
paxto	afghan,afghani,pashto,pashtu
pay	salary,wage
pay-as-you-earn	paye
payable	collectable,collectible
payback	vengeance
paye	pay-as-you-earn
payer	remunerator
paying	compensable,gainful,remunerative,salaried,stipendiary
payload	cargo,freight,lading
payoff	bribe,proceeds,reward,wages
pb	pbit,pebibyte,petabyte,pib
pbit	pb,petabit
pc	microcomputer,personal-computer
pcp	angel-dust,phencyclidine
pct	per-centum,percent,percentage
pd	palladium
pda	organiser,organizer,personal-organiser,personal-organizer
pdflp	dflp
pdl	poundal
pe-tsai	napa
peace-garden-state	nd
peace-officer	lawman
peaceable	peaceful
peaceful	peaceable
peach	apricot,blab,lulu,salmon-pink,yellowish-pink
peach-state	ga,georgia
peachy	peachy-colored,peachy-coloured
peachy-colored	peachy
peachy-coloured	peachy
peacock-blue	aqua
peag	wampum,wampumpeag
peak	acme,apex,extremum,heyday,visor,vizor
peaked	ailing,indisposed,poorly,seedy,sickly,under-the-weather,unwell
peaked-cap	kepi
peaky	spiky
peal	pealing,ring,roll,rolling
pealing	peal
pean	encomium,eulogy,paean,panegyric
peanut	insignificant
pearl	bone,ivory,off-white
pearly	pearly-white
pearly-white	pearly
peary	robert-e,robert-edwin-peary,robert-peary
peasant	boor,bucolic,provincial
peat-bog	bog
peavey	cant-dog,dog-hook,peavy
peavy	cant-dog,dog-hook,peavey
peba	dasypus-novemcinctus,nine-banded-armadillo,texas-armadillo
pebbly	gravelly,shingly
pebibit	pibit
pebibyte	pb,pib
peck	beak,nag,pick
pecker	beak,bill,dick,neb,nib,peter,putz
peckish	peevish,techy,testy,tetchy
pecos	pecos-river
pecos-river	pecos
pecs	musculus-pectoralis,pectoral,pectoral-muscle,pectoralis
pectoral	musculus-pectoralis,pecs,pectoral-muscle,pectoralis
pectoral-muscle	pecs,pectoral
pectoralis	pecs,pectoral
pectus	chest,thorax
peculiar	curious,funny,odd,particular,queer,rum,rummy,singular,special
peculiarity	curio,oddity,rarity
peculiarly	curiously,especially,oddly,particularly
pecuniary-resource	funds
pedagog	educator
pedagogue	educator
pedagogy	education,teaching
peddle	hawk,huckster,monger,pitch,vend
peddler	hawker,packman,pedlar,pitchman
peddling	vending
pedestal	plinth
pedestrian	prosy
pediamycin	ethril
pediculosis-pubis	crabs
pediculus-corporis	cootie
pedigree	ancestry,lineage
pedlar	hawker,peddler
pedunculate	stalked
pee	peeing,piss,pissing,urine
pee-pee	piss
peeing	pee
peek	glance,peep
peekaboo	bopeep
peel	pare,skin,undress
peeled	bare-ass,bare-assed,in-the-altogether,in-the-buff,in-the-raw,naked-as-a-jaybird,raw,stark-naked
peep	cheep,chirp,peek
peepul	pipal,pipul
peeved	annoyed,irritated,miffed,nettled,pissed,pissed-off,riled,roiled,stung
peevish	cranky,fractious,irritable,nettlesome,peckish,pettish,petulant,scratchy,techy,testy,tetchy
peewee	contopus-virens,peewit,pewee,pewit,runt,wood-pewee
peewit	contopus-virens,peewee,pewee,pewit,wood-pewee
peg	nog,pegleg,thole
pegleg	leg,peg,wooden-leg
pei	i,ieoh-ming-pei
peignoir	wrapper
pekan	black-cat,fisher,fisher-cat,martes-pennanti
peke	pekinese,pekingese
pekinese	peke
pekingese	peke
pekoe	orange-pekoe
pel	picture-element,pixel
pelage	coat
pelew	belau,palau,palau-islands
pelf	boodle,bread,cabbage,clams,dinero,dough,gelt,kale
pellet	shot
pellucid	limpid,lucid,transparent
pellucidity	clarity,clearness
pelmet	cornice,valance,valance-board
pelota	jai-alai
pelt	fur,pepper
pelt-along	hie,race,rush
pelting	rain
peludo	euphractus-sexcinctus,poyou
pelvic-arch	pelvis
pelvic-girdle	pelvis
pelvis	hip,pelvic-arch,pelvic-girdle
penal	punishable
penalisation	penalty,punishment
penalise	penalize,punish
penalization	penalty,punishment
penalize	penalise,punish
penalty	penalisation,penalization,punishment
penetrate	fathom,perforate,pervade
penetrating	incisive,keen
penetration	insight
penetrative	incisive,keen
peneus	genus-peneus
penial	penile
penile	penial
penis	member,phallus
penn	pennsylvania
pennant	crown
penning	writing
pennon	pinion
pennsylvania	keystone-state,pa,penn
penny-pinching	thrift
pensive	brooding,broody,contemplative,meditative,musing,pondering,reflective,ruminative
penstock	sluice
pent	shut-up
pentateuch	laws
pentazocine	talwin
penult	penultima,penultimate
penultima	penult
penultimate	penult
peon	drudge,galley-slave,navvy
peony	paeony
people	masses
pep	ginger,peppiness
pepcid	famotidine
pepin	pepin-iii,pepin-the-short
pepin-iii	pepin
pepin-the-short	pepin
peplos	peplum,peplus
peplum	peplos,peplus
peplus	peplos,peplum
pepper	pelt
pepper-tree	molle
peppiness	pep
peppy	bouncing,bouncy,spirited,zippy
pepsi	pepsi-cola
pepsi-cola	pepsi
peptidase	protease
pepys	samuel-pepys
per-centum	pct,percent,percentage
peradventure	maybe,mayhap,perhaps,possibly
perambulation	stroll
perambulator	pram,pusher
perca	genus-perca
perceive	comprehend
perceived	sensed
perceiver	observer
percent	pct,per-centum,percentage
percentage	pct,per-centum,percent,share
percept	perception
perception	percept,perceptual-experience
perceptual-experience	perception
perch	alight,rest,roost
perchance	maybe,mayhap,perhaps,possibly
percipient	observer
percussor	plexor
percy	harry-hotspur,hotspur,sir-henry-percy
perdix	genus-perdix
peregrine	mobile,roving
peremptory	bossy
perennial	repeated
perfect	arrant
perfecta	exacta
perfection	flawlessness,ne-plus-ultra,paragon
perfectly	absolutely,dead,utterly
perfervid	ardent,fervent
perfidious	punic
perfidy	betrayal
perfluorocarbon	pfc
perforate	penetrate
perform	do,execute
performance	public-presentation
performer	performing-artist
performing	acting
performing-artist	performer
perfume	essence,scent
perfunctory	cursory
perfuse	suffuse
pergola	arbor,arbour,bower
perhaps	maybe,mayhap,peradventure,perchance,possibly
peril	endanger,endangerment,hazard,jeopardy,risk,threaten
perilous	parlous,precarious,touch-and-go
perimeter	margin
period	period-of-time,time-period
period-of-time	period
periodic	periodical
periodical	periodic
periphery	fringe,outer-boundary
perish	croak,decease,die,exit,expire,go,kick-the-bucket,pass,pass-away
periwig	peruke
periwinkle	winkle
perk	fringe-benefit,perquisite
perky	buoyant,chirpy
perm	permanent,permanent-wave
permanent	lasting,perm
permanent-wave	perm
permeate	pervade
permit	allow,countenance,let,license
pernis	genus-pernis
perodicticus-potto	potto
peron	juan-domingo-peron
perpendicular	vertical
perpetual	eonian,eternal
perplex	baffle,complicate,puzzle
perplexing	puzzling
perquisite	perk
persephone	cora,kore
persia	iran
persian	farsi,irani
persist	die-hard,endure,prevail,run
persistence	continuity
persistent	dogged,haunting,relentless,unrelenting
persisting	dogging
persnickety	snooty,uppish
person	individual,mortal,somebody,someone,soul
persona	character,part,role,theatrical-role
personal-business	affairs
personal-computer	pc
personal-identity	identity
personal-matters	affairs
personal-organiser	pda
personal-organizer	pda
personify	embody
personnel	force
perspective	position,view
perspicuous	limpid,lucid
perspiration	sudor,sweat
persuade	carry,sway
persuasion	opinion
pert	impertinent,irreverent,saucy
pertain	bear-on,come-to,concern,have-to-doe-with,refer,relate,touch,touch-on
pertinacious	dogged
pertinent	apt
pertly	freshly,impertinently,impudently,saucily
perturb	cark
perturbing	disturbing
peru	republic-of-peru
peruke	periwig
perusal	perusing,poring-over,studying
perusing	perusal
peruvian-mastic-tree	molle
pervade	diffuse,imbue,interpenetrate,penetrate,permeate,riddle
perverse	wayward
perverted	twisted
pes	foot,human-foot
pesach	pesah
pesah	passover,pesach
pesky	annoying,bothersome,galling,irritating,nettlesome,pestering,pestiferous,plaguy,vexing
peso	chilean-peso
pest	gadfly
pester	badger,beleaguer,bug,tease
pestered	annoyed,harassed,harried,vexed
pesterer	gadfly
pestering	galling,pesky,plaguy,vexing
pestiferous	galling,pesky,plaguy,vexing
pestilence	canker
pet	darling,deary,ducky,favored
petabit	pbit
petabyte	pb,pib
petal	flower-petal
petaurista-petaurista	taguan
peter	cock,dick,pecker,prick,putz,shaft,tool
peter-lorre	lorre
peter-mark-roget	roget
peter-out	fizzle
petite	bantam,diminutive,flyspeck,lilliputian,midget,tiny
petition	postulation,request
petitioner	requester,suer,suppliant,supplicant
pettifog	bicker
pettifoggery	tiff
petting	caressing,cuddling,fondling,hugging,kissing,necking,smooching,snuggling
pettish	peevish,techy,testy,tetchy
pettishly	irritably,testily
petty	lowly,small-minded,trivial
petulant	peevish,techy,testy,tetchy
petulantly	irritably,testily
peul	ful,fula,fulani
pew	church-bench
pewee	contopus-virens,peewee,peewit,pewit,wood-pewee
pewit	contopus-virens,peewee,peewit,pewee,wood-pewee
peyote	mescaline
peyton-rous	rous
pfalz	palatinate
pfc	perfluorocarbon
ph	ph-scale,phd
ph-scale	ph
phaeton	tourer
phage	bacteriophage
phallus	penis
phantasm	phantom
phantasma	phantom
phantasmal	ghostly
phantasy	fantasy
phantom	apparition,fantasm,phantasm,phantasma,specter,spectre
pharmacy	drugstore
pharos	beacon,beacon-light,lighthouse
pharynx	throat
phascolarctos-cinereus	koala
phase	stage
phaseolus-aureus	mung
phd	ph
phenaphen	datril,tempra
phencyclidine	pcp
phenelzine	nardil
phenyl-salicylate	salol
phenylketonuria	pku
phial	ampoule,ampul,ampule,vial
philadelphia	city-of-brotherly-love
philander	flirt
philia	affection
philip-milton-roth	roth
philip-roth	roth
philosophic	philosophical
philosophical	philosophic
philosophical-system	doctrine,ism,philosophy
philosophy	doctrine,ism,philosophical-system,school-of-thought
phiz	countenance,kisser,mug,physiognomy,smiler,visage
phlegm	flatness,languor,lethargy,sluggishness,sputum
phloem	bast
phoca	genus-phoca
phoebe	phoebe-bird,sayornis-phoebe
phoebe-bird	phoebe
pholas	genus-pholas
pholis	genus-pholis
phonation	vox
phone	telephone,telephone-set
phone-company	telco
phone-service	telco
phonemics	phonology
phonetic	phonic
phoney	bastard,bogus,fake,phony
phonic	phonetic
phonograph-record	disc
phonograph-recording	disc
phonologic	phonological
phonological	phonologic
phonology	phonemics
phony	bastard,bogus,fake,phoney
phosphate	inorganic-phosphate,orthophosphate
photinia-arbutifolia	toyon
photo	exposure,photograph,pic,picture
photograph	exposure,photo,pic,picture
photographic-camera	camera
phoxinus-phoxinus	minnow
phrase-structure	syntax
phrenetic	frantic
phylum-protozoa	protozoa
physic	aperient,cathartic,purgative
physical-attraction	eros
physical-body	bod,soma
physical-exercise	exercise,workout
physical-exertion	exercise,workout
physical-object	object
physical-structure	body
physician	doc,doctor,dr,md,medico
physics	natural-philosophy
physiognomy	kisser,phiz,smiler
physiological-reaction	reflex
physique	bod,body-build,build,habitus,soma
phytolacca-americana	scoke
phytolacca-dioica	ombu
phytology	botany
pi	protease-inhibitor
pi-meson	pion
pia	indian-arrowroot,tacca-leontopetaloides,tacca-pinnatifida
piaf	edith-giovanna-gassion,edith-piaf,little-sparrow
pianist	piano-player
piano	forte-piano,pianoforte
piano-player	pianist
pianoforte	piano
piaster	kurus
piastre	kurus
piazza	place,plaza
pib	pb,pebibyte,petabyte
pibit	pebibit
pic	exposure,film,movie,photo,photograph,picture
pica	em,genus-pica
pica-em	em
picasso	pablo-picasso
picea	genus-picea
pichi	fabiana-imbricata
pick	choice,cream,option,peck,pickax,selection,weft,woof
pick-apart	criticize
pick-me-up	bracer
pick-off	pluck
pick-out	choose,discern,select
pick-up	arrest,discover,elate,gather-up,hear,lift-up,nab,uplift
pickax	pick,pickaxe
pickaxe	pickax
picket	piquet,sentry
picket-fence	paling
pickup	pickup-truck
pickup-truck	pickup
picky	finical,finicky,fussy,particular
picnic	cinch,field-day,outing
pictorial	lifelike,pictural,vivid
pictural	pictorial
picture	envision,film,icon,ikon,image,movie,painting,photo,photograph,pic,visualize
picture-element	pel,pixel
picture-show	film,movie
picus	genus-picus
piddle	piss,urine
piddling	trivial
pidlimdi	tera
pie-eyed	blotto,crocked,pissed,soaked,soused
piece	assemble,firearm,opus,slice,while
piece-of-ass	fuck,nookie,nooky,screw,shtup
piece-of-cake	cinch
piece-of-furniture	furniture
piece-of-music	opus
piece-of-tail	fuck,nookie,nooky,screw
piecemeal	stepwise
pied	calico,motley,multi-color,multi-colored,multi-colour,multicolor,multicolored,multicolour
pieplant	rhubarb
pier	dock,wharf,wharfage
pier-luigi-nervi	nervi
piercing	incisive,keen
piercingly	shrilly
pierid	pierid-butterfly
pierid-butterfly	pierid
pieris	genus-pieris
pierre-paul-broca	broca
piety	piousness
piffle	balderdash,fiddle-faddle,gabble
piffling	trivial
pig	cop,grunter,hog,slob,squealer,sus-scrofa
pig-headedly	stubbornly
pigboat	submarine
pigeon-berry	scoke
pigeon-hawk	merlin
pigeon-pea	dahl,dhal
pigeon-pea-plant	dhal
piggish	piggy
piggy	hoggish,piggish,piglet,porcine,shoat,shote,swinish
piglet	piggy,shoat,shote
pigmy	pygmy
pigpen	pigsty,sty
pigsty	pigpen,sty
pigswill	swill
pigwash	swill
pij	palestine-islamic-jihad
pika	coney,cony,mouse-hare,rock-rabbit
pike	expressway,freeway,motorway,state-highway,superhighway,throughway,thruway
pilaf	pilaff,pilau,pilaw
pilaff	pilaf,pilau,pilaw
pilar-cyst	wen
pilary	pilose,pilous
pilau	pilaf,pilaff,pilaw
pilaw	pilaf,pilaff,pilau
pile	agglomerate,cumulation,cumulus,heap,mound,piling,stilt
pile-up	amass,collect
pilea	genus-pilea
piles	dozens,gobs,heaps,loads,lots,rafts,scads,scores,slews,stacks,tons,wads
pilfer	abstract,cabbage,filch,hook,pinch,purloin,snarf,sneak,swipe
piling	pile,spile,stilt
pill	tab
pillage	booty,loot,reave
pillaged	looted,raped,sacked
pillbox	toque
pillock	dolt,stupe
pilose	pilary,pilous
pilot	airplane-pilot
pilot-biscuit	hardtack
pilot-bread	hardtack
pilous	pilary,pilose
pilsen	plzen
pimp	fancy-man,pandar,pander,panderer,ponce,procurer
pimple	hickey,zit
pimpled	acned,pimply
pimply	acned,pimpled,pustulate
pin	immobilise,immobilize,thole,trap
pinafore	pinny
pinball	pinball-game
pinball-game	pinball
pincer	chela,claw,nipper
pinch	emergency,filch,mite,nip,pilfer,snarf,squeeze,tweak,tweet,twinge,twitch
pinche	leontocebus-oedipus
pinched	bony,cadaverous,emaciated,gaunt,haggard,nasal,skeletal,wasted
pindolol	visken
pine	ache,pine-tree,true-pine
pine-tree	pine
pine-tree-state	maine,me
pineus	genus-pineus
pinhead	booby
pinion	pennon
pink	pinkish,pinko
pink-slipped	fired
pinkie	little-finger,pinky
pinkish	pink
pinko	pink
pinky	little-finger,pinkie
pinna	auricle,ear
pinny	jumper,pinafore
pinon	pinyon
pinot	pinot-grape
pinot-grape	pinot
pinpoint	nail,speck
pinus	genus-pinus
pinyon	pinon
piolet	ice-ax,ice-axe
pion	pi-meson
pioneer	open-up
piousness	piety
pip	blip,radar-target,shoot
pipa	genus-pipa
pipage	pipe,piping
pipal	bo-tree,ficus-religiosa,peepul,pipal-tree,pipul,sacred-fig
pipal-tree	pipal,pipul
pipe	pipage,tobacco-pipe
pipe-fitter	plumber
piper	bagpiper
piper-betel	betel
pipet	pipette
pipette	pipet
pipile	genus-pipile
pipilo	genus-pipilo
piping	pipage,steaming
pipit	lark,titlark
pipra	genus-pipra
pipul	bo-tree,ficus-religiosa,peepul,pipal,pipal-tree,sacred-fig
piquance	tang
piquancy	tang
piquant	salty
piquantness	tang
pique	offend,temper
piquet	picket
piracy	plagiarisation,plagiarism,plagiarization
pirana	caribe,piranha
piranha	caribe,pirana
pirate	hijack,literary-pirate,plagiariser,plagiarist,plagiarizer
pirogue	dugout,dugout-canoe
pisces	fish,pisces-the-fishes
pisces-the-fishes	pisces
pismire	ant,emmet
piss	make,make-water,micturate,pee,pee-pee,piddle,puddle,urinate,urine
pissed	annoyed,besotted,blind-drunk,blotto,cockeyed,crocked,fuddled,loaded,miffed,peeved,pie-eyed,riled
pissed-off	annoyed,miffed,peeved,riled,stung
pissing	pee
pistol	handgun,shooting-iron,side-arm
piston	plunger
pisum	genus-pisum
pit	cavity
pita	pocket-bread
pitch	flip,gear,peddle,sky,slant,tar,toss,vend
pitch-black	ebony
pitch-contour	intonation
pitcher	ewer,hurler,twirler
pitcher's-mound	mound
pitchman	hawker,peddler
pitchy	resinous,resiny,sooty,tarry
piteous	hapless,miserable,misfortunate,pathetic,pitiable,pitiful,poor,wretched
pitfall	booby-trap
pith-hat	topee
pith-helmet	topee
pithy	sententious
pitiable	hapless,piteous,pitiful,poor
pitiful	hapless,pathetic,piteous,pitiable,poor,sorry
pitiless	remorseless,ruthless,unpitying
pitot	pitot-tube
pitot-tube	pitot
pitprop	sprag
pitressin	adh
pitt	first-earl-of-chatham,pitt-the-elder,william-pitt
pitt-the-elder	pitt
pitted	alveolate,cavitied,faveolate,honeycombed
pituitary	hypophysis,pituitary-body,pituitary-gland
pituitary-body	pituitary
pituitary-gland	pituitary
pity	commiseration,pathos,ruth
piute	paiute
pivot	swivel
pix	pyx
pixel	pel,picture-element
pixie	brownie,elf,gremlin,hob,imp,pixy,pyxie
pixilated	impish,implike,puckish
pixy	brownie,elf,gremlin,hob,imp,pixie,pyxie
pizza	pizza-pie
pizza-pie	pizza
pizzaz	dynamism,oomph,pizzazz,zing
pizzazz	oomph,pizzaz,zing
pj's	jammies,pajama,pyjama
pku	phenylketonuria
placard	poster
placate	appease,pacify
place	berth,billet,identify,invest,lay,lieu,piazza,position,post,seat,set,shoes
placed	located,situated
placement	arrangement
placid	quiet,smooth,still,tranquil,unruffled
placidity	serenity
placuna-placenta	capiz
plagiarisation	piracy
plagiariser	pirate
plagiarism	piracy
plagiarist	pirate
plagiarization	piracy
plagiarizer	pirate
plague	beset,blight,chevy,chivy,harry
plaguy	annoying,bothersome,galling,irritating,nettlesome,pesky,pestering,pestiferous
plaice	pleuronectes-platessa
plaid	tartan
plain	apparent,complain,evident,evidently,homely,manifest,obviously,patent,plainly,unmistakable
plainly	apparently,evidently,manifestly,obviously,patently,plain
plainspoken	blunt,candid,frank
plaintive	mournful
plait	braid,pleat,tress
plan	design,program,programme
planar	two-dimensional
plane	aeroplane,airplane,flat,planer
planeness	flatness
planer	plane,planing-machine
planet	major-planet
planetal	planetary
planetary	global,planetal
planing-machine	planer
plank	board,flump,plunk
planless	afloat,aimless
planner	contriver,deviser
plant	embed,flora,imbed,industrial-plant,institute,works
plant-life	flora
plantation	orchard
plantation-owner	planter
planted	deep-rooted,deep-seated,implanted,ingrained
planter	plantation-owner
plash	splash
plasm	blood-plasma,plasma
plasma	blood-plasma,plasm
plastered	sealed
plastic	pliant
plat	plot
plate	denture,home,home-base,home-plate
plath	sylvia-plath
platinum	pt
platitude	cliche
platitudinal	corny
platitudinous	corny
platonism	realism
platter	disc
platy	platypoecilus-maculatus
platypoecilus-maculatus	platy
plavix	clopidogrel-bisulfate
play	dally,drama,frolic,gambling,gambol,gaming,wreak
play-out	sap
playacting	acting
played-out	exhausted,fagged,fatigued
player	actor,musician,participant
playfellow	playmate
playfulness	fun
playing	acting
playmate	playfellow
playscript	script
plaything	toy
plaza	center,mall,piazza,shopping-center,shopping-centre,shopping-mall
pleader	counsel
pleasance	pleasure
pleasant-island	nauru
pleasant-tasting	yummy
please	delight
pleasure	pleasance
pleasure-trip	jaunt,outing
pleat	plait
pleb	plebeian
plebe	cadet
plebeian	pleb
pledge	plight
pledged	sworn
plenitude	plenty
plenteousness	plenty
plentifulness	plenty
plentitude	plenty
plenty	plenitude,plenteousness,plentifulness,plentitude
plessor	plexor
plethoric	rife
pleuronectes-platessa	plaice
pleven	plevna
plevna	pleven
plexor	percussor,plessor
plexus	rete
pliant	plastic
plica	fold
plier	plyer
pliers	pair-of-pliers,plyers
plight	pledge,predicament,quandary,troth
plinth	footstall,pedestal
pliny	gaius-plinius-secundus,pliny-the-elder
pliny-the-elder	pliny
ploceus-philippinus	baya
plod	footslog,pad,slog,tramp,trudge
plonk	flump,plunk
plop	flump,plunk
plot	game,plat,secret-plan
plot-line	storyline
plough	plow
ploughed	plowed
ploughing	plowing
plow	deal,plough,turn
plowed	ploughed
plowing	ploughing
ploy	gambit,stratagem
pluck	pick-off,pull-off,rob,tweak
plucky	gutsy
plug	chaw,hype,punch,quid,stopper,stopple
plug-hat	bowler,derby
plum	plumb
plum-duff	duff
plumage	feather,plume
plumb	clean,plum
plumbago	graphite
plumber	pipe-fitter
plumbing	plumbing-system
plumbing-system	plumbing
plume	feather,plumage,preen,primp,rob
plumed	crested
plump	chubby,embonpoint,fatten,flump,plunk
plump-down	flump,plunk
plump-for	endorse
plump-out	fatten
plumpness	embonpoint,roundness
plumy	feathered,feathery
plunder	booty,loot,reave
plundered	looted
plunge	dip,dunk,engulf,immerse
plunger	piston
plunk	flump,plank,plonk,plop,plump,plump-down,plunk-down,plunker
plunk-down	flump,plunk
plunk-for	endorse
plunker	plunk
plus	asset,positive
plush	lavish,lucullan,lush,plushy
plushy	lavish,lucullan,lush,plush
pluto	aides
plutonian	hadean
plutonium	pu
ply	cater,provide,supply
plyer	plier
plyers	pair-of-pliers,pliers
plzen	pilsen
pm	autopsy,necropsy,post-mortem,post-mortem-examination,postmortem,postmortem-examination
pms	premenstrual-syndrome
pneumogastric	vagal,vagus
pneumogastric-nerve	vagus
pneumonic	pulmonary
po	post-office,us-post-office
po-box	pob
poa	genus-poa
poached	boiled,stewed
pob	call-box,letter-box,po-box,post-office-box
pocked	pockmarked
pocket-bread	pita
pocketbook	handbag,purse,wallet
pockmarked	pocked
pod	fuel-pod
podgy	dumpy,pudgy,roly-poly,tubby
podium	ambo,dais,pulpit,rostrum,soapbox,stump
podocarpus-coriaceus	yacca
podocarpus-spicata	matai
poe	edgar-allan-poe
poem	verse-form
poesy	poetry,verse
poetry	poesy,verse
pogey	dole,pogy
pogge	agonus-cataphractus,armed-bullhead
pogy	dole,pogey
poignancy	pathos
poignant	affecting,touching
poilu	chicken-purloo,purloo
point	detail,dot,guide,indicate,item,steer
point-blank	blunt,candid,frank
point-of-intersection	intersection
point-of-view	standpoint,viewpoint
point-out	comment,notice,remark
pointel	graver
pointer	arrow,cursor
pointrel	graver
poise	aplomb
poison	poisonous-substance,toxicant
poisonous-substance	poison
poke	biff,clout,dig,jab,jabbing,poking,prod,sack,scoke,stab
poke-at	nudge
poke-bonnet	bonnet
poke-fun	ridicule
poker	poker-game
poker-game	poker
pokey	gaol,jail,jerkwater,one-horse,poky
poking	jab,jabbing,poke,thrust,thrusting
poky	gaol,jail,jerkwater,one-horse,pokey
pol	political-leader,politician,politico
poland	polska,republic-of-poland
polar	gelid
polarity	mutual-opposition
pole-horse	poler
poleax	poleaxe
poleaxe	poleax
polecat	fitch
poler	pole-horse
police	constabulary,law,police-force
police-detective	detective,tec
police-force	police
police-officer	policeman
policeman	officer,police-officer
polio	infantile-paralysis,poliomyelitis
poliomyelitis	polio
polish	refine,shine,smooth,smoothen
polish-off	slay
polished	milled,urbane
polite	cultured
politely	courteously
politic	suave
political-campaign	campaign
political-economy	economics
political-leader	pol
political-orientation	ideology
political-party	party
political-relation	politics
political-theory	ideology
politician	pol
politico	pol
politics	political-relation
polk	james-k,james-knox-polk,james-polk,president-polk
poll	canvass,opinion-poll,pate,public-opinion-poll
pollex	thumb
polliwog	tadpole
pollyannaish	upbeat
pollywog	tadpole
polska	poland
polydactylus-virginicus	barbu
polygonia-comma	comma
polymox	amoxil,trimox
polynomial	multinomial
polyplacophore	chiton
polyvinyl-acetate	pva
pom	pommy
pom-pom	flack,flak
pomade	pomatum
pomatum	pomade
pome	false-fruit
pommel	biff,pummel
pommy	pom
pomp	eclat
pompon	black-margate
pompous	grandiloquent,overblown,pontifical,portentous
ponca	ponka
ponce	fancy-man,pandar,pander,panderer,pimp,procurer
pond	pool
ponder	chew-over,contemplate,excogitate,meditate,mull,muse,reflect,think-over
ponderer	muser
pondering	brooding,broody,pensive
pone	cornpone
pong	niff
pongid	great-ape
pongo	genus-pongo
pongo-pygmaeus	orang
ponka	ponca
pons	pons-varolii
pons-varolii	pons
pontiff	pope
pontifical	papal,pompous
pooch	barker,doggie,doggy,pooch-out
pooch-out	pooch
poodle	poodle-dog
poodle-dog	poodle
poof	fag,faggot,fagot,fairy,nance,pansy,queen,queer
pooh-pooh	spurn
pool	pond
pool-cue	cue
pool-stick	cue
poop	after-part,ninny,quarter,shite,stern,tail,turd
poor	hapless,miserable,misfortunate,pathetic,piteous,pitiable,pitiful,wretched
poor-boy	hoagy
poor-devil	wretch
poor-fish	dolt,stupe
poorly	ailing,badly,ill,peaked,unwell
poorness	poverty
poove	fag,faggot,fagot,fairy,nance,pansy,queen,queer
pop	dad,daddy,pa,papa,pappa,popping,soda
pope	bishop-of-rome,catholic-pope,holy-father,pontiff,roman-catholic-pope,vicar-of-christ
popery	papism
popish	papist,papistic,papistical,r,roman,roman-catholic,romanist,romish
poppet	poppet-valve
poppet-valve	poppet
popping	pop
poppycock	hooey
popsicle	lolly
popular-struggle-front	psf
populate	dwell,inhabit,live
populous	thickly-settled
populus-alba	abele
porc	pork
porcine	piggy
pore	rivet
poring-over	perusal
pork	porc
porn	erotica,porno,pornography,smut
porno	erotica,porn,pornography,smut
pornography	porn,porno,smut
porous	holey
port-vila	vila
porta	opening,orifice
portal-tomb	dolmen
porte	sublime-porte
portend	augur,bode
portent	omen
portentous	pompous
porter	door-guard,doorkeeper,doorman,gatekeeper,hall-porter,ostiary
portion	allot,assign,component,component-part,constituent,dowry,luck,parcel,part,share
portly	stout
porto	oporto
portrait	portrayal
portray	limn
portrayal	portrait
pose	airs,baffle,lay,present,puzzle,set
poser	poseur,sticker,stumper,toughie
poseur	poser
posh	classy,swish
posing	sitting
posit	postulate
position	berth,billet,lay,lieu,perspective,place,post,posture,set,status,stead,view
positive	plus
positivist	rationalist
posse	posse-comitatus
posse-comitatus	posse
possessed	amok,amuck
possession	ownership
possibly	maybe,mayhap,peradventure,perchance,perhaps
possum	opossum
post	berth,billet,office,place,position,situation,spot
post-exchange	px
post-mortem	autopsy,pm
post-mortem-examination	autopsy,pm
post-office	po
post-office-box	pob
poster	bill,card,notice,placard,posting
postfix	suffix
postiche	sham
posting	poster
postmortem	autopsy,pm
postmortem-examination	autopsy,pm
postpone	defer,hold-over,prorogue,put-over,remit,set-back,shelve,table
postscript	ps
postulate	contend,necessitate,posit,require
postulation	petition
posture	attitude,position
posy	bouquet,corsage,nosegay
pot	dope,sens,sess
potassium	k
potassium-nitrate	niter,nitre
potation	draught
potato	irish-potato,murphy,spud,tater,white-potato
potato-pancake	latke
potency	authorisation,authority,authorization,dominance,potential,say-so
potent	strong
potential	potency,potentiality
potentiality	potential
pother	tizzy
pothole	chuckhole
pothouse	pub
potos	genus-potos
potpourri	medley,variety
potter	ceramicist,ceramist,thrower,tinker
pottery	clayware
potto	kinkajou,perodicticus-potto
potty	tiddly,tipsy
pouf	hassock,ottoman,pouffe,puff
pouffe	hassock,ottoman,pouf,puff
poulet	chicken
poultry	domestic-fowl,fowl
pounce	swoop
pound	lb,lbf,thump
poundal	pdl
pounds-per-square-inch	psi
pour	swarm
pout	ameiurus-melas,horned-pout,hornpout,moue
pouter	pouter-pigeon
pouter-pigeon	pouter
poverty	impoverishment,poorness
pow	prisoner-of-war
powder	pulverisation,pulverization
powdered	fine-grained,powdery,pulverised,pulverized,small-grained
powdery	powdered
power	baron,might,mogul,powerfulness
power-pylon	pylon
power-shovel	digger
power-takeoff	pto
powerful	brawny,hefty
powerfulness	power
powwow	huddle
powys	john-cowper-powys
pox	lues,syph
poyou	euphractus-sexcinctus,peludo
ppk	kurdistan-labor-pary,kurdistan-workers-party
ppp	palatopharyngoplasty,uppp
pr	public-relations
practicable	feasible,viable,workable
practical	virtual
practical-application	application
practical-nurse	lpn
practice	pattern,praxis,rehearse
practiced	adept,skillful
practise	rehearse
prag	czech-capital,prague,praha
pragmatism	realism
prague	prag,praha
praha	czech-capital,prag,prague
praia	capital-of-cape-verde,cidade-de-praia
prairie-state	illinois
prairie-wolf	coyote
praise	kudos
pram	baby-buggy,baby-carriage,carriage,go-cart,perambulator,pushchair,pusher,stroller
prance	cock,ruffle,sashay,strut,swagger,tittup
prank	buffoonery,clowning,frivolity,harlequinade,japery
prankish	impish,implike,puckish
prat	arse,backside,bum,buns,butt,buttocks,can,nates
prate	blether,chin-music,gabble,idle-talk,prattle
pratfall	blunder,boner,botch,bungle,fuckup
prattle	prate
praxis	practice
pray	beg,implore
prayer	appeal,supplication
prayer-beads	rosary
prayer-shawl	tallis
prc	cathay,china,communist-china,mainland-china,red-china
preach	prophesy
preacher	preacher-man,sermoniser,sermonizer
preacher-man	preacher
preaching	discourse,sermon
precarious	perilous,unstable
precariousness	uncertainty
precaution	guard,safeguard
precede	antecede,antedate,forego,forgo,predate
precedence	priority
precedency	priority
precedent	case-in-point
precious	cherished,cute,treasured,wanted
precious-stone	jewel
precipitation	haste
precis	abstract,outline,synopsis
precisely	exactly,just
preciseness	precision
precision	preciseness
preclude	forestall,prevent
preconception	bias,prejudice
predate	forego,precede
predetermined	preset
predicament	plight
predict	anticipate,call,forebode,foretell,prognosticate,promise
predominant	paramount
predominate	dominate,paramount,prevail
preen	dress,plume,primp
preface	foreword,prolusion
prefer	favor,opt
preferably	rather,sooner
preferent	favored
preferred	favored
prehend	clutch,seize
prehensile	grabby,greedy
prejudice	bias,preconception
premenstrual-syndrome	pms
premier	prime
premise	assumption,premiss
premiss	assumption,premise
premium	agio
premix	mix
prentice	apprentice
preoccupied	haunted
prep	homework,preparation
preparation	cooking,formulation,prep,readying,training
prepare	cook,fix,gear-up,ready,set,set-up
prepared	fain
preponderant	paramount
preponderating	paramount
presage	augur,bode,omen
prescribe	dictate,order
presence	bearing,mien
present	deliver,demonstrate,introduce,pose
presentation	demonstration
presenter	donor
presently	before-long,currently,shortly,soon
presentment	demonstration
preserve	bear-on,carry-on,continue,uphold
preset	predetermined
president	chairman,prexy
president-bush	dubya
president-eisenhower	ike
president-george-w	dubya
president-hayes	hayes
president-john-f	jfk
president-johnson	lbj
president-kennedy	jfk
president-nixon	nixon
president-polk	polk
president-roosevelt	fdr
president-taft	taft
press	beseech,urge,wardrobe
press-up	pushup
pressing	urgent
pressure	coerce,force,force-per-unit-area,pressure-level
pressure-level	pressure
prestidigitator	magician
prestige	prestigiousness
prestigious	honored
prestigiousness	prestige
presumably	presumptively
presume	assume,dare,take-for-granted
presumptively	presumably
pretence	guise
pretend	affect,dissemble,feign,sham
pretended	fictive
pretender	faker,pseud
pretense	guise
pretermit	neglect
pretext	guise,stalking-horse
pretty	fairly,jolly,middling,moderately,passably,reasonably,somewhat
prevail	dominate,persist,predominate,reign,rule
prevarication	lying
prevaricator	liar
prevent	forbid,foreclose,forestall,preclude
prevention	bar
preview	prevue
previous	former,late
previously	antecedently
previse	foresee
prevue	preview,trailer
prexy	president
prey	fair-game,quarry,target
price	cost,monetary-value,toll
priceless	invaluable
pricey	costly,dear,high-priced,pricy
prick	bastard,dick,peter,prickle,putz
prickle	prick,tingle
prickly	briary,briery,bristly,burred,burry,splenetic,waspish
prickteaser	minx
pricy	costly,dear,high-priced,pricey
pride	pridefulness
pride-of-bolivia	tipu
prideful	exultant,haughty,jubilant,sniffy
pridefulness	pride
prig	snob,snoot,snot
priggish	prim
prim	mincing,priggish,prissy,prudish,puritanical,square-toed,straightlaced,strait-laced,straitlaced,twee
prima	leading,star,starring,stellar
prima-donna	diva
primaeval	primal,primeval
primal	aboriginal,cardinal,central,fundamental,primaeval,primeval,primordial
primarily	chiefly,in-the-main,mainly,principally
primary	chief,main,principal
prime	heyday,premier
primed	fit,set
primer	fusee,fuze,fuzee
primeval	aboriginal,primaeval,primal,primordial
priming	fusee,fuze,fuzee
primitive	crude,rude
primly	prissily
primordial	primal,primeval
primordium	anlage
primp	dress,plume,preen
primula-elatior	oxlip
primus	primus-stove
primus-stove	primus
prince-fumimaro-konoe	konoe
prince-fumimaro-konoye	konoe
prince-of-darkness	devil,lucifer,satan
princely	opulent
princewood	cypre
principal	chief,main,master,primary
principally	chiefly,mainly,primarily
principle	rationale,rule
prinia	genus-prinia
prink	deck-up,dress-up,fancy-up,fig-out,fig-up,gussy-up,overdress,trick-up
print	publish
priodontes-giganteus	tatou,tatu
prior	anterior
priority	precedence,precedency
prise	jimmy,lever,prize,pry
prism	optical-prism
prison	prison-house
prison-house	prison
prisoner	captive
prisoner-of-war	pow
prissily	primly
prissy	dainty,nice,overnice,prim,squeamish
privacy	privateness,seclusion
private-instructor	tutor
private-parts	crotch
private-road	driveway
privately	in-camera,in-private
privateness	privacy
privates	crotch
privy	earth-closet,jakes,john,lav,lavatory,outhouse,toilet
prize	award,booty,jimmy,loot,prise,pry,trophy
prn	as-needed,as-required,pro-re-nata
pro-re-nata	prn
probability	chance
probable	likely
probably	belike,in-all-likelihood,in-all-probability,likely
probationary	tentative
probe	examine,investigation
problem	job,trouble
problematic	knotty
problematical	knotty
procedure	process
proceed	carry-on,continue,go-on
proceeding	proceedings
proceedings	legal-proceeding,proceeding
proceeds	issue,payoff,return,take,takings,yield
process	march,procedure,sue
processor	cpu
proclaim	exalt,extol,glorify,laud
proclamation	announcement,annunciation,declaration
procreation	breeding,facts-of-life,reproduction
procural	procurement
procurance	procurement
procure	secure
procurement	procural,procurance
procurer	pander,pimp,ponce
prod	egg-on,goad,incite,jab,nudge,poke,spur
prodding	spur
prodigious	colossal,stupendous
prodigy	omen
produce	bring-forth
producer	manufacturer
product	merchandise,ware
productiveness	productivity
productivity	productiveness
prof	professor
profane	blasphemous,blue
profess	concede
professed	avowed
professional-dancer	dancer
professor	prof
proffer	offer
proficient	adept,skillful,technical
profit	earnings,lucre,net,net-income,net-profit,profits
profits	earnings,lucre,net,net-income,net-profit,profit
profligate	roue
profoundly	deeply
profuse	exuberant,lush,luxuriant,riotous
profuseness	richness
profusion	richness
progne	genus-progne
prognostic	omen
prognosticate	augur,bode,predict
prognostication	omen,prophecy
program	curriculum,plan,programme
programme	curriculum,plan,program
programmer	coder
progress	advance,advancement
progression	advance
progressive	liberal
progressively	increasingly
prohibit	disallow,forbid,interdict,nix,proscribe,veto
prohibited	banned,forbidden,taboo,tabu
project	cast,design,envision,labor,protrude,task,undertaking,visualize
projected	jutting,sticking
projecting	jutting,sticking
projection	ejection,jut
projection-screen	screen
prokayotae	monera
prolate	oval,ovate,ovoid
prole	proletarian,worker
proletarian	prole
proletariat	labour
prolong	draw-out,extend,protract,sustain
prolonged	drawn-out,extended,lengthy,protracted
prolusion	preface
prom	promenade
promenade	prom,stroll
prominence	bulge,hump
prominent	outstanding,salient,spectacular,striking
prominently	conspicuously
promiscuous	wanton
promise	assure,predict
promised-land	heaven
promote	advance,boost,elevate,encourage,further
promotion	packaging,promotional-material,publicity
promotional-material	promotion,publicity
prompt	actuate,incite,motivate,move,propel
promptly	pronto,quick,quickly
prone	prostrate
pronged	forked,prongy,tined
prongy	bifurcate,biramous,branched,forficate,fork-like,forked,pronged
pronounced	marked
pronouncement	dictum
pronto	promptly,readily
proof	cogent-evidence
propagate	disseminate
propanone	acetone
propel	impel,motivate,prompt
properly	decent,decently,in-good-order,right,the-right-way
property	belongings,holding
prophecy	prognostication,vaticination
prophesier	prophet
prophesy	preach
prophet	oracle,prophesier,seer,vaticinator
prophetic	prophetical
prophetical	prophetic
prophets	nebiim
prophylactic	condom
proportional	relative
propose	advise,suggest
propoxyphene	darvon
proprietary	proprietorship
proprietor	owner
proprietorship	proprietary
prorogue	defer,postpone,shelve
prosaic	prosy
proscribe	forbid,prohibit
proscribed	forbidden,taboo,tabu
prosecute	engage,pursue
prosom	estazolam
prospect	chance,expectation,vista
prospering	palmy,thriving
prosperous	palmy,thriving
prostitute	bawd,whore
prostrate	prone
prosy	earthbound,pedestrian,prosaic
protease	peptidase,proteinase,proteolytic-enzyme
protease-inhibitor	pi
protection	aegis
protective-embankment	escarp,scarp
protector	defender,guardian
proteinase	protease
proteolytic-enzyme	protease
protestant-deacon	deacon
proteus-anguinus	olm
protirelin	trf,trh
protoheme	haem,heme
protohemin	hemin
prototype	epitome
protozoa	phylum-protozoa
protract	prolong
protracted	extended,lengthy,prolonged
protrude	jut,jut-out,project,stick-out
protruding	jutting,sticking
protrusion	jut
protuberance	bulge,hump
protuberant	bulgy
prove	shew,show,test,turn-out,turn-up
proved	proven
proven	proved
proverb	adage,byword,saw
provide	cater,furnish,ply,render,supply
providence	capital-of-rhode-island
province	state
provincial	peasant
provision	proviso
provisional	tentative
provisionary	tentative
proviso	provision
provoke	arouse,elicit,evoke,stimulate
prow	bow,fore,stem
prowess	art,artistry
prox	proximo
proximo	prox
prozac	fluoxetine,sarafem
prude	puritan
prudish	prim
prumnopitys-taxifolia	matai
prune	lop
pruner	lopper,pruning-hook
pruning-hook	lopper,pruner
prunus-alleghaniensis	sloe
prunus-mume	mei
pry	jimmy,lever,prise,prize
prying	nosey,nosy,snoopy
ps	postscript
psalms	book-of-psalms
psalterium	omasum
psenes	genus-psenes
psetta	genus-psetta
psetta-maxima	turbot
pseud	fake,faker,fraud,imposter,impostor,pretender,sham,shammer
pseudemys-concinna	cooter
pseudo	faker
pseudonym	anonym
psf	popular-struggle-front
psi	pounds-per-square-inch
psilosis	sprue
psithyrus	genus-psithyrus
pst	pacific-standard-time,pacific-time
psyche	brain,head,mind,nous,soul
psychiatric-hospital	asylum
psychic	psychical
psychical	psychic
psychogalvanic-response	gsr
psychological-disorder	folie
psychological-operation	psyop
psychological-science	psychology
psychology	psychological-science
psychoneurosis	neurosis
psylla	jumping-plant-louse,psyllid
psyllid	psylla
psyop	psychological-operation
pt	platinum
pterocarpus-angolensis	kiaat
pterocarpus-marsupium	kino
pterocnemia-pennata	nandu
pto	power-takeoff
ptyalise	spit
ptyalize	spit
ptyas	genus-ptyas
pu	plutonium
pub	gin-mill,pothouse,public-house,saloon,taphouse
puberulent	downy
pubes	loins,pubic-region
pubescent	downy
pubic-bone	pubis
pubic-region	loins,pubes
pubis	os-pubis,pubic-bone
public-assistance	welfare
public-house	pub
public-lecture	lecture
public-opinion-poll	poll
public-presentation	performance
public-relations	pr
public-speaker	orator
public-square	agora
public-utility	utility
public-utility-company	utility
public-violence	riot
publically	publicly
publicise	advertise
publicity	packaging,promotion,promotional-material
publicize	advertise
publicly	in-public,publically
publish	print
publisher	publishing-company,publishing-firm,publishing-house
publishing-company	publisher
publishing-firm	publisher
publishing-house	publisher
publius-ovidius-naso	ovid
puck	hockey-puck
pucka	pukka
pucker	cockle,crumple,knit,rumple
puckish	arch,impish,implike,mischievous,pixilated,prankish,wicked
pud	pudding
pudden-head	dolt,stupe
pudding	pud
pudding-head	dolt,stupe
puddle	piss
pudgy	dumpy,podgy,roly-poly,tubby
pueraria-lobata	kudzu
puff	chuff,gasp,pant,pouf,pouffe,puffed,quilt,whiff
puff-of-air	whiff
puffed	puff
puffer	blowfish,globefish,pufferfish
pufferfish	puffer
puffy	gusty,turgid
pug	pug-dog
pug-dog	pug
pugilist	boxer
pujunan	maidu
puka	meryta-sinclairii
puke	barf,bum,crumb,dirty-dog,git,rat,rotter,skunk,stinker,stinkpot
puking	disgorgement,emesis,regurgitation,vomit,vomiting
pukka	pucka
puku	adenota-vardoni
pule	mewl,wail,whimper
pulex	genus-pulex
pull	attract,draw,extract,force,pulling,rend,rip,rive
pull-a-face	grimace
pull-away	recede,retreat,withdraw
pull-back	recede,retreat,withdraw
pull-down	rase,raze
pull-in	attract,earn
pull-off	layby,manage,pluck
pull-out	extract
pull-strings	manipulate
pull-together	gather
pull-up	extract
pull-wires	manipulate
pullet	frier,fryer
pulley	block,pulley-block
pulley-block	pulley
pulling	pull
pullulate	sprout,swarm,teem
pulmonary	pneumonic,pulmonic
pulmonic	pulmonary
pulp	mush
pulpit	ambo,dais,podium,rostrum,soapbox,stump
pulpy	squashy
pulsate	throb
pulsation	pulse
pulse	beat,heartbeat,pulsation,throb
pulverisation	powder
pulverised	powdered
pulverization	powder
pulverized	powdered
puma	catamount,cougar,felis-concolor,mountain-lion,painter,panther
pummel	biff,pommel
pumped	pumped-up,wired
pumped-up	pumped
pumpkin-shaped	oblate
pun	paronomasia,punning,wordplay
punch	biff,clout,plug
puncher	cattleman,cowboy,cowhand,cowherd,cowman,cowpoke,cowpuncher
punctually	duly
punctuate	emphasize
pundit	initiate,learned-person,savant
pungent	barbed,biting
punic	perfidious,treacherous
punish	penalise,penalize
punishable	penal
punishing	arduous
punishment	penalisation,penalization,penalty
punk	cheesy,crummy,goon,hood,hoodlum,strong-armer,thug,tough,toughie
punkey	biting-midge,no-see-um,punkie,punky
punkie	biting-midge,no-see-um,punkey,punky
punky	biting-midge,no-see-um,punkey,punkie
punning	pun
puny	runty
pup	whelp
pupil	educatee,student
pupillary-reflex	miosis,myosis
puppet	marionette
purau	balibago,hibiscus-tiliaceus,mahagua,mahoe,majagua
purchasable	venal
purchase	buy
purchaser	buyer
purchasing	buying
pure	arrant,vestal
purely	strictly
pureness	purity
purgative	physic
purge	purging,retch,spew,spue,vomit
purging	purge
purify	distill,make-pure,sublimate
puritan	prude
puritanical	prim
purity	pureness
purl	eddy,sough,swirl
purloin	filch,pilfer,snarf
purloo	poilu
purple	purplish,regal,violet
purple-pea	hovea
purplish	purple
purportedly	supposedly
purpose	aim,design,intent,intention
purposely	deliberately
purr	whiz
purse	bag,handbag,pocketbook
pursual	pursuit
pursuance	quest
pursue	engage,prosecute
pursuer	chaser
pursuit	chase,following,hobby,pastime,pursual,quest
pursy	blown,short-winded,winded
purulence	ichor,pus,sanies
purus	purus-river
purus-river	purus
pus	festering,ichor,pansa,purulence,sanies,suppuration
pusey	edward-bouverie-pusey,edward-pusey
push	force,pushing
push-aside	discount,dismiss
push-back	repel
pushchair	pram,pusher
pusher	baby-buggy,baby-carriage,carriage,go-cart,perambulator,pram,pushchair,stroller,zori
pushful	pushy
pushing	push
pushover	cinch
pushup	press-up
pushy	pushful
puss	cunt,kitty,kitty-cat,pussy,pussycat,twat
pussy	cunt,kitty,puss,slit,snatch,twat
pussycat	kitty,puss
pussyfoot	sneak
pustulate	acned,pimply
put	invest,lay,set
put-across	communicate
put-away	imprison
put-behind-bars	imprison
put-down	demean,record,unload
put-forward	nominate
put-in	instal,install
put-off	evade,sidestep
put-on	don,dupe,dupery,fictive,gull,hoax,humbug
put-on-the-line	risk
put-one-over	dupe,gull
put-over	defer,postpone,shelve
put-to-death	execute
put-together	assemble
put-up	erect,nominate
putin	vladimir-putin
putrefaction	depravity
putsch	coup,coup-d'etat,takeover
putter	putting-iron,tinker
putting-iron	putter
putting-to-death	killing
putz	cock,dick,pecker,peter,prick,shaft,tool
puzzle	baffle,beat,get,mystify,perplex,pose,stick,vex
puzzle-out	solve
puzzled	at-a-loss,nonplused,nonplussed
puzzling	confusing,perplexing
pva	polyvinyl-acetate
px	post-exchange
pyaemic	pyemic
pycnotic	pyknotic
pydna	battle-of-pydna
pyemic	pyaemic
pygmy	pigmy
pygmy-chimpanzee	bonobo
pygoscelis-adeliae	adelie
pyjama	jammies,pajama,pj's
pyknic	endomorphic
pyknotic	pycnotic
pyle	howard-pyle
pylodictus-olivaris	goujon,mudcat
pylon	power-pylon
pyre	funeral-pyre
pyrotechnic	firework
pyrus	genus-pyrus
pyx	pix
pyxidanthera-barbulata	pyxie
pyxie	pixie,pixy,pyxidanthera-barbulata
qabala	cabala,cabbala,cabbalah,kabala,kabbala,kabbalah,qabalah
qabalah	qabala
qabbala	cabala,kabala
qabbalah	cabala,kabala
qaeda	al-qa'ida,al-qaeda,al-qaida,base
qat	african-tea,arabian-tea,cat,kat,khat,quat
qatar	katar,katar-peninsula,qatar-peninsula
qatar-peninsula	katar,qatar
qatari	katari
qatari-riyal	riyal
qcd	quantum-chromodynamics
qed	quantum-electrodynamics
qi	ch'i,chi,ki
qiang	qiangic
qiangic	qiang
qin	ch'in,ch'in-dynasty,qin-dynasty
qin-dynasty	ch'in,qin
qing	ch'ing,ch'ing-dynasty,manchu,manchu-dynasty,qing-dynasty
qing-dynasty	qing
quackery	empiricism
quad	quadrangle
quadrangle	quad
quaff	gulp
quag	mire,morass,quagmire,slack
quagga	equus-quagga
quaggy	boggy,marshy,miry,mucky,muddy,sloppy,sloughy,soggy,swampy
quagmire	mire,quag
quahaug	quahog
quahog	hard-clam,hard-shell-clam,mercenaria-mercenaria,quahaug,round-clam,venus-mercenaria
quail	cringe,flinch,funk,recoil,shrink,squinch,wince
quake	earthquake,quiver,seism,temblor
quaker	friend
qualification	making
qualifier	modifier
qualify	characterize,measure-up,specify,stipulate
quality	caliber,calibre,timbre
qualm	misgiving,scruple
quamash	camas
quandary	dilemma,plight
quantity	amount,measure
quantum-chromodynamics	qcd
quantum-electrodynamics	qed
quark	quark-cheese
quark-cheese	quark
quarrel	altercate,argufy,dispute,scrap
quarry	prey
quarter	fourth,fourth-part,one-fourth,one-quarter,poop,quartern,twenty-five-percent
quarter-round	ovolo
quarterback	field-general,signal-caller
quartern	quarter
quarters	living-quarters
quartz	crystal,lechatelierite,quartz-glass,vitreous-silica
quartz-glass	quartz
quash	keep-down,reduce,repress,subdue,subjugate
quat	african-tea,arabian-tea,cat,kat,khat,qat
quaternary	fourth
quaver	warble
quavering	tremulous
queasy	anxious,nervous,sickish,uneasy,unquiet
queen	nance,poof,poove
queer	curious,frustrate,funny,nance,odd,peculiar,poof,poove,rum,rummy,singular,thwart
queer-bird	kook
queer-duck	kook
queerness	quirk
quell	quench,squelch
quench	allay,assuage,quell,slake
quenched	slaked
quercus-lobata	roble
querier	asker
querulous	whiney,whiny
query	question
quest	call-for,pursuance,pursuit,request
quester	seeker
question	head,interview,query
questioner	asker
questioning	inquiring
quetch	complain
quibble	bicker,cavil
quick	agile,nimble,promptly,speedy,spry
quick-fix	quickie,quicky
quicken	accelerate,recreate,revive,speed,speed-up,vivify,whet
quicker	faster
quickie	band-aid,quick-fix,quicky
quicklime	calx
quickly	apace,chop-chop,promptly,rapidly,speedily
quicksilver	erratic,fickle,mercury
quicky	band-aid,quick-fix,quickie
quid	chaw,chew,cud,plug,wad
quiddity	cavil
quiet	hushed,muted,placid,serenity,subdued
quietly	softly
quilt	comfort,comforter,puff
quin	quint,quintuplet
quine	w,willard-van-orman-quine
quint	quin,quintuplet
quintuplet	quin,quint
quip	gag,sally
quirk	crotchet,oddity,queerness,quirkiness
quirkiness	quirk
quirky	far-out,kinky,offbeat,way-out
quit	cease,discontinue,give-up,lay-off,stop
quite	rather
quito	capital-of-ecuador
quiver	flicker,palpitate,quake
quixotic	romantic,wild-eyed
quoin	coign,coigne,corner
quoits	horseshoes
quondam	onetime
quote	cite
quotidian	everyday,mundane
quran	al-qur'an,book,koran
r	papist,popish,radius,romish,rv
ra	celestial-longitude,right-ascension
rabat	capital-of-morocco
rabato	rebato
rabbet	rebate
rabbit	coney,cony
rabbit-bandicoot	bilby
rabbit-eared-bandicoot	bilby
rabbit-on	jabber,spout
rabble	mob,rout
rabid	fanatic,fanatical,overzealous
rabies	lyssa
raccoon	racoon
race	cannonball-along,hasten,hie,hotfoot,pelt-along,rush,rush-along,speed
rachet	ratch,ratchet
rachis	back,backbone,spinal-column,spine,vertebral-column
rachycentron-canadum	cobia
racial-discrimination	racism
racialism	racism
racialist	racist
racine	jean-baptiste-racine,jean-racine
racing-yacht	yacht
racism	racial-discrimination,racialism
racist	racialist
rack	torture
racon	radar-beacon
racoon	raccoon
racy	lively,risque,spicy
rad	radian
radar	microwave-radar,radiolocation
radar-beacon	racon
radar-dome	radome
radar-target	blip,pip
raddled	drawn,haggard,worn
radian	rad
radiant	beaming,beamy,effulgent,refulgent
radical	basal,extremist,revolutionary,stem,ultra
radio	radiocommunication,tuner,wireless
radio-receiver	tuner
radio-set	tuner
radioactive-dust	fallout
radiocarpal-joint	carpus,wrist
radiocommunication	radio
radiolocation	radar
radius	r,spoke
radix	base
radome	radar-dome
radon	rn
raetam	retem
raf	red-army-faction
raffish	dapper,natty,rakish,spiffy,spruce
rafter	balk,baulk
rafts	dozens,heaps,loads,lots,piles,scores,stacks,tons
rag	annoy,berate,chide,irritate,rebuke,scold,shred,tag,tag-end,tatter,taunt,vex
rag-gourd	luffa
rage	craze,fad,furor,fury,madness
ragee	african-millet,coracan,corakan,eleusine-coracana,finger-millet,kurakkan,ragi
ragi	african-millet,coracan,corakan,eleusine-coracana,finger-millet,kurakkan,ragee
raging	angry,furious,tempestuous,wild
raid	foray,maraud
rail	railing,rails,revile
railing	rail
raillery	banter
railroad	railroad-line,railway,railway-line,railway-system
railroad-line	railroad
railroad-siding	siding
railroad-track	railway
railroad-train	train
rails	rail,runway,track
railway	railroad,railroad-track
railway-line	railroad
railway-system	railroad
raiment	clothe,tog
rain	pelting,rainfall
rain-tree	saman,zaman
rainbow-fish	guppy
rainer-maria-rilke	rilke
rainfall	rain
rainy	showery
raise	arouse,elevate,elicit,enhance,erect,evoke,invoke,lift
raiser	grower
raising	rearing
raja	genus-raja,rajah
rajah	raja
rake	roue,slant
rakehell	roue
rakish	dapper,devil-may-care,natty,raffish,spiffy,spruce
rale	rattle,rattling
rallentando	rit
rally	beat-up,drum-up,muster
ram	aries,cram,drive,force,tup
ramate	branched,branching,ramose,ramous
ramble	jog,ramble-on,roam,rove,wander
ramble-on	jog,ramble
rambling	winding
rambunctious	unruly
ramee	boehmeria-nivea,china-grass,chinese-silk-plant,ramie
ramie	boehmeria-nivea,china-grass,chinese-silk-plant,ramee
ramipril	altace
ramjet	atherodyde,athodyd,flying-drainpipe,ramjet-engine
ramjet-engine	ramjet
ramose	branched,branching,ramate,ramous
ramous	branched,branching,ramate,ramose
ramp	incline
rampart	bulwark,wall
rana	genus-rana
ranch	cattle-farm,cattle-ranch,spread
rancid	sour
rancor	bitterness,gall,rancour,resentment
rancour	bitterness,rancor,resentment
rand	reef,witwatersrand
randomly	arbitrarily,at-random,every-which-way,haphazardly,indiscriminately,willy-nilly
randy	aroused,horny,ruttish,steamy,turned-on
ranee	rani
range	ambit,compass,graze,orbit,reach,scope,stove
rangy	gangling,gangly,lanky
rani	ranee
ranid	true-frog
ranitidine	zantac
rank	crying,membership,sheer
ranked	graded,stratified
ransack	comb,reave
ransacked	looted
rant	blah,bombast,claptrap,fustian,jabber,spout
ranter	raver
raoul-dufy	dufy
rap	knap,whang
rapacity	avarice
rape	assault,colza,dishonor,dishonour,outrage,rapine,ravish,violate
raped	despoiled,pillaged,ravaged,sacked
raper	rapist
raphanus-raphanistrum	runch
raphe	rhaphe
raphus	genus-raphus
raphus-cucullatus	dodo
rapid	speedy
rapidly	apace,chop-chop,quickly,speedily
rapier	tuck
rapine	rape
rapist	raper
rappel	abseil
rapper	doorknocker,knocker
rapscallion	rascal,rogue,scamp
rapt	ecstatic,enraptured,rapturous,rhapsodic
raptor	bird-of-prey,raptorial-bird
raptorial-bird	raptor
rapture	ecstasy,exaltation,raptus,transport
rapturous	ecstatic,rapt
raptus	ecstasy,ictus,rapture,seizure
rarefied	exalted
rarely	seldom
rarified	exalted
raring	impatient
rarity	curio,curiosity,oddity,oddment,peculiarity
rascal	knave,rapscallion,rogue,scalawag,scallywag,scamp,varlet
rascality	mischief
rase	dismantle,level,pull-down,raze,take-down,tear-down
rash	foolhardy,heady,reckless
rasher	sebastodes-miniatus,vermillion-rockfish
rashly	headlong
rasht	resht
rask	rasmus-christian-rask
rasmus-christian-rask	rask
rasp	rasping
raspberry	razz
rasping	grating,gravelly,rasp,raspy,rough,scratchy
raspy	grating,gravelly,rasping,rough,scratchy
rasta	rastafarian
rastafarian	rasta
rat	bum,git,puke,skunk
rat-terrier	ratter
ratable	rateable
ratan	rattan
ratch	rachet,ratchet
ratchet	rachet,ratch
rateable	ratable
ratel	honey-badger,mellivora-capensis
rather	kind-of,kinda,preferably,quite,sort-of
ratify	sign
rating	evaluation,valuation
rational	noetic
rationale	principle
rationalist	positivist
ratite	flightless-bird,ratite-bird
ratite-bird	ratite
ratlin	ratline
ratline	ratlin
rattan	ratan
ratter	rat-terrier
rattle	rale
rattler	rattlesnake
rattlesnake	rattler
rattling	brisk,rale,very,wonderful,wondrous
rattus	genus-rattus
ratty	shabby
raucous	rowdy,strident
raunch	coarseness,commonness,grossness,vulgarism,vulgarity
raunchy	dingy,grimy,grubby,grungy,lewd
ravage	depredation
ravaged	raped,sacked
rave	jabber,spout
ravel	ladder,run
raven	corvus-corax
raver	ranter
raving	ravingly
ravingly	raving
ravish	enchant,rape
ravisher	lulu
raw	natural,peeled,rude,sore
ray	beam,beam-of-light,irradiation,light-beam,ray-of-light,re,shaft,shaft-of-light
ray-m	dolby
ray-of-light	ray
rayon-stocking	nylons,rayons
rayons	nylon-stocking,nylons,rayon-stocking,silk-stocking
raze	dismantle,level,pull-down,rase,take-down,tear-down
razed	demolished,dismantled
razing	demolishing,leveling,tearing-down
razmataz	razzle
razz	bird,boo,bronx-cheer,hiss,hoot,raspberry,razzing,snort,taunt
razzing	razz
razzle	razmataz,razzle-dazzle,razzmatazz
razzle-dazzle	razzle
razzmatazz	razzle
rb	rubidium
rbc	erythrocyte,red-blood-cell
rbi	run-batted-in
rcmp	mounties
re	ray
re-arm	rearm
re-emerge	reappear
re-equip	rejig
re-experiencing	reliving
re-start	resume
reach	achieve,ambit,arrive-at,attain,gain,hit,make,range,scope,strain
reaching	arrival
react	respond
reaction	chemical-reaction,response
reactivity	responsiveness
read-only-memory	rom
read-only-storage	rom
readily	pronto
reading	interpretation
ready	cook,prepare
ready-and-waiting	waiting
ready-to-hand	handy
readying	preparation
real	existent,literal,very
real-ira	rira
realise	earn,realize,see
realised	completed
realism	platonism,pragmatism
reality	world
realizable	doable
realize	agnise,agnize,earn,realise,recognise,recognize,see
realized	completed
really	actually,genuinely,truly,very
realm	kingdom,land
reamer	juicer
reanimate	recreate,revive,vivify
reap	glean,harvest
reap-hook	sickle
reaper	harvester
reaper-binder	binder
reaping-hook	sickle
reappear	re-emerge
rear	erect
rear-of-barrel	breech
rear-of-tube	breech
rearing	breeding,bringing-up,fosterage,fostering,nurture,raising,upbringing
rearm	re-arm
rearward	back,backward,backwards,rearwards
rearwards	backward,rearward
reason	argue,conclude,ground
reason-out	conclude
reasonable	sensible
reasonably	fairly,jolly,middling,moderately,passably,pretty,somewhat
reasoning	abstract-thought,logical-thinking
reassure	assure
reata	lariat,lasso,riata
reave	despoil,foray,loot,pillage,plunder,ransack,rifle,strip
reb	greyback,johnny,johnny-reb,rebel
rebate	rabbet
rebato	rabato
rebel	greyback,johnny,johnny-reb,reb
rebellion	insurrection,revolt,rising,uprising
rebelliousness	defiance
reborn	born-again,converted
rebound	bounce
rebroadcast	rerun
rebuff	repel,repulse,slight,snub
rebuild	reconstruct
rebuke	berate,call-on-the-carpet,chide,jaw,lecture,rag,reprimand,reproof,scold,take-to-task,trounce
rebut	refute
recall	call-back,call-up,recollect,remember,retrieve,think
recant	retract
recap	retread
recce	recco,reccy
recco	recce,reccy
reccy	recce,recco
recede	draw-back,move-back,pull-away,pull-back,retire,retreat,withdraw
receipt	reception
receipts	revenue
receive	have
receiver	receiving-system
receiving-set	tuner
receiving-system	receiver
recently	late,lately,latterly,of-late
reception	receipt,response
receptive	sensory
recess	adjourn,inlet,niche,respite
recessed	sunken
recharge	reload
rechewed-food	cud
recipe	formula
reciprocal	mutual
reciprocal-ohm	mho
reciprocally	inversely
recite	declaim,itemize,recount
reckless	foolhardy,heady,rash
reckon	calculate,compute,consider,guess,imagine,opine,regard,suppose,think
reckoning	counting
reclaim	repossess
reclamation	renewal
recognise	discern,greet,realize,recognize
recognised	accepted
recognition	acknowledgement,acknowledgment,credit
recognize	acknowledge,discern,greet,know,realize,recognise
recognized	accepted
recoil	bounce,cringe,flinch,funk,quail,shrink,squinch,wince
recollect	call-back,call-up,recall,remember,retrieve,think
recommend	advocate,urge
reconditeness	obscurity
reconnoiter	scout
reconnoitre	scout
reconstruct	rebuild,redo,remodel,restore
record	disc,enter,put-down
record-album	album
recorder	recording-equipment,recording-machine
recording-equipment	recorder
recording-machine	recorder
recount	narrate,recite,tell
recoup	reimburse
recourse	refuge,resort
recover	find,regain,retrieve
recovered	healed
recoverer	saver
recreant	craven
recreate	animate,quicken,reanimate,renovate,repair,revive,revivify,vivify
recreation	diversion
recreational-vehicle	rv
recruit	enrol,enroll,enter,inscribe
recruitment	enlisting
rectify	correct,remedy
rector	minister,parson,pastor
recur	repeat,resort
recurrent	repeated
recycle	reuse
red	blood-red,carmine,cerise,cherry,cherry-red,crimson,flushed,reddish,ruddy
red-army-faction	raf
red-backed-sandpiper	dunlin
red-blood-cell	rbc
red-blooded	lusty
red-brigades	br
red-cent	shucks
red-china	china,prc
red-dagga	dagga
red-deer	elk,wapiti
red-faced	flushed
red-gram	dhal
red-gum	marri
red-hand-defenders	rhd
red-indian	indian
red-man	injun
red-panda	panda
red-pine	rimu
red-planet	mars
red-silk-cotton-tree	simal
redact	edit
redbug	chigger,harvest-mite,jigger
redcoat	lobsterback
redden	blush,crimson,flush
reddened	flushed
reddish	cerise,cherry,crimson,red
reddish-blue	violet
reddish-brown	sepia
rede	advise,counsel
redeem	deliver,save
redeemer	christ,jesus,savior
redemption	salvation
redeye	redeye-flight
redeye-flight	redeye
redirect	airt
redness	rubor
redo	reconstruct,remake,remodel
redoubtable	formidable
redox	oxidation-reduction,oxidoreduction
redskin	injun
reduce	bring-down,cut,cut-back,cut-down,dilute,quash,repress,trim,trim-back,trim-down
reduced	decreased
reduction	decrease,diminution,step-down
redundant	excess,extra
reed	beating-reed-instrument,reed-instrument
reed-instrument	reed
reedlike	reedy
reedy	reedlike
reef	rand
reefer	joint,marijuana-cigarette,spliff,stick
reefy	shelfy,shelvy,shoaly
reek	fetor,foetor,fume,stench
reeking	watery
reel	bobbin,careen,lurch,spin,spool,stagger
reelect	return
reenforce	reinforce
reexamine	review
ref	referee
refashion	remake
refer	advert,bring-up,cite,concern,mention,name,pertain
referee	ref
reference	address,mention
refill	fill-again,replenish
refine	down,fine-tune,polish
refined	urbane
refined-sugar	sugar
refinement	nuance
reflect	meditate,mull,muse,ponder,shine
reflection	contemplation,musing,reflexion,rumination,thoughtfulness
reflective	brooding,broody,pensive
reflex	inborn-reflex,innate-reflex,instinctive-reflex,physiological-reaction,reflex-action,reflex-response,unconditioned-reflex
reflex-action	reflex
reflex-response	reflex
reflexion	musing,reflection
refractory-pot	cupel
refrain	chorus
refreshed	fresh,invigorated,reinvigorated
refreshful	tonic
refreshing	tonic
refrigerator	icebox
refuge	recourse,resort
refulgent	beamy,radiant
refund	repay
refuse	decline,garbage,resist
refute	rebut
regain	find,recover,retrieve
regal	imperial,majestic,purple,royal
regale	treat
regard	consider,esteem,involve,reckon,respect,see,view
regard-as	esteem,look-on,look-upon,repute,take-to-be,think-of
regardless	disregarding,disregardless,irrespective,no-matter
regenerate	renew
regime	authorities,government
region	part
register	file
registered-nurse	rn
registration	enrollment,enrolment
regorge	vomit
regress	revert
regret	repent,rue
regrettably	alas,unfortunately
regular-army	army
regular-hexahedron	cube
regularise	govern
regularize	govern
regularly	on-a-regular-basis
regulate	govern,modulate
regulation	ordinance
regur	regur-soil
regur-soil	regur
regurgitation	emesis,puking
rehabilitation	renewal
rehear	retry
rehearsal	dry-run
rehearse	practice,practise
reid	thomas-reid
reign	dominate,prevail
reimburse	recoup
reims	rheims
reinforce	reenforce
reinforced	built
reinvigorated	refreshed
reissue	reprint,reprinting
reiterate	ingeminate,iterate,repeat,restate,retell
reject	cull,spurn
rejected	jilted
rejig	re-equip
rejoice	exult,joy
rejoicing	exultant,jubilant
rejoin	retort
relate	associate,colligate,concern,connect,link,link-up,pertain,tie-in
related	related-to
related-to	related
relations	dealings
relationship	human-relationship
relative	comparative,proportional
relative-incidence	incidence
relatively	comparatively
relax	decompress,loosen-up,slow-down,unbend,unlax,unwind
relaxation	repose
release	let-go,let-go-of,relinquish,waiver
relegate	demote,pass-on,submit
relent	soften,yield
relentless	grim,persistent
relevance	relevancy
relevancy	relevance
reliable	dependable
reliance	trust
relief	alleviation,assuagement,easing,succor
relieve	alleviate,assuage,palliate,salvage,save
relieved	alleviated,eased,jutting,sticking
religion	faith,religious-belief
religious	spiritual
religious-belief	faith,religion
religious-cult	cultus
religious-order	sect
religious-sect	sect
relinquish	forgo,free,give-up,release,resign,waive
relish	bask,enjoy,flavor,gusto,savor,savour,zest,zestfulness
relive	live-over
reliving	re-experiencing
reload	recharge
reluctant	loath,loth
rely	bank,swear,trust
remain	rest,stay
remainder	balance,residual,residue,residuum,rest
remaining	left,left-over,leftover,odd,unexpended
remains	cadaver,corpse
remake	make-over,redo,refashion
remand	remit,send-back
remark	comment,mention,note,observe,point-out
remarkable	singular
remarkably	outstandingly,unco,unusually
remedial	healing,therapeutic
remediate	remedy
remedy	amend,rectify,remediate,repair
remember	call-back,call-up,recall,recollect,retrieve,think,think-of
remiss	delinquent,derelict,neglectful
remissness	laxity,laxness
remit	defer,postpone,remand,shelve
remnant	leftover
remodel	reconstruct,redo
remonstrance	objection
remonstration	objection
remora	suckerfish,sucking-fish
remorseful	rueful
remorsefully	ruefully
remorseless	pitiless
remote	distant
remotion	removal
removal	remotion
remove	slay,take,take-away,withdraw
remuneration	salary,wage
remunerative	paying
remunerator	payer
renal	nephritic
rend	pull,rip,rive
render	furnish,provide,supply,translate
rending	ripping,splitting
renege	revoke
renew	regenerate
renewal	reclamation,rehabilitation
renounce	resign,vacate
renovate	recreate,revive,vivify
renown	fame
renowned	famed,famous,noted
rent	lease
rente	annuity
renter	tenant
rep	repp
repair	bushel,doctor,fix,fixing,furbish-up,mend,recreate,remedy,restore,revive,touch-on,vivify
repair-shed	hangar
reparation	amends,fixing
repast	meal
repay	give-back,refund,retort,return
repeal	annul,countermand,lift,overturn,rescind,reverse,revoke,vacate
repeat	ingeminate,iterate,recur,reiterate,repetition,restate,retell
repeated	perennial,recurrent
repel	beat-back,drive,force-back,push-back,rebuff,repulse
repellant	skanky,yucky
repellent	skanky,yucky
repent	atone,regret
repetition	repeat
replace	substitute,supersede,supplant
replacement	successor
replay	action-replay,instant-replay
replenish	fill-again,refill
replete	sate
replication	echo
reply	answer,respond
report	describe,study,written-report
reporter	newsman,newsperson
repose	ease,relaxation,rest,serenity
repossess	reclaim
repp	rep
reprehension	reproof
represent	constitute,correspond,stand-for,symbolize
representative	example
repress	keep-down,muffle,quash,reduce,stifle,subdue,subjugate
reprimand	berate,chide,rebuke,reproof,scold
reprint	reissue,reprinting
reprinting	reissue,reprint
reprobate	condemn,decry
reprocess	reuse
reproduction	procreation
reproof	berate,chide,rebuke,reprehension,reprimand,reproval,scold
reproval	reproof
reptile	reptilian
reptilian	reptile
republic	commonwealth,democracy
republic-of-benin	benin
republic-of-chad	tchad
republic-of-china	taiwan
republic-of-cuba	cuba
republic-of-fiji	fiji
republic-of-ghana	ghana
republic-of-hungary	hungary
republic-of-india	india
republic-of-iraq	irak,iraq
republic-of-ireland	eire,ireland
republic-of-kenya	kenya
republic-of-mali	mali
republic-of-niger	niger
republic-of-panama	panama
republic-of-peru	peru
republic-of-poland	poland
republic-of-yemen	yemen
republican-party	gop
repulse	drive-back,fight-off,rebuff,repel
reputation	repute
repute	esteem,look-on,look-upon,regard-as,reputation,take-to-be,think-of
request	bespeak,call-for,petition,quest
requester	petitioner
requiem	dirge
require	ask,call-for,demand,involve,necessitate,need,postulate,take
required	mandatory,needed,needful,requisite
requirement	demand
requisite	needed,required
rerun	rebroadcast
res-publica	country,nation
rescind	annul,countermand,lift,overturn,repeal,reverse,revoke,vacate
rescript	decree,edict,fiat
rescue	deliver
rescuer	saver
research	explore,inquiry
research-lab	lab,laboratory
research-laboratory	lab,laboratory
research-worker	investigator
researcher	investigator
resentment	bitterness,gall,rancor,rancour
reserve	modesty
reserves	militia
resht	rasht
resid	residual-oil
reside	domicile,domiciliate,shack
residence	abode,manse
residence-hall	dorm
resident	occupant,occupier
residual	remainder,rest
residual-oil	resid
residue	remainder,rest
residuum	remainder,rest
resign	give-up,relinquish,renounce,vacate
resile	bounce,retract
resin	rosin
resinous	pitchy,resiny
resiny	pitchy,resinous,tarry
resist	balk,defy,fend,refuse
resistance	opposition,resistor
resister	antagonist
resistor	resistance
resolution	declaration,resolve
resolve	adjudicate,decide,resolution,settle
resolved	single-minded,solved
resonant	resonating,resounding,reverberating,reverberative
resonating	resonant
resort	fall-back,recourse,recur,refuge
resounding	resonant
respect	esteem,regard
respectable	estimable,good,goodly,honorable,tidy
respective	several,various
respectively	severally
respiration	breathing
respire	breathe
respite	break,recess,time-out
resplendent	splendid
respond	answer,react,reply
response	reaction,reception
responsibility	duty,obligation
responsiveness	reactivity
rest	balance,perch,remain,remainder,repose,residual,residue,residuum,roost,stay
rest-area	layby
rest-stop	layby
restart	resume
restate	ingeminate,iterate,reiterate,repeat,retell
restaurant	eatery,eating-house,eating-place
restive	edgy,high-strung,highly-strung,jittery,jumpy,nervy,overstrung,uptight
restless	ungratified,unsatisfied
restore	fix,mend,reconstruct,repair
restrain	confine,hold-back,keep,keep-back
restrict	confine,curb,curtail,cut-back
restricting	limiting
restriction	limitation
result	consequence,effect,ensue,event,issue,outcome,upshot
resultant	accompanying,attendant,concomitant,consequent,ensuant,incidental,outcome,sequent
resume	re-start,restart,summarize
resupine	supine
resurgence	revival
retail-merchant	retailer
retail-store	outlet
retailer	retail-merchant
retain	continue,keep,keep-on
retainer	servant
retaliate	avenge
retaliation	revenge
retama-raetam	retem
retard	idiot
retardation	slowing
retch	be-sick,cast,cat,disgorge,purge,sick,vomit,vomit-up
rete	plexus
retell	reiterate,repeat,restate
retem	genista-raetam,juniper,juniper-bush,raetam,retama-raetam
retention	holding,keeping
reticular-formation	rf
retire	recede,retreat,withdraw
retort	come-back,rejoin,repay,return,riposte
retrace	trace
retract	abjure,forswear,recant,resile
retread	recap
retreat	draw-back,move-back,pull-away,pull-back,recede,retire,withdraw
retribution	vengeance
retrieve	find,recall,recollect,recover,regain,remember
retro	ex-post-facto,retroactive
retroactive	retro
retrovert	revert
retrovir	azt,zdv
retry	rehear
return	proceeds,reelect,repay,retort,revert
return-on-investment	roi
reunification	reunion
reunify	reunite
reunion	reunification
reunite	reunify
reuse	recycle,reprocess
rev	rev-up,rpm
rev-up	rev
reveal	bring-out,disclose,uncover,unveil
revealing	telling
revel	delight,enjoy,revelry
revelry	revel
revenge	avenge,retaliation
revenue	gross,receipts
revenue-enhancement	tax
reverberate	bounce
reverberating	resonant
reverberation	echo
reverberative	resonant
revere	hero-worship,idolise,idolize,revers,worship
revered	august,venerable
reverend	clergyman
reverie	revery
revers	revere
reversal	setback
reverse	annul,change-by-reversal,inverse,override,repeal,rescind,setback,turn,verso
revert	regress,retrovert,return,turn-back
revery	reverie
review	reexamine,revue
revile	rail,vilify,vituperate
revision	alteration
revitalisation	revival
revitalization	revival
revival	resurgence,revitalisation,revitalization,revivification
revive	animate,quicken,reanimate,recreate,renovate,repair,revivify,vivify
revivification	revival
revivify	recreate,revive,vivify
revoke	annul,renege,repeal,rescind
revolt	insurrection,rebellion,rising,sicken,uprising
revolutionary	radical
revolutions-per-minute	rpm
revolve	rotate
revolved	rotated
revolver	six-gun,six-shooter
revue	review
reward	honor,payoff,wages
rex	king,male-monarch
reyes	neftali-ricardo-reyes,neruda,pablo-neruda
rf	reticular-formation,unq
rfd	rural-free-delivery
rg	roentgenium
rh	rh-factor,rhesus-factor
rh-factor	rh
rhabdomancy	dowse
rhaphe	raphe
rhapsodic	ecstatic,rapt
rhd	red-hand-defenders
rhea	nandu,rhea-americana
rhea-americana	rhea
rheims	reims
rhein	rhine,rhine-river
rhesus	macaca-mulatta,rhesus-monkey
rhesus-factor	rh
rhesus-monkey	rhesus
rhetorician	orator
rheum	genus-rheum
rheumatic	creaky,rheumy
rheumatoid	creaky,rheumy
rheumy	arthritic,creaky,rheumatic,rheumatoid
rhinal	nasal
rhine	rhein,rhine-river
rhine-river	rhein,rhine
rhino	rhinoceros
rhinoceros	rhino
rhode-island	ri
rhodymenia-palmata	dulse
rhomb	diamond,rhombus
rhombus	rhomb
rhone	rhone-river
rhone-river	rhone
rhubarb	pieplant
rhumb	loxodrome,rhumb-line
rhumb-line	rhumb
rhumba	rumba
rhus	genus-rhus
rhyme	rime,verse
rhymed	rhyming,riming
rhyming	rhymed,riming
rhythm	beat,cycle,musical-rhythm
rhythmic	rhythmical
rhythmical	rhythmic
ri	little-rhody,ocean-state,rhode-island
rial	iranian-rial
riant	laughing
riata	lariat,lasso,reata
rib	costa,ridicule
ribald	bawdy,off-color
riband	ribband
ribband	riband
ribbing	teasing
ribbon	medal,thread
ribes	genus-ribes
ribonuclease	rnase
ribonucleic-acid	rna
ribonucleinase	rnase
richard-e	byrd
richard-evelyn-byrd	byrd
richard-kuhn	kuhn
richard-m	nixon
richard-milhous-nixon	nixon
richard-nixon	nixon
richard-starkey	starr
richly	amply
richmond	capital-of-virginia
richness	cornucopia,profuseness,profusion
ricin	ricin-toxin
ricin-toxin	ricin
rick	hayrick,haystack,sprain,wrick
rickety	debile,shaky,wobbly,wonky
rickrack	ricrac
rico	anti-racketeering-law,rico-act
rico-act	rico
ricochet	bounce
ricrac	rickrack
rid	disembarrass,free
riddle	pervade
ride	depend-on,sit
rider	passenger
ridged	carinate,carinated,keeled
ridgel	ridgeling,ridgil,ridgling
ridgeling	ridgel,ridgil
ridgil	ridgel,ridgeling,ridgling
ridgling	ridgel,ridgil
ridicule	blackguard,guy,jest-at,laugh-at,make-fun,poke-fun,rib,roast
ridiculous	pathetic,silly
ridiculousness	absurdity
riding	horseback-riding
rife	overabundant,plethoric
riffle	flick,ripple,ruffle
rifle	reave
rig	carriage,getup
riga	capital-of-latvia
rigel	beta-orionis
rigger	rigger-brush
rigger-brush	rigger
right	aright,correct,correctly,justly,properly
right-ascension	ra
right-away	at-once,immediately,instantly
right-down	sheer
rightly	justifiedly,justly
rightness	nicety
rigid	stiff
rigidly	bolt,stiffly
rigil	alpha-centauri,rigil-kent
rigil-kent	rigil
rigor	asperity,grimness,hardship,rigorousness,rigour,rigourousness,severeness,severity,validity
rigorous	strict
rigorousness	rigor,rigour
rigour	hardness,harshness,inclemency,rigor,rigorousness,rigourousness,severeness,severity,validity
rigourousness	rigor,rigour
rile	annoy,irritate,roil,vex
riled	annoyed,irritated,miffed,nettled,peeved,pissed,pissed-off,roiled,stung
riley	james-whitcomb-riley
rilke	rainer-maria-rilke
rim	brim,flange
rima-oris	mouth
rime	rhyme
rimed	frosty,rimy
riming	rhymed,rhyming
rimu	dacrydium-cupressinum,imou-pine,red-pine
rimy	frosty,rimed
ring	gang,hoop,peal,surround
ring-of-color	areola
ringdove	cushat
ringlet	gyre,whorl
ringo-starr	starr
rink	skating-rink
rinse	wash
rio	rio-de-janeiro
rio-de-janeiro	rio
riot	debauch,public-violence,wow
riotous	exuberant,lush,luxuriant,profuse
rip	pull,rend,rive,roue
ripe	mature
riposte	retort
ripping	rending,splitting
ripple	riffle,rippling,wavelet
rippling	ripple
ripsaw	splitsaw
rira	real-ira
rise	arise,ascent,come-up,go-up,lift,move-up,originate,stand-up,uprise
risible	comic,funny
rising	rebellion,revolt,uphill
risk	gamble,hazard,lay-on-the-line,peril,put-on-the-line
risky	hazardous,wild
risky-venture	adventure
risque	blue,gamey,gamy,juicy,naughty,racy,spicy
rissa	genus-rissa
rit	rallentando,ritardando,ritenuto
ritardando	rit
rite	ritual
ritenuto	rit
ritonavir	norvir
ritual	rite
rival	competitor,equal,match,touch
rive	cleave,pull,rend,rip
river-adige	adige
river-aire	aire
river-arno	arno
river-cooter	cooter
river-horse	hippo
river-kasai	kasai
river-lethe	lethe
river-styx	styx
river-tyne	tyne
rivet	center,centre,concentrate,focus,pore
riveting	fascinating
riyal	qatari-riyal
rn	radon,registered-nurse
rna	ribonucleic-acid
rnase	ribonuclease,ribonucleinase
roach	roofy,rophy,rutilus-rutilus
road	route
roadless	untrod
roads	roadstead
roadside	wayside
roadstead	roads
roadster	buggy
roam	cast,ramble,roll,rove,stray,swan,tramp,wander
roar	holla,hollo,howl,roaring,thunder,wail,yaup,yowl
roarer	bawler,bellower,screamer,screecher,shouter,yeller
roaring	boom,holla,hollo,palmy,roar,thriving,thunder
roast	ridicule,roasted
roasted	roast
rob	fleece,gazump,hook,overcharge,pluck,plume,soak,surcharge
robed	appareled,attired,dressed,garbed,garmented,habilimented
robert-boyle	boyle
robert-burns	burns
robert-clive	clive
robert-e	peary
robert-edwin-peary	peary
robert-hooke	hooke
robert-i	bruce
robert-koch	koch
robert-mills	mills
robert-orr	orr
robert-peary	peary
robert-the-bruce	bruce
robin	american-robin,turdus-migratorius
roble	california-white-oak,quercus-lobata,valley-oak,valley-white-oak
robot	automaton,golem
robustious	unruly
roccus	genus-roccus
rock	stone,sway
rock-of-gibraltar	calpe
rock-rabbit	pika
rocket	rocket-engine
rocket-engine	rocket
rocklike	granitelike,granitic,stony
rocky	bouldered,bouldery,jolty,stony
rocroi	battle-of-rocroi
rod	gat
rodent	gnawer
rodin	auguste-rodin
roentgenium	rg
rofecoxib	vioxx
roger-brooke-taney	taney
roger-taney	taney
roget	peter-mark-roget
rogue	knave,rapscallion,rascal,scalawag,scallywag,varlet
roguery	mischief
roguishness	mischief
roi	return-on-investment
roil	rile
roiled	annoyed,churning,miffed,peeved,riled,roiling,roily,turbulent
roiling	churning,roiled,roily,turbulent
roily	churning,roiled,roiling,turbulent
role	function,office,part,persona
role-player	actor
rolf	hrolf,rollo
roll	bun,flap,gyre,peal,roam,roster,rove,scroll,turn-over,wander,whorl
roll-in-the-hay	eff
roll-up	collect,furl
rolled	furled,rolling
roller	curler
rollick	cavort,romp
rolling	peal,rolled,trilled
rollo	hrolf,rolf
roly-poly	dumpy,fatso,podgy,pudgy,tubby
rom	fixed-storage,read-only-memory,read-only-storage
roma	capital-of-italy,eternal-city,gipsy,italian-capital,rome
romaine	cos
romaine-lettuce	cos
roman	papist,popish,romish
roman-catholic	papist,popish,romish
roman-catholic-pope	pope
romance	flirt,love-affair
romani	gipsy,romany
romanist	papist,popish,romish
romans	epistle-to-the-romans
romantic	quixotic,romanticist,romanticistic
romanticist	romantic
romanticistic	romantic
romany	gipsy,gypsy,romani
rome	capital-of-italy,eternal-city,italian-capital,roma
romish	papist,papistic,papistical,popish,r,roman,roman-catholic,romanist
rommany	gipsy
romp	cavort,disport,frolic,gambol,lark,rollick,skylark,sport
romper	romper-suit
romper-suit	romper
ron	bokkos,daffo
rondeau	rondel,rondo
rondel	rondeau
rondo	rondeau
roneo	mimeo,mimeograph,mimeograph-machine,roneograph
roneograph	mimeo,roneo
rood	crucifix,rood-tree
rood-tree	rood
roof-of-the-mouth	palate
roofy	circle,forget-me-drug,mexican-valium,roach,rope,rophy
rook	corvus-frugilegus,defraud,gip,swindle
rookie	cub,greenhorn
room-access	doorway
rooms	suite
roomy	spacious
roosevelt	fdr
roost	perch,rest
rooster	cock
root	etymon,origin,source,stem
root-word	stem
rootage	origin,source
rooted	frozen,stock-still
rope	roofy,rophy
rope-maker	roper
ropemaker	roper
roper	rope-maker,ropemaker
ropey	ropy
rophy	circle,forget-me-drug,mexican-valium,roach,roofy,rope
ropy	ropey
rosa	genus-rosa
rosa-parks	parks
rosary	prayer-beads
rose	rosebush
rosebush	rose
rosin	resin
ross	betsy-griscom-ross,betsy-ross
roster	roll
rostrum	ambo,dais,podium,pulpit,soapbox,stump
rosy	blushful
rot	bunkum,decompose,guff,molder,moulder
rotary-motion	rotation
rotate	go-around,revolve
rotated	revolved
rotation	rotary-motion
rote	rote-learning
rote-learning	rote
roth	philip-milton-roth,philip-roth
rotor	rotor-coil
rotor-coil	rotor
rotted	decayed,rotten
rotten	crappy,icky,lousy,rotted,shitty,stinking,stinky
rotter	bum,git,puke,skunk
rotund	corpulent,obese,weighty
rouble	ruble
roue	blood,profligate,rake,rakehell,rip
rouge	blusher,paint
rough	crude,harsh,jolty,rasping,raspy,unsmooth
rough-and-tumble	hassle,scuffle,tussle
rough-cut	coarse,vulgar
roughened	cracked
roughly	about,approximately,around,close-to,just-about,more-or-less,or-so,some
roughneck	yob,yobbo,yobo
roughshod	brutal,cruel,savage,vicious
round	bout,circular,cycle,stave
round-backed	stooped
round-clam	quahog
round-shouldered	stooped
round-trip-light-time	rtlt
roundabout-way	detour
roundness	plumpness
rous	francis-peyton-rous,peyton-rous
rouse	bestir
rousing	arousal,stirring
rousseau	jean-jacques-rousseau
rout	expel,mob,rabble,rout-out
rout-out	rout
route	itinerary,path,road
routine	everyday,modus-operandi,mundane
rove	cast,ramble,roam,roll,stray,swan,tramp,wander
rover	scouter
roving	mobile,nomadic,peregrine,wandering
row	rowing
rowan	european-mountain-ash,rowan-tree,sorbus-aucuparia
rowan-tree	rowan
rowboat	dinghy
rowdy	raucous,yob,yobbo,yobo
rower	oarsman
rowing	row
rowlock	thole
royal	regal
rpa-abb	abb
rpm	rev,revolutions-per-minute
rtlt	round-trip-light-time
ru	ruthenium
rub	itch,scratch
rub-al-khali	dahna
rubber	caoutchouc,condom,galosh,golosh,gum-elastic,india-rubber,natural-rubber
rubber-base-paint	latex
rubber-tree	hevea
rubberlike	rubbery
rubbery	rubberlike
rubbish	tripe
rubble	debris,detritus,dust,junk
rube	bumpkin,chawbacon,hayseed,hick,yahoo,yokel
rubia	genus-rubia
rubicund	ruddy
rubidium	rb
ruble	rouble
rubor	inflammation,redness
rubric	title
rubus	genus-rubus
ruck	herd
ruckle	crease
rucksack	haversack,knapsack
ruckus	commotion,din,ruction,rumpus,tumult
ruction	ruckus,rumpus
rudderless	afloat,aimless
ruddy	cerise,cherry,crimson,florid,red,rubicund,sanguine
rude	bad-mannered,ill-mannered,primitive,raw,unmannered,unmannerly
rudely	discourteously,impolitely
rudiment	abc,abc's,abcs
rudolph-laban	laban
rue	regret
rueful	contrite,remorseful,ruthful
ruefully	contritely,remorsefully
ruff	choker,trumping
ruffian	yob,yobbo,yobo
ruffle	affray,choker,fray,prance,riffle,swagger
ruffled	frilled,frilly
rug	carpet,carpeting
rugby	rugby-football,rugger
rugby-football	rugby,rugger
rugger	rugby,rugby-football
ruhr	ruhr-valley
ruhr-valley	ruhr
ruin	destroy
ruined	destroyed,sunk
ruinous	catastrophic
rule	convention,dominate,dominion,formula,normal,pattern,prevail,principle
ruler	swayer
ruling	opinion
rum	curious,funny,odd,peculiar,queer,rummy,singular
rumba	rhumba
rumble	growl,grumble,grumbling,rumbling
rumbling	rumble
rumbustious	unruly
rumen	first-stomach
rumex	genus-rumex
rumination	musing,reflection
ruminative	brooding,broody,pensive
ruminator	muser
rummy	curious,funny,odd,peculiar,queer,rum,singular,sot,wino
rumor	bruit,hearsay,rumour
rumour	bruit,rumor
rump	croup,croupe,hindquarters
rumple	pucker
rumpled	tousled
rumpus	commotion,din,ruckus,ruction,tumult
run	campaign,hunt,incline,lam,melt,operate,persist,ravel,running,tally,tend,trial
run-a-risk	gamble
run-across	encounter,meet
run-away	lam
run-batted-in	rbi
run-down	sap
run-into	encounter,meet
run-off	dispel,elope
run-out	drain,expire
run-up	runup,sew
runch	jointed-charlock,raphanus-raphanistrum,wild-radish,wild-rape
rundle	rung,spoke
rundown	summation,summing-up
rune	runic-letter
rung	rundle,spoke,stave
runic-letter	rune
runner	contrabandist,moon-curser,smuggler
running	run
running-noose	noose
runny	fluid
runoff	overflow,overspill
runt	half-pint,peewee,shrimp
runty	puny,shrimpy
runup	run-up
runway	rails
rupee	indian-rupee
rupture	tear
rural-free-delivery	rfd
ruse	artifice
rush	cannonball-along,hasten,hie,hotfoot,pelt-along,race,rush-along,rushed,rushing,speed,thrill
rush-along	hie,race,rush
rush-nut	chufa
rushed	rush
rushing	rush
rusk	brussels-biscuit,twice-baked-bread,zwieback
russia	soviet-union,ussr
russian-capital	moscow
russian-wolfhound	borzoi
rust	corrode
rustic	bumpkinly,hick,unsophisticated
rustler	cattle-thief
rut	groove
ruta	genus-ruta
ruth	book-of-ruth,pity
ruthenium	ru
rutherford-b	hayes
rutherfordium	unq
ruthful	rueful
ruthless	pitiless
rutilus-rutilus	roach
rutted	rutty
ruttish	randy,steamy
rutty	rutted
rv	r,recreational-vehicle
rya	rya-rug
rya-rug	rya
rye	rye-whiskey,rye-whisky
rye-whiskey	rye
rye-whisky	rye
sa	storm-troops,sturmabteilung
saale	saale-river
saale-river	saale
saame	lapp,saami,same,sami
saami	lapp,saame,same,sami
sabah	north-borneo
sabal	genus-sabal
sabbatum	sat,saturday
saber	cavalry-sword,sabre
sabin	albert-bruce-sabin,albert-sabin
sabin-vaccine	opv,topv
sabine	sabine-river
sabine-river	sabine
sable	ebony,sable's-hair-pencil,sable-brush
sable's-hair-pencil	sable
sable-brush	sable
sabot	clog,geta,patten
sabotage	undermine
sabre	cavalry-sword,saber
sac	sauk
saccade	jerking,jolt
saccharine	syrupy
saccharum-bengalense	munj,munja
saccharum-munja	munj,munja
sacco	nicola-sacco
sachsen	saxe
sack	carrier-bag,paper-bag,poke,sacque
sacked	despoiled,pillaged,raped,ravaged
sacque	sack
sacramental-manduction	communion
sacramental-oil	chrism
sacred-fig	pipal,pipul
sacred-lotus	lotus
sacrifice	give
sacristy	vestry
sad	sorry
sadat	anwar-el-sadat,anwar-sadat
saddhu	sadhu
sade	de-sade,marquis-de-sade
sadhu	saddhu
sadly	unhappily
sadness	unhappiness
safaqis	sfax
safar	saphar
safari	campaign,hunting-expedition
safe	condom
safeguard	precaution
safekeeping	keeping
safety	condom
sag	droop,flag,swag
sagebrush-state	nv
sagely	wisely
sagging	drooping,droopy
said	aforementioned,aforesaid
saida	sayda,sidon
saiga	saiga-tatarica
saiga-tatarica	saiga
sailing	navigation,seafaring
sailor	boater,crewman
sailplane	glider
saint-baeda	baeda,beda,bede
saint-beda	baeda,beda,bede
saint-bede	baeda,beda,bede
saint-cyril	cyril
saint-john's-bread	carob
saint-louis	st
saint-matthew	levi
saint-nicholas	santa
saint-nick	santa
saint-paul	paul,saul
sainted	angelic
saintlike	angelic
saintly	angelic
sake	interest
saki	munro
sakti	shakti
salaah	salaat,salah,salat
salaat	salaah,salah,salat
salable	saleable
salacious	lewd
salade	sallet
salafist-group	gspc
salah	salaah,salaat,salat
salai	boswellia-serrata
salal	gaultheria-shallon,shallon
salaried	paying
salary	earnings,pay,remuneration,wage
salat	salaah,salaat,salah
saleable	salable
sales	gross-revenue,gross-sales
sales-outlet	outlet
salient	outstanding,prominent,spectacular,striking
salientia	anura
salientian	anuran,frog,toad
salim	andres-martinez,carlos,carlos-the-jackal,glen-gebhard,ilich-ramirez-sanchez,ilich-sanchez,sanchez,taurus
saline	saline-solution
saline-solution	saline
salish	salishan
salishan	salish
saliva	spit,spittle
salix	genus-salix
salk	jonas-edward-salk,jonas-salk
salk-vaccine	ipv
sallet	salade
sallow	sickly
sally	crack,quip,wisecrack
salmagundi	variety
salmo	genus-salmo
salmon-pink	peach
salmwood	cypre
salol	phenyl-salicylate
saloon	bar,barroom,ginmill,pub,sedan,taproom
salp	salpa
salpa	salp
salt-cured	salted
saltation	dancing,leaping
salted	brine-cured,salt-cured
saltpeter	niter,nitre
saltpetre	niter,nitre
salty	piquant
saluki	gazelle-hound
salutation	greeting
salvador-dali	dali
salvage	relieve,salve,save
salvation	redemption
salve	balm,salvage,save
salvia-sclarea	clary
salvo	burst,fusillade,volley
salwar	shalwar
sam	surface-to-air-missile
sam-snead	snead
saman	albizia-saman,monkey-pod,monkeypod,rain-tree,zaman,zamang
samba	arere
sambar	cervus-unicolor,sambur
sambur	cervus-unicolor,sambar
same	lapp,saame,saami,sami
sameness	monotony
sami	lapp,saame,saami,same
samia	genus-samia
samoa	samoan-islands
samoan-islands	samoa
sampler	sampling-station
sampling-station	sampler
samuel-jackson-snead	snead
samuel-pepys	pepys
samuel-rosenstock	tzara
sana	sana'a,sanaa
sana'a	sana,sanaa
sanaa	sana,sana'a
sanative	healing,therapeutic
sanchez	salim
sanction	approve,okay
sanctioned	approved
sanctitude	sanctity
sanctity	holiness,sanctitude
sanctuary	bema,chancel
sand	grit,guts,moxie
sand-dune	dune
sand-eel	launce
sand-lance	launce
sand-launce	launce
sand-trap	bunker
sander	drum-sander,electric-sander,smoother
sandor-kellner	korda
sands	litoral,littoral,littoral-zone
sandy	flaxen
saneness	sanity
sang	american-ginseng,panax-quinquefolius
sang-froid	aplomb
sangraal	grail
sanguine	ruddy
sanies	festering,ichor,purulence,pus,suppuration
sanitary-napkin	kotex
sanitary-towel	kotex
sanity	saneness
santa	father-christmas,kriss-kringle,saint-nicholas,saint-nick,santa-claus,st
santa-claus	santa
santa-maria-de-belem	belem,para
saone	saone-river
saone-river	saone
sap	cosh,exhaust,fool,play-out,run-down,tire
saphar	safar
saphead	fool
sapid	flavorful,flavorous,flavorsome,flavourful,flavourous,flavoursome,saporous
sapidity	flavor,savour
sapir	edward-sapir
sapless	debile
saporous	sapid
sappy	goofy,silly,wacky
sarafem	prozac
sarape	serape
sarcasm	caustic-remark,irony,satire
sarcostemma-acidum	haoma
sard	sardine,sardius
sarda	genus-sarda
sardine	sard
sardius	sard
saree	sari
sari	saree
sarin	gb
sas	special-air-service
sash	cincture,girdle,waistband,waistcloth
sashay	chasse,jaunt,outing,prance,sidle,swagger
sass	back-talk,backtalk,lip,mouth,sassing
sassaby	topi
sassing	back-talk,backtalk,lip,mouth,sass
sassy	fresh,impertinent,impudent,overbold,saucy,smart,wise
sat	sabbatum,saturday
satan	beelzebub,devil,lucifer,old-nick,prince-of-darkness,the-tempter
satanic	demonic,diabolic,diabolical,fiendish,hellish,infernal,unholy
satchel-paige	paige
sate	fill,replete,satiate
satellite	artificial-satellite,orbiter
satiate	sate
satie	erik-satie
satiny	silken,silklike,silky,sleek,slick
satire	caustic-remark,irony,sarcasm
satiric	satirical
satirical	satiric
satisfied	slaked
satisfy	fulfil,fulfill,gratify,live-up-to
saturation	chroma
saturday	sabbatum,sat
saturnalia	debauch
saturnine	dour,morose,sullen
satyendra-n	bose
satyendra-nath-bose	bose
satyr	forest-god,lech,lecher,letch
saucer	discus,disk
saucily	pertly
saucy	fresh,impertinent,impudent,overbold,pert,sassy,smart,wise
saudi	saudi-arabian
saudi-arabian	saudi
sauk	sac
saul	apostle-of-the-gentiles,apostle-paul,paul,paul-the-apostle,saint-paul,saul-of-tarsus,st
saul-of-tarsus	paul,saul
sauna	sweat-room
saunter	stroll
saurel	horse-mackerel,jack-mackerel,spanish-mackerel,trachurus-symmetricus
sauria	lacertilia,suborder-lacertilia,suborder-sauria
saury	billfish,scomberesox-saurus
sausage	blimp
sausage-balloon	blimp
sauteing	frying
savage	barbaric,barbarous,brutal,brute,cruel,fell,feral,ferine,fierce,furious,roughshod,vicious
savagely	brutally,viciously
savant	pundit
save	redeem,relieve,salvage,salve,spare
saver	recoverer,rescuer
savin	dwarf-juniper,juniperus-sabina
saving	economy
savings	nest-egg
savior	christ,good-shepherd,jesus,jesus-christ,jesus-of-nazareth,redeemer,saviour,the-nazarene
saviour	christ,jesus,savior
savor	bask,enjoy,flavor,relish,savour,taste
savorless	bland
savory	savoury
savour	bask,enjoy,flavor,flavour,nip,relish,sapidity,savor,smack,tang,taste
savourless	bland
savoury	savory
savoy	savoy-cabbage
savoy-cabbage	savoy
savvy	apprehend,compass,comprehend,dig,get-the-picture,grasp,grok,understanding
saw	adage,proverb
saw-logs	snore
saw-wood	snore
sawan	sravana
sawbones	surgeon
sawyer	sawyer-beetle
sawyer-beetle	sawyer
sax	saxophone
saxe	sachsen,saxony
saxony	saxe
saxophone	sax
say	allege,order,state,suppose,tell
say-hey-kid	mays
say-so	authority,dictum,potency
sayanci	zaar
sayda	saida,sidon
sayornis-phoebe	phoebe
sb	bachelor-of-science,bs
sbe	south-by-east
sbw	south-by-west
sc	security-council
scabrous	scurfy
scads	dozens,heaps,loads,lots,piles,scores,stacks,tons
scag	big-h,hell-dust,nose-drops,skag,smack,thunder
scalawag	rascal,rogue,scamp
scale	scurf
scaled	scaley,scaly
scaley	scaled,scaly
scaling	grading
scallywag	rascal,rogue,scamp
scaly	scaled,scaley,scurfy
scam	cozenage,defraud,swindle
scamp	imp,monkey,rapscallion,rascal,scalawag,scallywag
scamper	scurry,scuttle,skitter
scandal	dirt,malicious-gossip
scandalise	outrage
scandalize	outrage
scant	light,short,skimp
scanty	bare,pantie,panty,spare
scape	shaft
scar	cicatrice,cicatrix
scarab	scarabaeus,scarabaeus-sacer
scarabaeus	scarab
scarabaeus-sacer	scarab
scarce	barely,hardly,just,scarcely
scarcely	barely,hardly,just,scarce
scare	affright,daunt,fright,frighten
scare-away	daunt
scare-off	daunt
scarecrow	scarer
scared	frightened
scarer	bird-scarer,scarecrow,straw-man,strawman
scarey	chilling,scary,shivery,shuddery
scarfpin	tiepin
scarp	escarp,escarpment,protective-embankment
scarper	lam
scarred	marred
scary	chilling,scarey,shivery,shuddery
scat	lam,scat-singing
scat-singing	scat
scathe	damage,harm,hurt
scatter	break-up,dispel,disperse,dissipate,sprinkle
scattered	garbled
scattergun	shotgun
scatty	absent,absentminded,abstracted
scaup	bluebill,broadbill,scaup-duck
scaup-duck	scaup
scd	doctor-of-science,ds
scend	surge
scene	scenery,setting,vista
scenery	scene
scent	aroma,fragrance,odor,odour,perfume
scented-fern	tansy
sceptic	skeptic
sceptical	skeptical
scet	spacecraft-event-time
schedule	agenda
schema	outline,scheme
schematic	conventional,formal
scheme	schema,strategy
scheol	hades,hell,infernal-region,netherworld,underworld
schinus-molle	molle
schism	split
schlep	shlep
schlesien	slask
schlock	dreck,shlock
schmaltzy	drippy,mushy,slushy,soppy,soupy
schmalzy	drippy,mushy
schmo	schmuck,shmo,shmuck
schmuck	schmo,shmo
schnittlaugh	chive,cive
schnorr	cadge
schnoz	beak,honker,hooter,nozzle,schnozzle,snoot,snout
schnozzle	schnoz,snoot
scholar	bookman,scholarly-person,student
scholarly-person	scholar
school	shoal
school-of-thought	doctrine,ism,philosophy
schoolboyish	boyish
schoolgirlish	girlish
schoolroom	classroom
schrod	scrod
schtick	schtik,shtick,shtik
schtik	schtick,shtick,shtik
schutzstaffel	ss
schwa	shwa
sciaena-aquila	maiger,maigre
sciara	fungus-gnat,sciarid
sciarid	sciara
science	scientific-discipline
science-lab	lab,laboratory
science-laboratory	lab,laboratory
scientific-discipline	science
scincid	skink
scincid-lizard	skink
scintilla	shred,whit
scintillant	fulgid,glinting,glittering
scintillating	frothy,fulgid,glinting,glittering
sclera	sclerotic-coat
scleranthus-annuus	knawe
sclerotic-coat	sclera
sclk	spacecraft-clock-time
scnt	nuclear-transplantation
scoff	barrack,flout,gibe,jeer,mockery,scoffing
scoffer	mocker
scoffing	jeer,jeering,mockery,scoff
scoke	garget,phytolacca-americana,pigeon-berry,poke
scold	call-on-the-carpet,grumble,lecture,rag,rebuke,reprimand,reproof,take-to-task,trounce
scolytidae	ipidae
scomberesox-saurus	saury
scomberomorus-cavalla	cero
scomberomorus-sierra	sierra
scoop	goop,max,scoopful
scoopful	scoop
scoot	dart,dash,flash,scud,shoot
scooter	scoter
scope	ambit,compass,cro,orbit,range,reach
scophthalmus-rhombus	brill
scorch	sear
scorched	parched
score	grade,grudge,mark,nock
scores	dozens,gobs,heaps,loads,lots,piles,rafts,scads,slews,stacks,tons,wads
scoria	slag
scorn	contempt,despise,despite,disdain,spurn
scorned	hated
scornful	contemptuous,disdainful,insulting
scot	scotchman,scotsman
scotch	economical,frugal,frustrate,scots,sparing,stinting,thwart
scotchman	scot
scoter	scooter
scots	scotch,scottish
scotsman	scot
scott	dred-scott
scottish	scots
scoundrel	villain
scour	scrub
scoured	eroded
scourge	bane,flagellum
scout	reconnoiter,reconnoitre,sentry
scouter	rover
scrabble	doodle
scrag	scrag-end
scrag-end	scrag
scraggy	jagged,jaggy,scrawny,skinny,weedy
scram	bugger-off,buzz-off,fuck-off,get
scramble	clamber
scrap	bit,chip,fighting,flake,fleck,quarrel
scrape	grate
scrapper	fighter
scraps	garbage
scratch	cancel,chafe,excise,fray,fret,itch,rub
scratchy	peevish,rasping,raspy,spotty
scrawl	scribble
scrawny	boney,scraggy,skinny,underweight,weedy
screak	creak,screech,squawk,squeak
screaky	squeaky
scream	call,cry,holler,hollo,shout,shout-out,shriek,squall,wow,yell
screamer	roarer
screaming	shriek
scree	talus
screech	creak,screak,shriek,skreak,squawk,squeak,whine
screecher	roarer
screeching	shriek
screechy	squeaky
screen	projection-screen,shield,sieve,silver-screen
screening	masking
screw	ass,cheat,fuck,fucking,nookie,nooky,piece-of-ass,piece-of-tail,screwing,shtup
screw-auger	auger,gimlet,wimble
screw-loose	screwy
screw-up	bodge,flub
screwing	fuck,nookie,nooky,screw,shtup
screwy	screw-loose
scribble	doodle,scrawl
scrimmage	melee
scrimpy	meager,meagre,stingy
scrimy	grudging,niggardly
script	book,playscript
scriptural	biblical
scripture	bible,book,christian-bible,good-book,holy-scripture,holy-writ,word,word-of-god
scrod	schrod
scroll	gyre,roll,whorl
scroll-saw	jigsaw
scrounge	cadge
scrounger	mooch
scrub	cancel,scour
scrubs	gown,surgical-gown
scruff	nape,nucha
scrum	scrummage
scrummage	scrum
scrumptious	yummy
scrunch	crease,squat
scrunch-up	crease,squat
scruple	qualm
scruples	conscience
scrutinise	scrutinize
scrutinize	scrutinise,size-up,take-stock
scrutiny	examination
scuba	aqua-lung,aqualung
scud	dart,dash,flash,scoot,shoot
scuff	drag
scuffle	dogfight,hassle,rough-and-tumble,shamble,shuffle,tussle
sculptor	carver,sculpturer,statue-maker
sculptural	modeled
sculptured	modeled
sculpturer	sculptor
sculpturesque	modeled
scummy	abject,scurvy
scup	northern-porgy,northern-scup,stenotomus-chrysops
scupper	waylay
scurf	exfoliation,scale
scurfy	lepidote,leprose,scabrous,scaly
scurry	scamper,scuttle,skitter
scurrying	hurrying
scurvily	basely
scurvy	abject,low,low-down,miserable,scummy
scutch-grass	doob,kweek
scuttle	hatchway,scamper,scurry,skitter
sd	coyote-state,mount-rushmore-state,south-dakota
se	sou'-east,southeast,southeastward
sea-biscuit	hardtack
sea-coast	coast
sea-cradle	chiton
sea-dog	seaman
sea-eagle	osprey
sea-ear	ormer
sea-gull	seagull
sea-horse	walrus
sea-lane	seaway
sea-lettuce	laver
sea-wolf	orca
seaborgium	sg
seacoast	coast
seafarer	seaman
seafaring	sailing
seagull	gull,sea-gull
seahorse	walrus
seal	sealing-wax
sealed	plastered
sealing	waterproofing
sealing-wax	seal
sealskin-tent	tupek,tupik
seam	wrinkle
seaman	gob,jack,jack-tar,mariner,old-salt,sea-dog,seafarer,tar
seamed	lined
seamy	seedy,sleazy,sordid,squalid
seaport	harbor
sear	parch,scorch,sere
search	explore,hunt,hunting,look-for,lookup
searcher	seeker
seashore	coast
seasoned	veteran
seat	induct,place
seated	sitting
seating	seats
seating-area	seats
seating-room	seats
seats	seating,seating-area,seating-room
seawall	groyne,jetty
seaward	asea,onshore
seawards	asea
seaway	sea-lane,ship-route,trade-route
sebaceous	greasy,oily
sebaceous-cyst	wen
sebastodes-miniatus	rasher
sebe	southeast-by-east
sebs	southeast-by-south
sec	second
secede	break-away,splinter
secern	distinguish
secernate	distinguish
seclusion	privacy
second	moment,sec,secondly
second-sight	esp
secondary	lowly
secondary-school	lycee
secondly	second
secrecy	secretiveness,silence
secret	enigma,mystery,mystic,occult,orphic
secret-plan	plot
secret-service	usss
secret-writing	coding
secretarial-assistant	secretary
secretary	secretarial-assistant
secreter	gland
secretiveness	secrecy
secretly	in-secret,on-the-q,on-the-qt
secretor	gland
secretory-organ	gland
sect	religious-order,religious-sect
section	department,segment,subdivision
secular	laic,layman,worldly
secure	assure,ensure,fasten,procure
security-council	sc
sedan	saloon
sedate	solemn,staid
sedative	downer
sedative-drug	downer
seder	passover-supper
sediment	deposit
sedum-telephium	orpin
see	consider,construe,discover,encounter,envision,hear,insure,interpret,meet,realise,realize,regard
see-through	filmy,gauzy
see-to-it	insure
seeable	visible
seed	cum,germ,semen,sow
seed-coat	testa
seeded	sown
seedy	ailing,peaked,seamy,sleazy,sordid,squalid,unwell
seeing	eyesight
seeing-red	huff,miff
seek	attempt,look-for,try
seeker	quester,searcher
seem	appear,look
seeming	apparent,ostensible
seemingly	apparently,on-the-face-of-it,ostensibly
seemly	becoming,comely,comme-il-faut,decent,decorous
seep	ooze
seepage	ooze
seeping	oozing,oozy
seer	illusionist,prophet,visionary
seesaw	dandle-board,teeter,teeter-totter,teeterboard,teetertotter,tilting-board
segal	george-segal
segment	section
segway	segway-ht
segway-ht	segway
seiji-ozawa	ozawa
seism	earthquake,quake,temblor
seismal	seismic
seismic	seismal
seize	clutch,prehend,usurp
seize-with-teeth	bite
seizure	ictus,raptus
selar	genus-selar
seldom	rarely
select	choose,pick-out,take
selection	choice,option,pick
selective-service	sss
selene	genus-selene
seles	monica-seles
self	ego
self-aggrandising	braggy
self-aggrandizing	braggy
self-annihilation	suicide
self-assurance	assurance,confidence
self-centeredness	egoism
self-conceited	vain
self-concern	egoism
self-confidence	assurance,confidence
self-destruction	suicide
self-generated	spontaneous
self-importance	ego,egotism
self-important	chesty
self-interest	egoism
self-justification	excuse
self-love	vanity
self-regard	dignity
self-respect	dignity
self-satisfied	smug
self-willed	wilful
self-worth	dignity
seller	vendor
selling	marketing,merchandising
selsyn	synchro
selva	tropical-rain-forest
semblance	gloss,illusion
semen	come,cum,ejaculate,seed,seminal-fluid
semi	semitrailer
semiconductor-diode	diode
semiconsciousness	stupor
semilunar	lunate
seminal-fluid	cum,semen
semisynthetic	synthetic
semite	semitic
semitic	semite
semitrailer	semi
send	direct
send-back	remand
send-off	dispatch
send-word	notify
sender	transmitter
sendero-luminoso	sl
sendup	burlesque,charade,lampoon,mockery,parody,spoof,takeoff,travesty
senescent	ageing,aging
senile	doddering,doddery,gaga
senior	aged,elder,elderly,older
senior-citizen	oldster
senior-high	high-school
senior-high-school	high-school
senior-master-sergeant	smsgt
sens	dope,gage,grass,green-goddess,pot,sess,smoke,weed
sensation	aesthesis,esthesis,maven,mavin,sense-datum,sense-experience,sense-impression,whizz,wiz,wizard
sense-datum	sensation
sense-experience	sensation
sense-impression	sensation
sense-of-humor	humor,humour
sense-of-humour	humor,humour
sensed	perceived
sensibility	sensitivity
sensible	reasonable
sensible-horizon	horizon
sensing	detection
sensing-element	detector,sensor
sensitive	sore
sensitiveness	sensitivity
sensitivity	sensibility,sensitiveness
sensor	detector,sensing-element
sensory	centripetal,receptive
sensual	animal,carnal,fleshly
sentence-structure	syntax
sententious	pithy
sentiment	opinion
sentinel	sentry
sentry	lookout,lookout-man,picket,scout,sentinel,spotter,watch
seoul	capital-of-south-korea
sep	sept,september
separate	classify,distinguish,divide
separate-out	filter
separated	detached,isolated,set-apart,spaced
separately	individually,on-an-individual-basis,one-by-one,severally,singly
sepia	burnt-sienna,mahogany,reddish-brown,venetian-red
sept	sep,september
septal	septate
septate	septal
september	sep,sept
septic	infected
sepulture	burial
sequel	continuation
sequent	consequent,resultant,serial,successive
sequential	serial,successive
sequin	diamante,spangle
sequined	gemmed,jeweled
seraglio	hareem,harem,serail
serail	hareem,harem,seraglio
serape	sarape
serax	oxazepam
serb	serbian
serbian	serb
serdica	sofia
sere	dried-up,sear,shriveled,shrivelled,withered
serene	calm
serenity	placidity,quiet,repose,tranquility,tranquillity
serf	helot,villein
sergeant-fish	cobia
serial	consecutive,sequent,sequential,successive
sericeous	downy
seriema	chunga
serif	seriph
seriously	badly,earnestly,in-earnest,severely
seriph	serif
sermon	discourse,preaching
sermoniser	preacher
sermonizer	preacher
serosa	serous-membrane
serous-membrane	serosa
serpent	ophidian,snake
serpentine	snaky
serra	junipero-serra,miguel-jose-serra
serratus	serratus-muscles
serratus-muscles	serratus
sertraline	zoloft
serum	blood-serum
serval	felis-serval
servant	retainer
serve	function,suffice
server	waiter
service-cap	kepi
servo	servomechanical
servomechanical	servo
sesame	benne,benni
sesamum-indicum	benne,benni
sess	dope,gage,grass,green-goddess,pot,sens,smoke,weed
sestet	hexad,sextet,sise,sixer
set	adjust,band,bent,congeal,jell,laid,lay,located,place,pose,position,prepare
set-about	begin,commence,start,undertake
set-apart	separated
set-aside	booked
set-back	defer,postpone,setoff,shelve
set-down	unload
set-off	activate,actuate,detonate,explode,incite,spark
set-on	assail,assault
set-out	begin,commence,start
set-up	arrange,assemble,erect,establish,found,instal,install,launch,prepare
setback	black-eye,blow,reversal,reverse
seth	set
setoff	offset,set-back
seton	elizabeth-seton,mother-seton
setose	barbed,barbellate,briary,briery,bristled,bristly,burred,burry
sett	cobble,cobblestone
setting	scene
setting-hen	sitter
settle	resolve,settle-down
settle-down	settle
settlement	colony,village
settler	colonist
settlings	dregs
setup	apparatus
seven	vii
sevens	fantan,parliament
seventeen	xvii
seventh-heaven	bliss
seventy	lxx
seventy-five	lxxv
seventy-four	lxxiv
seventy-nine	ilxxx
seventy-one	lxxi
seventy-seven	lxxvii
seventy-six	lxxvi
seventy-three	lxxiii
seventy-two	lxxii
sever	break-up
several	respective,various
severalise	distinguish
severalize	distinguish
severally	individually,respectively,separately
severe	austere,terrible,wicked
severely	badly,gravely,seriously,sternly
severeness	rigor,rigour,severity
severity	badness,rigor,rigour,severeness
severo-ochoa	ochoa
sew	run-up,sew-together,stitch
sew-together	sew
sewage	sewerage
sewed	sewn,stitched
sewer	cloaca,sewerage
sewer-water	effluent
sewerage	cloaca,sewage,sewer
sewing	stitching
sewn	sewed,stitched
sex	sex-activity,sexual-activity,sexual-practice
sex-act	coitus
sex-activity	sex
sex-gland	gonad
sextet	hexad,sestet,sextette,sise,sixer
sextette	sextet
sextuplet	sise,sixer
sexual-activity	sex
sexual-climax	orgasm
sexual-congress	coitus
sexual-desire	eros
sexual-intercourse	coitus
sexual-practice	sex
sexual-relation	coitus
sexual-union	mating
seyhan	adana
sfax	safaqis
sg	seaborgium
shabby	moth-eaten,ratty,tatty
shabu	chalk,chicken-feed,crank,deoxyephedrine,glass,meth,methamphetamine,methedrine
shack	hovel,hut,hutch,reside,shanty
shackle	bond,hamper,trammel
shackled	fettered
shade	ghost,nuance,shadiness,shadowiness,specter,spook,tad,tint,wraith
shades	dark-glasses,sunglasses
shadfly	dayfly,mayfly
shadiness	shade
shading	blending
shadow	dwarf,vestige
shadowed	shadowy,shady
shadowiness	shade
shadowy	faint,shadowed,shady,umbrageous,wispy
shady	fishy,louche,shadowed,shadowy,umbrageous
shaft	barb,cheat,dick,dig,gibe,jibe,lance,peter,putz,ray,scape,shot
shaft-of-light	ray
shaggy	bushy,shaggy-coated,shaggy-haired
shaggy-coated	bushy,shaggy
shaggy-haired	bushy,shaggy
shah	shah-of-iran
shah-of-iran	shah
shahn	ben-shahn,benjamin-shahn
shake	agitate,sway,trill
shake-off	shed
shaken	jolted
shakespeare	bard-of-avon,shakspere,william-shakespeare,william-shakspere
shako	bearskin,busby
shakspere	shakespeare
shakti	sakti
shaky	rickety,trembling,wobbly,wonky
shallon	salal
shalom-asch	asch
shalwar	salwar
sham	fake,faker,feign,fictive,postiche,pretend,pseud
shamble	scuffle,shuffle
shamed	discredited,disgraced,dishonored
shameful	black,disgraceful,ignominious,inglorious,opprobrious
shammer	faker,pseud
shan	tai-long
shang	shang-dynasty
shang-dynasty	shang
shanghai-dialect	wu
shangri-la	heaven
shanny	blennius-pholis
shanty	hovel,hut,hutch,shack
shape	configuration,conformation,contour,form,pattern,soma
shaped	molded,wrought
shapeless	amorphous,formless
shaper	maker,shaping-machine
shaping-machine	shaper
shard	fragment,sherd
share	contribution,parcel,part,percentage,portion
shareholder	stockholder
shareowner	stockholder
sharer	partaker
shari	chari,chari-river,shari-river
shari-river	chari,shari
sharp	acuate,astute,crisp,incisive,keen,shrewd,shrill
sharply	aggressively
sharpness	acuity
sharpshooter	marksman
shave	shaving
shaved	shaven
shaven	shaved
shaver	child,electric-razor,electric-shaver,kid,tike,tyke,youngster
shaving	shave
shaw	g,george-bernard-shaw
shawn	ted-shawn
shay	chaise
she-goat	nanny
sheaf	bundle
sheared	shorn
shed	cast,cast-off,drop,shake-off,throw,throw-away,throw-off
shed-blood	bleed
sheen	luster,lustre,shininess
sheeny	glistening,glossy,hymie,kike,lustrous,shining,shiny,yid
sheer	absolute,downright,filmy,gauzy,out-and-out,rank,right-down,swerve,veer
sheesha	calean,chicha,hookah,kalian,shisha
sheik	beau,clotheshorse,dandy,dude,fashion-plate,fop,gallant,swell
shelf	ledge
shelfy	reefy,shelvy,shoaly
shell	beat
shell-out	dispense,distribute
shell-parakeet	budgie
shelve	defer,hold-over,postpone,prorogue,put-over,remit,set-back,table
shelvy	reefy,shelfy,shoaly
shenanigan	guile,wile
sherd	fragment,shard
sherlock-holmes	holmes
shew	demonstrate,establish,prove,show
shf	superhigh-frequency
shia	shiah,shiah-islam
shiah	shia,shiah-islam
shiah-islam	shia,shiah
shibboleth	motto,slogan
shield	screen
shielder	defender,guardian
shift	budge,change-over,switch,teddy
shifting	shifty,unfirm
shifty	shifting
shiloh	battle-of-shiloh
shimmy	teddy
shin	clamber,tibia
shin-bone	tibia
shinbone	tibia
shine	glint,glisten,glitter,polish,reflect
shingly	pebbly
shininess	luster,sheen
shining	sheeny,shiny
shining-path	sl
shinney	shinny
shinny	clamber,shinney
shinto	shintoist,shintoistic
shintoist	shinto
shintoistic	shinto
shiny	glistening,glossy,lustrous,sheeny,shining
ship's-galley	galley
ship-biscuit	hardtack
ship-route	seaway
shipment	cargo,despatch,dispatch,freight,lading
shipping	transport,transportation
shipway	ways
shire	shire-horse
shire-horse	shire
shirk	fiddle,goldbrick,shrink-from
shirtfront	dickie
shirty	snorty
shish-kebab	kabob,kebab
shisha	calean,chicha,hookah,kalian,narghile,nargileh,sheesha,water-pipe
shit	bastard,bull,bullshit,crap,dogshit,horseshit,irish-bull,shite,shucks,turd
shite	crap,dirt,poop,shit,turd
shitty	crappy,icky,lousy,rotten,stinking,stinky
shiva	siva
shiver	shudder,thrill,throb
shivering	trembling
shivery	chilling,scarey,scary
shlep	schlep
shlock	dreck,schlock
shmo	schmo,schmuck,shmuck
shmuck	schmo,shmo
shnorr	cadge
shoal	school
shoaly	reefy,shelfy,shelvy
shoat	piggy,piglet,shote
shock	daze,outrage,stupor
shocked	aghast
shocking	lurid
shod	calced,shodden,shoed
shodden	shod,shoed
shoddy	deceptive,misleading
shoed	shod,shodden
shoeless	barefoot
shoes	place
shofar	shophar
shogunate	tyranny
sholem-asch	asch
sholom-asch	asch
shoo	shoo-away,shoo-off
shoo-away	shoo
shoo-off	shoo
shoot	dash,hit,inject,pip,scoot,scud,sprout
shoot-a-line	boast,brag
shoot-for	aspire
shoot-the-breeze	chat
shooter	taw
shooting	shot
shooting-iron	pistol
shootout	gunplay
shop	store,workshop
shophar	shofar
shopping-center	mall,plaza
shopping-centre	mall,plaza
shopping-mall	mall,plaza
shopworn	banal,trite
shoreward	onshore
shorn	sheared
short	abruptly,brusk,curtly,myopic,scant
short-circuit	bypass
short-pants	trunks
short-sleep	catnap,snooze
short-term-memory	stm
short-ton	ton
short-whist	whist
short-winded	pursy,winded
shortage	deficit,shortfall
shortcoming	defect
shortfall	deficit,shortage
shorthorn	durham
shortly	curtly,presently,soon
shorts	boxers,boxershorts,drawers,trunks,underdrawers
shortsighted	myopic
shorttail-weasel	ermine
shot	barb,gibe,jibe,pellet,shaft,shooting
shote	piggy,piglet,shoat
shotgun	scattergun
shoulder	berm
shout	cry,exclaim,outcry,scream,squall,yell
shout-out	cry,scream,squall,yell
shouted	yelled
shouter	roarer
shouting	cheering
shove	jostle
shovel	digger
shovelnose-catfish	goujon,mudcat
show	demonstrate,establish,express,prove,shew,usher
show-me-state	missouri,mo
show-off	flaunt
show-up	come-out
showery	rainy
showgirl	chorine
showing	display,exhibit
showtime	outset
showy	flamboyant,flashy,gaudy,glossy,splashy
shred	iota,rag,scintilla,smidge,smidgen,smidgeon,smidgin,tatter,tittle,whit
shrew	shrewmouse
shrewd	astute,sharp
shrewish	nagging
shrewmouse	shrew
shriek	scream,screaming,screech,screeching,shrieking
shrieking	shriek
shrill	sharp
shrilly	piercingly
shrimp	runt
shrimpy	runty
shrink	cringe,flinch,quail,recoil,shrivel,shrivel-up,wince,wither
shrink-from	shirk
shrivel	shrink,wither
shrivel-up	shrink,wither
shriveled	sere,wizen
shrivelled	sere,wizen
shroud	cover,enshroud,hide
shrub	bush
shrunken	wizen
shtick	schtick,schtik,shtik
shtik	schtick,schtik,shtick
shtup	ass,fuck,fucking,nookie,nooky,piece-of-ass,screw,screwing
shua	shuha-shinto
shuck	chaff,husk,stalk,straw,stubble
shucks	damn,darn,hoot,red-cent,shit,tinker's-dam,tinker's-damn
shudder	shiver,tremor
shuddery	chilling,scarey,scary
shudra	sudra
shuffle	scuffle,shamble
shuha-shinto	shua
shumac	sumac
shun	banish,eschew
shunning	avoidance
shut	close,unopen
shut-up	pent
shutdown	closedown,closing,closure
shute	nevil-shute,nevil-shute-norway
shwa	schwa
shyly	bashfully,timidly
si	te,ti
sialia	genus-sialia
sialis	genus-sialis
siam	kingdom-of-thailand,thailand
siamese	tai,thai
sian	changan,hsian,singan,xian
sib	blood-relation,blood-relative,cognate
sibilate	hiss,siss,sizz
sibilation	hissing
sibyllic	mantic,vatic
sibylline	mantic,vatic
sicilia	sicily
sicily	sicilia
sick	crazy,ghastly,grisly,gruesome,ill,macabre,retch,sickish,spew,spue,vomit,wan
sick-abed	bedfast,bedrid
sicken	churn-up,disgust,nauseate,revolt
sickish	nauseated,nauseous,queasy,sick
sickle	reap-hook,reaping-hook
sickly	ailing,peaked,sallow,unwell
sickness	illness,malady,nausea,unwellness
sida	genus-sida
siddhartha	buddha
side	slope
side-arm	pistol
side-by-side	adjacent,next
sidekick	buddy,crony,pal
sideline	hobby
sidelong	askance,askant,asquint,squint,squint-eyed,squinty
sidesplitter	wow
sidestep	circumvent,elude,evade,fudge,hedge,parry,put-off,skirt
sidetrack	siding
sidewalk	pavement
sideway	sidewise
sideways	sidewise
sidewise	sideway,sideways
siding	railroad-siding,sidetrack,turnout
sidle	sashay
sidney-james-webb	webb
sidney-webb	webb
sidon	saida,sayda
sids	cot-death,crib-death,infant-death
siege	beleaguering,besieging,military-blockade
siemens	mho
sierra	scomberomorus-sierra
sieve	screen,sift
sift	sieve,strain
sigh	suspire
sightedness	eyesight
sightlessness	blindness
sightly	bonnie,bonny,comely
sigint	signals-intelligence
sigmund-freud	freud
sign	mark,ratify,signal
signal	indicate,sign,signaling
signal-caller	quarterback
signaling	signal
signals-intelligence	sigint
significance	meaning
significant	important,substantial
signification	meaning
signify	intend,mean,stand-for
sika	cervus-nipon,cervus-sika,japanese-deer
sildenafil	viagra
sildenafil-citrate	viagra
silence	secrecy
silencer	muffler
silent	mum,soundless,still,tacit
silently	mutely,taciturnly,wordlessly
silesia	slask
silk-cotton-tree	kapok
silk-hat	topper
silk-stocking	nylons,rayons
silken	satiny,silklike,silky,sleek,slick
silklike	satiny,silken,silky,sleek
silky	satiny,silken,silklike,sleek,slick
sills	belle-miriam-silverman,beverly-sills
silly	cockamamie,cockamamy,dizzy,giddy,goofy,ridiculous,sappy,wacky,whacky,zany
silva	sylva
silvan	sylvan
silver	ag,argent,eloquent,facile,fluent,silvern,silvery
silver-leaved-poplar	abele
silver-salmon	coho,cohoe
silver-screen	screen
silver-state	nv
silver-tongued	eloquent,facile,fluent
silverish	argent
silvern	silver,silvery
silvery	argent,silver,silvern
silvia	genus-silvia
simal	bombax-ceiba,bombax-malabarica,red-silk-cotton-tree
similar	alike
similarly	likewise
similitude	alikeness,likeness
simon	herb-simon,herbert-a,herbert-alexander-simon
simon-marks	marks
simony	barratry
simper	smirk
simple-eye	stemma
simple-fruit	bacca
simpleness	simplicity
simplicity	simpleness
simply	but,just,merely,only
simulacrum	effigy
simulate	copy,imitate
simulated	fake,false,faux,imitation
simultaneously	at-the-same-time
simvastatin	zocor
sin	goof,sine,sinfulness,sinning,wickedness
sinai	sinai-peninsula
sinai-peninsula	sinai
sincere	earnest
sincerely	truly,unfeignedly
sine	sin
sinequan	adapin
sinew	brawn,brawniness,heftiness,muscle,muscularity,tendon
sinewy	brawny,fibrous,hefty,stringy,unchewable
sinful	iniquitous,ungodly
sinfulness	sin
sing	blab
singan	hsian,sian,xian
singe	swinge
singer	vocaliser,vocalist,vocalizer
singing	tattle,vocalizing
single	ace,bingle,individual
single-channel	mono
single-minded	resolved
single-valued-function	function
singly	individually,separately
singular	curious,peculiar,queer,remarkable,rum,rummy
sinister	baleful,forbidding,menacing,minacious,minatory,ominous,threatening
sink	drop,drop-down,sump
sinker	donut
sinner	evildoer
sinning	sin
sinuate	sinuous
sinuous	sinuate,wiggly
sinus	venous-sinus
sion	utopia,zion
siouan	sioux
sioux	siouan
siphon	syphon
sir-alexander-korda	korda
sir-arthur-john-evans	evans
sir-edward-elgar	elgar
sir-hans-adolf-krebs	krebs
sir-harold-walter-kroto	kroto
sir-henry-percy	percy
sir-humphrey-davy	davy
sir-isaac-newton	newton
sir-jack-hobbs	hobbs
sir-james-paget	paget
sir-joseph-banks	banks
sir-richard-owen	owen
sir-seretse-khama	khama
sir-thomas-wyat	wyat,wyatt
sir-thomas-wyatt	wyat,wyatt
sirach	ben-sira,ecclesiasticus
sire	beget,bring-forth,engender,father,generate,get,mother
siris	albizia-lebbeck,albizzia-lebbeck,siris-tree
siris-tree	siris
sirup	syrup
sis	sister
sisal	agave-sisalana
sise	captain-hicks,half-a-dozen,hexad,sestet,sextet,sextuplet,six,sixer,vi
sisham	sissu
siskin	carduelis-spinus
sison	genus-sison
siss	hiss,sibilate,sizz
sissified	cissy,sissy
sissoo	sissu
sissu	dalbergia-sissoo,sisham,sissoo
sissy	cissy,effeminate,emasculate,epicene,sissified,sissyish
sissyish	cissy,sissy
sister	sis
sit	ride,sit-down
sit-down	sit
site	land-site
sitsang	tibet
sitta	genus-sitta
sitter	brood-hen,broody,broody-hen,setting-hen
sitting	posing,seated
situate	locate
situated	located,placed,set
situation	berth,billet,post,state-of-affairs
sium	genus-sium
siva	shiva
sivan	siwan
siwan	sivan
six	half-dozen,hexad,sise,sixer,vi
six-gun	revolver
six-shooter	revolver
sixer	captain-hicks,half-a-dozen,hexad,sestet,sextet,sextuplet,sise,six,vi
sixteen	xvi
sixty	lx,threescore
sixty-eight	lxviii
sixty-five	lxv
sixty-four	lxiv
sixty-nine	ilxx
sixty-one	lxi
sixty-seven	lxvii
sixty-six	lxvi
sixty-three	lxiii
sixty-two	lxii
sizable	ample,goodly,sizeable,tidy
size-up	scrutinize
sizeable	goodly,sizable,tidy
sizz	hiss,sibilate,siss
skag	big-h,hell-dust,nose-drops,scag,smack,thunder
skagens-odde	skaw
skanky	disgustful,disgusting,distasteful,foul,loathly,loathsome,repellant,repellent
skating-rink	rink
skaw	skagens-odde
skeat	walter-william-skeat
skeet	skeet-shooting,trapshooting
skeet-shooting	skeet
skeletal	bony,gaunt,pinched
skeptic	doubter,sceptic
skeptical	disbelieving,sceptical,unbelieving
skepticism	disbelief
sketch	cartoon,outline,study
skew	skewed
skew-whiff	askew,awry
skewed	skew
skid	slide,slue
skilful	adept,skillful
skill	accomplishment,acquirement,acquisition,attainment
skillet	frypan
skillful	adept,expert,good,practiced,proficient,skilful
skim	skim-over
skim-over	skim
skimmer	boater
skimp	scant,stint
skimpy	lean
skin	clamber,cutis,peel,tegument
skink	scincid,scincid-lizard
skinny	boney,scraggy,scrawny,underweight,weedy
skint	broke,bust,stone-broke,stony-broke
skip	hop,jump,omission,pass-over,skip-over
skip-over	skip
skirmish	brush,clash,encounter
skirt	dame,evade,sidestep,surround,wench
skitter	scamper,scurry,scuttle
skittish	spooky
skopje	uskub
skoplje	uskub
skreak	creak,screech,squawk,squeak
skreigh	squawk
skua	bonxie
skulk	lurk
skunk	bum,crumb,dirty-dog,git,puke,rat,rotter,stinker,stinkpot
sky	pitch,toss
sky-blue	azure
skylark	cavort,romp
skylight	fanlight
skyline	horizon
sl	sendero-luminoso,shining-path
slabber	slaver
slack	abate,falloff,lax,loose,mire,quag,slacken,slake
slack-off	abate
slacken	slack,slow,slow-down,slow-up
slackly	loosely
slackness	laxity,laxness
slag	dross,scoria
slake	allay,quench,slack
slaked	quenched,satisfied
slam	bang,barb,gibe,jibe,mosh,shaft
slam-dance	mosh
slammer	gaol,jail
slang	argot,cant,dupe,gull,jargon,lingo,patois,vernacular
slant	lean,pitch,rake,tilt
slant-eye	gook
slanted	aslant,aslope,biased,diagonal,slanting,sloped,sloping
slanting	aslant,aslope,diagonal,slanted,sloped,sloping
slash	cut-down,flog,gash,lash,thresh,whip
slask	schlesien,silesia,slezsko
slat	spline
slate-gray	slatey,slaty
slate-grey	slatey,slaty
slater	woodlouse
slatey	slate-gray,slate-grey,slaty,slaty-gray,slaty-grey,stone-gray,stone-grey
slatternly	blowsy,blowzy
slaty	slate-gray,slate-grey,slatey,slaty-gray,slaty-grey,stone-gray,stone-grey
slaty-gray	slatey,slaty
slaty-grey	slatey,slaty
slaver	dribble,drivel,drool,slabber,slobber
slavery	bondage,thraldom,thrall,thralldom
slavic	slavic-language,slavonic,slavonic-language
slavic-language	slavic
slavonic	slavic
slavonic-language	slavic
slaw	coleslaw
slay	bump-off,dispatch,hit,murder,off,polish-off,remove
slayer	killer
slaying	murder
sleaze	cheapness,tackiness,tat
sleazy	cheesy,crummy,seamy,seedy,sordid,squalid
sled	sledge,sleigh
sledge	maul,sled,sledgehammer,sleigh
sledgehammer	maul,sledge
sleek	satiny,silken,silklike,silky,slick
sleep	catch-some-z's,kip,log-z's,slumber,sopor
sleep-together	eff
sleep-with	eff
sleeping-accommodation	bedroom
sleeping-room	bedroom
sleepy	sleepy-eyed,sleepyheaded
sleepy-eyed	sleepy
sleepyheaded	sleepy
sleeve	arm
sleeveless	futile
sleigh	sled,sledge
slender	lissom,lithe,slight,slim,svelte
slenderly	slimly
sleuth	snoop
slew	batch,deal,flock,good-deal,great-deal,hatful,heap,lot,slide,slue,swerve,veer
slews	dozens,heaps,loads,lots,piles,scores,stacks,tons
slezsko	slask
slice	piece
slick	crafty,dodgy,foxy,satiny,silken,silky,sleek,slickness,slip,slipperiness,sly,tricky
slicker	oilskin
slickly	glibly
slickness	slick
slide	chute,skid,slew,slip,slue
slide-by	elapse
slide-fastener	zipper
slideway	chute
slight	rebuff,slender,slim,svelte
slightly	more-or-less,slimly,somewhat
slim	slender,slight,svelte
slime	goo,guck,gunk
slime-eels	hag
slimed	slimy
slimly	slenderly,slightly
slimy	despicable,slimed,ugly,unworthy,vile,worthless,wretched
sling	catapult
slip	err,gaffe,miscue,slick,slide,slue,steal,teddy
slip-away	elapse
slip-by	elapse
slip-noose	noose
slip-up	miscue
slipper	carpet-slipper
slipperiness	slick
slippery	slippy
slippy	slippery
slipway	ways
slit	cunt,pussy,twat
sliver	splinter
slivery	splintery
slob	pig,sloven,slovenly-person
slobber	drivel,drool,slaver
sloe	alleghany-plum,allegheny-plum,prunus-alleghaniensis
slog	plod,slug,swig,trudge
slogan	catchword,motto,shibboleth
slop	glop,spill,splatter,swill
slope	incline,side
sloped	aslant,aslope,diagonal,slanted,slanting,sloping
sloping	aslant,aslope,diagonal,slanted,slanting,sloped
sloping-trough	chute
sloppy	baggy,boggy,marshy,miry,muddy,quaggy,swampy
slops	swill
slosh	slosh-around,slush,slush-around
slosh-around	slosh
sloth	acedia,laziness
slothful	indolent,otiose
slouch	slump
sloughy	boggy,marshy,miry,muddy,quaggy,swampy
sloven	slob
slovenly	frowsy,frowzy
slovenly-person	slob
slow	boring,dumb,irksome,obtuse,slacken,slowly,tedious
slow-down	relax,slacken
slow-up	slacken
slowing	deceleration,retardation
slowly	easy,slow,tardily
slowness	awkwardness,clumsiness,ineptitude,ineptness,maladroitness
sls	sodium-lauryl-sulfate,sodium-lauryl-sulphate
slub	burl,knot
slubbed	nubbly,nubby,tweedy
sludge	goo,guck,gunk
slue	skid,slew,slide,slip,swerve,veer
slug	biff,bullet,clout,laze,slog,swig
slugger	batsman,batter,hitter
sluggish	soggy,sulky,torpid
sluggishness	phlegm
sluice	penstock,sluiceway
sluiceway	sluice
slum	slum-area
slum-area	slum
slumber	catch-some-z's,kip,log-z's,sleep
slump	falloff,slouch
slur	blot,daub,smear,smirch,smudge,spot
slurred	thick
slush	slosh
slush-around	slosh
slushy	bathetic,drippy,hokey,kitschy,maudlin,mawkish,mushy,schmaltzy
slut	adulteress,fornicatress,hussy,jade,loose-woman,strumpet,trollop
sluttish	blowsy,blowzy,wanton
sly	crafty,cunning,dodgy,foxy,guileful,knavish,slick,tricksy,tricky,wily
slyly	artfully,craftily,cunningly,foxily,knavishly,trickily
sm	master-of-science,ms,msc
smack	flavor,savour,scag,skag,smooch,thwack
small	humble,little
small-arm	firearm
small-beer	trifle,trivia
small-fry	child,kid,tike,tyke,youngster
small-grained	powdered
small-minded	petty
small-talk	gab,gossip
small-town	village
smaller	littler
smarm	fulsomeness,unction
smarmy	buttery,fulsome,oily,oleaginous,soapy,unctuous
smart	chic,sassy,saucy
smart-as-a-whip	brainy
smartly	vigorously
smash	bash,blast,boom,nail
smasher	lulu
smear	blot,slur,smirch,smudge,spot,stain
smell	aroma,odor,odour
smelly	fetid,foetid,foul,foul-smelling,funky,ill-scented,noisome,stinking
smew	mergus-albellus
smidge	shred,whit
smidgen	shred,whit
smidgeon	shred,whit
smidgin	shred,whit
smile	grinning
smiler	countenance,kisser,mug,phiz,physiognomy,visage
smiling	beamish,grinning,twinkly
smilo	oryzopsis-miliacea,smilo-grass
smilo-grass	smilo
smirch	blot,slur,smear,smudge,spot,stain
smirk	simper
smith	metalworker
smithy	forge
smitten	stricken,struck
smock	dust-coat,duster,gabardine,gaberdine
smog	smogginess
smogginess	smog
smoke	dope,fastball,fume,hummer,sens,sess,smoking
smoke-cured	smoked
smoke-dried	smoked
smoked	smoke-cured,smoke-dried
smoker	smoking-car,smoking-carriage,smoking-compartment
smoking	smoke
smoking-car	smoker
smoking-carriage	smoker
smoking-compartment	smoker
smolder	smoulder
smooch	smack
smooching	hugging,kissing,petting
smooth	legato,placid,polish,suave
smooth-spoken	eloquent,facile,fluent
smooth-tongued	glib
smoothen	polish
smoother	sander
smoothly	swimmingly
smorgasbord	variety
smother	jumble,muddle,muffle,stifle,surround,welter
smoulder	smolder
smsgt	senior-master-sergeant
smudge	blot,daub,slur,smear,smirch,spot
smug	self-satisfied
smuggler	runner
smut	erotica,filth,porn,porno,pornography,soot
smuts	jan-christian-smuts
smutty	black,cruddy
smyrna	izmir
sn	tin
snack	bite,collation
snafu	fucked-up
snake	ophidian,serpent
snake-pit	hell
snakelike	snaky
snaky	serpentine,snakelike
snap	cinch,click,snarl,snatch,tear
snappish	snappy
snappy	brisk,dapper,frosty,natty,nippy,snappish,spiffy,spruce
snare	trap
snarf	abstract,cabbage,filch,hook,pilfer,pinch,purloin,sneak,swipe
snarl	snap
snarled	snarly
snarly	knotty,snarled
snatch	cunt,kidnap,pussy,snap,snatch-up,twat
snatch-up	snatch
snatcher	kidnapper
snead	sam-snead,samuel-jackson-snead
sneak	creep,fink,furtive,mouse,pilfer,pussyfoot,snarf,sneaky
sneaker	fink,gym-shoe,tennis-shoe
sneaky	furtive,sneak,stealthy,surreptitious
sneer	leer
sneering	snide
snick	nick
snicker	snigger
snide	sneering,supercilious
sniff	whiff
sniffle	blub,snivel
sniffy	disdainful,haughty,imperious,lordly,overbearing,prideful,supercilious,swaggering
snigger	snicker
snip	lop,snippet,snipping
snippet	snip
snipping	snip
snips	tinsnips
snitch	fink,glom
snitcher	fink
snivel	blub,sniffle,snuffle,whine
snob	prig,snoot,snot
snobbish	clubby,snobby
snobby	clannish,cliquish,clubby,snobbish
snoek	barracouta
snog	buss,kiss,osculate
snoop	sleuth,spy,stag
snoopy	nosey,nosy,prying
snoot	beak,honker,hooter,nozzle,prig,schnoz,schnozzle,snob,snout
snooty	bigheaded,persnickety,snot-nosed,snotty,stuck-up,uppish
snooze	cat-sleep,catnap,doze,drowse,forty-winks,nap,short-sleep
snore	saw-logs,saw-wood,snoring
snoring	snore,stertor
snort	razz
snorty	shirty
snot	prig,snob
snot-nosed	snooty,snotty,uppish
snotty	snooty,snot-nosed,uppish
snotty-nosed	impudent,insolent
snout	neb,schnoz,snoot
snow	coke,snowfall
snow-white	snowy
snowbird	junco
snowfall	snow
snowy	snow-white
snub	cut,disregard,ignore,rebuff
snuff	chukker-brown,mummy-brown,snuff-brown
snuff-brown	snuff
snuffle	blub,snivel
snug	cosy,cozy,cubby
snuggery	cubby
snuggle	cuddle,draw-close,nest,nestle,nuzzle
snuggling	hugging,kissing,petting
so	and-then,hence,indeed,soh,sol,then,therefore,thus,thusly
so-far	heretofore,hitherto,insofar
soak	douse,hock,rob,souse
soak-up	engulf,imbibe
soaked	besotted,blind-drunk,blotto,cockeyed,crocked,fuddled,loaded,pie-eyed
soaker	alky
soap	goop,max
soapbox	ambo,dais,podium,pulpit,rostrum
soapsuds	lather,suds
soapy	buttery,fulsome,oily,oleaginous,smarmy,unctuous
soar	soar-up,soar-upwards,surge,zoom
soar-up	soar
soar-upwards	soar
soaring	lofty
sober	solemn,somber
soberly	gravely,staidly
sobriquet	byname
soccer	association-football
social	societal
social-club	guild
social-disease	vd
social-welfare	welfare
societal	social
society	guild
sock	bonk,whap,whop
sod	greensward,sward,turf
sod-house	soddy
soda	pop,soda-pop,soda-water,tonic
soda-pop	soda
soda-water	soda
sodbuster	farmer
sodden	soppy
sodding	arrant
soddy	adobe-house,sod-house
sodium	na
sodium-lauryl-sulfate	sls
sodium-lauryl-sulphate	sls
sodomy	anal-intercourse,anal-sex,buggery
sofa	couch,lounge
sofia	bulgarian-capital,serdica
sofia-scicolone	loren
soft	balmy,cushy,flabby,gentle,sonant,voiced
soft-goods	drygoods
soft-palate	velum
soft-touch	chump,patsy,sucker
soften	cushion,mince,relent
softened	muffled
softie	softy
softly	quietly
software-engineer	coder
softy	softie
soggy	boggy,doughy,inert,marshy,miry,muddy,quaggy,sluggish,torpid
soh	so,sol
soigne	soignee
soignee	soigne
soil	colly,dirt,filth,grease,grime,grunge,stain
soiled	dirty,unclean
soja	glycine-max,soja-bean,soy,soya,soya-bean,soybean,soybean-plant
soja-bean	soja
sojourn	visit
sol	so,soh
sol-hurok	hurok
solace	consolation,solacement
solacement	solace
solan	solan-goose,solant-goose,sula-bassana
solan-goose	solan
solant-goose	solan
soldierlike	martial
soldierly	martial
soldiery	troops
sole	exclusive
solea	genus-solea
solecism	gaffe
solely	alone,entirely,exclusively,only
solemn	earnest,grave,sedate,sober
soleus	soleus-muscle
soleus-muscle	soleus
solfa	tonic-solfa
solicit	beg,tap
solid-ground	ground
solidity	solidness
solidness	solidity
solitary	lone,lonely
solomon-hurok	hurok
solon	national-leader,statesman
soluble-rna	trna
solve	figure-out,lick,puzzle-out,work,work-out
solved	resolved
soma	anatomy,bod,build,figure,haoma,human-body,material-body,physical-body,physique,shape
somali	somalian
somalian	somali
soman	gd
somatic	bodily,corporal,corporeal
somatotrophic-hormone	sth
somatotrophin	sth
somatotropic-hormone	sth
somatotropin	sth
somber	drab,sober,sombre
somberness	gloom
sombre	melancholy,somber
sombreness	gloom
some	about,approximately,roughly
some-other	another
somebody	individual,person,someone
somehow	in-some-manner,in-some-way,someway,someways
someone	individual,mortal,person,somebody,soul
someplace	somewhere
somersault	flip,somersaulting,somerset,summersault,summerset
somersaulting	somersault
somerset	somersault
sometime	onetime
someway	somehow
someways	somehow
somewhat	fairly,more-or-less,pretty,reasonably,slightly
somewhere	someplace
somite	metamere
somme	battle-of-the-somme,somme-river
somme-river	somme
son	boy,logos
sonant	soft,voiced
sonar	asdic,echo-sounder
song	sung,vocal
song-dynasty	sung
song-thrush	mavis
songlike	ariose
sonny	cub,lad,laddie,sonny-boy
sonny-boy	sonny
sonora	genus-sonora
sonsie	bosomy,busty,buxom,curvaceous,curvy,full-bosomed,sonsy,stacked
sonsy	bosomy,busty,buxom,curvaceous,curvy,full-bosomed,sonsie,stacked
soon	before-long,presently,shortly
sooner	earlier,preferably
soot	carbon-black,crock,lampblack,smut
soot-black	ebony
sooty	coal-black,jet,jet-black,pitchy
sop	douse,sops,souse,standard-procedure
sop-up	imbibe
soph	sophomore
sophia-loren	loren
sophomore	soph
sopor	sleep
soppy	bathetic,drippy,hokey,kitschy,maudlin,mawkish,mushy,schmaltzy,sodden
soprano	treble
sops	sop
sorb	take-up
sorbed	occluded
sorbus-aucuparia	rowan
sorcerous	magical
sordid	seamy,seedy,sleazy,squalid
sore	huffy,mad,raw,sensitive,tender
sorex	genus-sorex
sorgho	sorgo
sorgo	sorgho,sugar-sorghum,sweet-sorghum
sorrel	brownish-orange
sorrow	grieve
sorrower	mourner
sorrowing	bereft
sorry	deplorable,dismal,distressing,drear,lamentable,pitiful,sad
sort	classify,form,kind,variety
sort-of	kinda,rather
sort-out	classify
sorted	grouped
sot	drunk,drunkard,inebriate,rummy,wino
sottish	boozy,drunken
sou'-east	se
sou'-sou'-east	sse
sou'-sou'-west	ssw
sou'-west	sw
soubriquet	byname
soudan	sudan
sough	purl
sought-after	desired
soul	individual,person,psyche,someone
sound	strait
sound-off	complain
sound-reflection	echo
sounding	looking
soundless	silent
soupcon	mite
soupy	bathetic,drippy,hokey,kitschy,maudlin,mawkish,mushy,schmaltzy
sour	acidity,dour,ferment,morose,rancid,sullen,turn,work
source	beginning,germ,origin,root,rootage
sourish	lemony,tangy,tart
sourness	acidity
sousa	john-philip-sousa,march-king
sousaphone	tuba
souse	alky,dip,douse,dowse,drench,dunk,soak,sop
soused	besotted,blind-drunk,blotto,cockeyed,crocked,fuddled,loaded,pie-eyed
souslik	suslik
sousse	susa,susah
south-african-dutch	taal
south-by-east	sbe
south-by-west	sbw
south-dakota	sd
south-southeast	sse
south-southwest	ssw
southeast	se
southeast-by-east	sebe
southeast-by-south	sebs
southeastward	se
southerly	southward
southpaw	left-handed-pitcher,left-hander,lefthander,lefty
southward	southerly,southwards
southwards	southward
southwest	sw
southwest-by-south	swbs
southwest-by-west	swbw
southwestward	sw
sovereign	crowned-head,monarch
soviet-kgb	kgb
soviet-union	russia,ussr
sow	seed
sown	seeded
soy	soja,soya,soya-bean,soybean
soya	soja,soy,soya-bean,soybean
soya-bean	soja,soy,soya
soybean	soja,soy,soya
soybean-plant	soja
spa	health-club,health-spa
space	infinite
spacecraft-clock-time	sclk
spacecraft-event-time	scet
spaced	separated
spaced-out	spacey,spacy
spacey	spaced-out,spacy
spacial	spatial
spacing	spatial-arrangement
spacious	broad,roomy,wide
spacy	spaced-out,spacey
spade	nigga,nigger,nigra
spain	espana,kingdom-of-spain
spalax	genus-spalax
spall	spawl
spam	junk-e-mail
span	bridge,cross,duad,dyad,sweep,traverse,twain
spang	bang
spangle	sequin
spangled	gemmed,jeweled
spangly	gemmed,jeweled
spanish-elm	cypre
spanish-lime	genip,ginep
spanish-lime-tree	ginep
spanish-mackerel	saurel
spanking	brisk
spar	sparring
spare	bare,excess,extra,save,scanty
spare-time-activity	hobby
sparge	sprinkle,sprinkling
sparid	sparid-fish
sparid-fish	sparid
sparing	frugal,scotch
spark	activate,actuate,arc,set-off,spark-off,sparkle,touch-off,trigger,trigger-off,trip
spark-off	activate,actuate,spark
sparkle	light,spark,twinkle
sparkly	frothy
sparring	spar
sparrow	true-sparrow
sparse	thin
spasm	cramp,muscle-spasm
spat	applaud,tiff
spate	freshet
spatial	spacial
spatial-arrangement	spacing
spatter	spattering,splash,splashing,splattering
spattered	dabbled
spattering	spatter
spawl	spall
spawn	engender
spay	alter,castrate,neuter
speak	mouth,talk,utter,verbalise,verbalize
speaker	talker,utterer,verbaliser,verbalizer
spear	lance
spec	specification
special	particular,peculiar
special-air-service	sas
specialised	specialized
specialiser	specialist
specialist	specialiser,specializer
speciality	forte
specialized	specialised
specializer	specialist
specially	especially,particularly
specialty	forte
specification	spec
specify	condition,define,qualify,stipulate
speck	mite,mote,particle,pinpoint
specked	dotted,flecked
speckle	dapple,patch
speckled	dotted,flecked
speckless	spic,spick,spotless
specs	eyeglasses,glasses,spectacles
spectacles	glasses,specs
spectacular	prominent,salient,striking
spectator	looker,viewer,watcher,witness
specter	ghost,phantom,shade,spectre,spook,wraith
spectral	ghostly
spectre	ghost,phantom,specter,spook,wraith
speculate	conjecture,hypothecate,hypothesise,hypothesize,suppose,theorise,theorize
speech	address
speech-pattern	accent
speechifier	orator
speechmaker	orator
speed	accelerate,hie,hurry,quicken,race,rush,velocity
speed-up	accelerate,quicken
speedily	apace,chop-chop,quickly,rapidly
speedy	quick,rapid
speer	albert-speer
speke	john-hanning-speke,john-speke
spell	enchantment,trance,while
spelt	triticum-spelta
spencer-tracy	tracy
spend	pass
spending	expenditure,outgo,outlay
spent	exhausted,fagged,fatigued
sperm	sperm-cell,spermatozoan,spermatozoon
sperm-cell	sperm
spermatozoan	sperm
spermatozoon	sperm
spew	be-sick,cast,cat,disgorge,purge,sick,spit,vomit,vomit-up
spf	sun-protection-factor
sphacelus	necrosis
sphere	arena,domain,heavens
spic	immaculate,speckless,spic-and-span,spick,spick-and-span,spik,spotless
spic-and-span	spic,spick,spotless
spick	immaculate,speckless,spic,spic-and-span,spick-and-span,spik,spotless
spick-and-span	spic,spick,spotless
spicy	blue,gamey,gamy,juicy,naughty,racy,risque
spiderlike	spidery
spiderly	spidery
spidery	arachnidian,arachnoid,spiderlike,spiderly
spiel	line-of-gab,patter
spiffy	dapper,dashing,jaunty,natty,raffish,rakish,snappy,spruce
spigot	faucet
spik	spic,spick
spike	impale
spikenard	nard
spiky	peaky
spile	bung,piling,stilt
spill	slop,splatter
spill-the-beans	blab
spin	birl,gyrate,reel,spin-around,whirl
spin-around	spin
spinach-beet	chard
spinal-column	rachis,spine
spindly	lank
spine	back,backbone,rachis,spinal-column,vertebral-column
spinus	genus-spinus
spiny	barbed,barbellate,briary,briery,bristled,bristly,burred,burry
spiral	coil,gyrate,volute
spiraling	volute
spire	steeple
spirit-of-turpentine	turps
spirited	bouncy,gamey,gamy,peppy,spunky,zippy
spiritedness	brio
spiritlessness	apathy
spirits	booze,liquor
spiritual	ghostly,religious
spirt	gush,jet,spurt,squirt
spit	ptyalise,ptyalize,saliva,spew,spue
spite	malice,maliciousness,spitefulness,venom
spitefulness	spite,venom
spittle	saliva
splash	plash,spatter,splosh,sprinkle
splashed	dabbled
splashing	spatter
splashy	showy
splatter	slop,spill
splattered	dabbled
splattering	spatter
spleen	lien
splendid	excellent,glorious,magnificent,resplendent,splendiferous
splendiferous	splendid
splendor	brilliance,grandeur,grandness,magnificence,splendour
splendour	grandeur,splendor
splenetic	lienal,prickly
splenic	lienal
spliff	joint,marijuana-cigarette,reefer,stick
spline	slat
splinter	secede,sliver
splintery	slivery
split	burst,cleave,divide,schism
split-second	instant,jiffy,trice
split-up	divide
splitsaw	ripsaw
splitting	rending,ripping
splodge	blotch
splosh	splash
splotch	blotch
spock	benjamin-spock
spoil	blow,bodge,botch,botch-up,bumble,coddle,flub,frustrate,fumble,mar,muff,pamper
spoiled	spoilt
spoilt	blighted,spoiled
spoke	radius,rundle,rung,wheel-spoke
sponge-gourd	luffa
spongelike	spongy
spongy	spongelike,squashy,squishy
sponsor	patronise,patronize
spontaneous	self-generated
spoof	burlesque,charade,lampoon,mockery,parody,sendup,takeoff,travesty
spook	ghost,shade,specter,spectre,wraith
spookily	eerily
spooky	flighty,nervous,skittish
spool	bobbin,reel
spoonbill-catfish	goujon,mudcat
sport	athletics,cavort,mutant,romp,sportsman
sport-coat	blazer
sport-jacket	blazer
sport-utility	suv
sport-utility-vehicle	suv
sportfishing	fishing
sporting	clean,sportsmanlike,sporty
sporting-house	brothel
sports-coat	blazer
sports-jacket	blazer
sports-stadium	stadium
sportsman	sport,sportswoman
sportsmanlike	sporting
sportswoman	sportsman
sporty	flashy,gaudy,sporting
spot	berth,billet,bit,blot,dapple,discern,espy,patch,place,post,slur,smear
spotless	immaculate,speckless,spic,spic-and-span,spick,spick-and-span
spots	floater,musca-volitans,muscae-volitantes
spotter	sentry
spotting	espial,spying
spotty	scratchy,uneven
spousal-relationship	marriage
spouse	better-half,married-person,mate,partner
spout	gush,jabber,mouth-off,rabbit-on,rant,rave
sprag	pitprop
sprain	rick,turn,twist,wrench,wrick
sprat	brisling,clupea-sprattus
spraying	crop-dusting
spread	dispersed,disseminate,distribute,gap,ranch
spread-out	expand,fanned
spree	fling
sprig	twig
spring	bounce,jump,leap,leaping,springtime
spring-chicken	youth
spring-up	arise,originate
springer	impost
springtime	spring
sprinkle	disperse,dot,dust,scatter,sparge,splash
sprinkling	sparge
sprite	fairy,fay
sprocket	cog
sprout	bourgeon,burgeon-forth,germinate,pullulate,shoot,spud
spruce	dapper,dashing,jaunty,natty,raffish,rakish,snappy,spiffy
sprue	psilosis,tropical-sprue
spry	agile,nimble,quick
spud	potato,sprout,stump-spud,tater
spue	be-sick,cast,cat,disgorge,purge,sick,spit,vomit,vomit-up
spumy	bubbling,bubbly,effervescing,foaming,foamy,frothy
spunk	heart,mettle,nerve
spunky	game,gamey,gamy,gritty,mettlesome,spirited
spur	gad,goad,goading,prod,prodding,spurring,urging
spurious-wing	alula
spurn	disdain,freeze-off,pooh-pooh,reject,scorn,turn-down
spurned	jilted
spurring	spur
spurt	gush,jet,spirt,squirt
sputter	clamber
sputum	phlegm
spy	espy,snoop,undercover-agent
spying	catching,detection,espial,spotting
squab	squabby
squabble	bicker,tiff
squabby	squab
squad	team
squalid	seamy,seedy,sleazy,sordid
squall	call,cry,holler,hollo,scream,shout,shout-out,waul,wawl,yell
squander	waste
squandered	wasted
square	foursquare
square-toed	prim
squarely	forthright,forthrightly
squash	crush,mash,squeeze,squelch
squashy	pulpy,spongy
squat	crouch,hunker,hunker-down,scrunch,scrunch-up,stumpy
squatty	stumpy
squawk	gripe,screak,screech,skreak,skreigh
squawky	cackly
squeak	creak,screak,screech,skreak,whine
squeaking	squeaky
squeaky	screaky,screechy,squeaking,squealing
squeal	confess,oink
squealer	pig
squealing	squeaky
squeamish	prissy
squeeze	coerce,crush,force,hug,mash,pinch,squash,squelch
squeeze-out	squirt
squelch	mash,quell,squash,squeeze
squinch	cringe,flinch,quail,recoil,squint,wince
squint	askant,sidelong,squinch
squint-eyed	askant,sidelong
squinty	askant,sidelong
squirm	twist,worm,wrestle,wriggle,writhe
squirt	eject,force-out,spirt,spurt,squeeze-out
squishy	spongy
sr	elder,older
sravana	sawan
ss	schutzstaffel,usss
sse	sou'-sou'-east,south-southeast
sspe	bosin's-disease,dawson's-encephalitis
sss	selective-service
ssw	sou'-sou'-west,south-southwest
st	aspirin,baeda,bayer,beda,bede,belem,cyril,gateway-to-the-west,levi,para,paul,saint-louis
stab	jab,knife,pang,poke,twinge
stabilise	brace
stability	stableness
stabilize	brace
stable	stalls
stableness	stability
stacked	bosomy,busty,curvy,sonsie,sonsy
stacks	dozens,gobs,loads,lots,piles,rafts,scads,scores,slews,tons,wads
stadium	arena,bowl,sports-stadium
stael	madame-de-stael
staff-of-life	bread
stag	hart,snoop
stage	phase
stage-business	byplay
stage-manager	stager
staged	arranged
stager	stage-manager
stagey	stagy
stagger	careen,flounder,keel,lurch,reel,swag
staggeringly	hugely
stagnate	laze
stagy	stagey
staid	sedate
staidly	gravely,soberly
stain	grime,smear,smirch,soil
stair	step
staircase	stairway
stairs	steps
stairway	staircase
stake	interest
stale	dusty
stalemate	impasse
stalin	joseph-stalin
stalk	shuck
stalked	pedunculate
stalking-horse	pretext
stall	booth,carrel,kiosk
stalls	horse-barn,stable
stalwart	hardy,stout,sturdy
stammer	bumble,falter,stutter
stamp	emboss,stomp
stamp-down	conquer,inhibit,subdue,suppress
stamp-pad	inkpad
stand	endure,fend,stand-up,standpoint,tolerate,viewpoint
stand-for	represent,signify,symbolize
stand-in	sub
stand-out	excel
stand-up	arise,get-up,rise,stand,uprise
standard-atmosphere	atm
standard-pressure	atm
standard-procedure	sop
standardisation	calibration
standardization	calibration
standing-stone	menhir
standoffish	offish
standpat	fusty
standpoint	point-of-view,stand,viewpoint
standstill	impasse
stapes	stirrup
staph	staphylococci,staphylococcus
staphylococci	staph
staphylococcus	staph
staple	basic
staple-gun	tacker
staplegun	tacker
star	asterisk,leading,prima,stellar
star-grass	doob,kweek
starch-wheat	emmer
stare	gaze
stare-down	outface
staring	agaze
stark	austere,blunt,crude,desolate
stark-naked	peeled
starkey	starr
starr	richard-starkey,ringo-starr,starkey
starring	leading,prima,stellar
start	begin,commence,get,get-down,initiate,outset,set-about,set-out,start-out,starting
start-out	begin,commence,start
starter	starter-motor,starting-motor
starter-motor	starter
starting	start
starting-motor	starter
starting-time	outset
startle	galvanise,galvanize
starve	crave,famish,hunger
starved	starving
starving	starved
stash	cache,hoard
stat-mi	mile
state	country,nation,province,say
state-highway	freeway,pike,thruway
state-of-affairs	situation
stated	declared
stateless-person	dp
stateliness	majesty
stately	baronial,imposing,noble
statement	argument
statesman	national-leader,solon
static	inactive,motionless,still
statin	lipid-lowering-medicine,statin-drug
statin-drug	statin
station-waggon	waggon
station-wagon	waggon
stator	stator-coil
stator-coil	stator
statue-maker	sculptor
status	condition,position
statute	legislative-act
statute-law	legislation
statute-mile	mile
statute-title	title
staunch	steadfast,unswerving
stave	round,rung
stave-off	avert
stay	abide,bide,remain,rest
stays	corset,girdle
std	vd
stead	lieu,place,position
steadfast	staunch
steadfastly	firmly
steady	brace
steal	slip
stealer	thief
stealing	stealth,theft
stealth	stealing
stealthy	furtive,sneaky
steam	steamer
steam-boiler	boiler
steamer	steam
steaming	piping
steamy	aroused,horny,muggy,randy,ruttish,turned-on
steatocystoma	wen
steel	sword
steen	jan-steen
steep	engulf
steeple	spire
steer	channelize,direct,guide,head,maneuver,manoeuver,manoeuvre,point
stefan-zweig	zweig
steffi-graf	graf
steganography	coding
stein	beer-mug
stela	stele
stele	stela
stellar	astral,leading,prima,star,starring
stem	base,prow,radical,root,root-word,theme
stemma	ocellus,simple-eye
stench	fetor,foetor,malodor,malodour,mephitis,reek,stink
stenotomus-chrysops	scup
step	abuse,measure,stair
step-by-step	gradually,stepwise
step-down	reduction
step-in	intervene,pantie,panty
stephanie-graf	graf
steps	stairs
stepwise	bit-by-bit,in-small-stages,piecemeal,step-by-step
stereo	stereo-system,stereophonic-system,stereophony
stereo-system	stereo
stereophonic-system	stereo
stereophony	stereo
stereotyped	stereotypic,stereotypical,unimaginative
stereotypic	stereotyped
stereotypical	stereotyped
sterilise	desex,unsex
sterilize	desex,unsex
stern	austere,grim,poop
sterna	genus-sterna
sternly	severely
sternum	breastbone
stertor	snoring
stetson	fedora,felt-hat,homburg,trilby
stewed	boiled,poached
sth	growth-hormone,human-growth-hormone,somatotrophic-hormone,somatotrophin,somatotropic-hormone,somatotropin
stick	baffle,bind,cling,cohere,deposit,puzzle,reefer,spliff
stick-in-the-mud	mossy
stick-on	affix
stick-out	endure,protrude,tolerate
stick-to	bind
sticker	dagger,poser
sticking	jutting,projected,projecting,protruding,relieved,sticking-out
sticking-out	jutting,sticking
stickup	holdup
sticky	gluey,glutinous,gummy,mucilaginous,muggy,pasty,viscid,viscous
stiff	cadaver,corpse,rigid,stiffly
stiffly	rigidly,stiff
stifle	dampen,muffle,repress,smother,strangle
stifling	sultry
stilbestrol	des
stilboestrol	des
still	all-the-same,even-so,however,motionless,nevertheless,nonetheless,notwithstanding,placid,silent,static,stillness,withal
stillness	hush,still
stilt	pile,piling,spile
stilted	artificial,contrived,hokey
stimulant	stimulus
stimulate	excite,provoke
stimulated	aroused
stimulation	stimulus
stimulus	input,stimulant,stimulation
sting	stinging
stinging	sting
stingy	meager,meagerly,meagre,scrimpy
stink	fetor,foetor,stench
stinker	bum,git,puke,skunk
stinking	crappy,fetid,foetid,lousy,rotten,shitty,smelly
stinkpot	bum,git,puke,skunk
stinky	crappy,ill-smelling,lousy,malodorous,malodourous,rotten,shitty,unpleasant-smelling
stint	skimp
stinting	frugal,scotch
stipendiary	paying
stippled	dotted,flecked
stipulate	condition,qualify,specify
stir	ado,budge,flurry,invoke
stir-up	agitate,incite
stirred	aroused,moved
stirred-up	aroused
stirring	rousing
stirrup	stapes,stirrup-iron
stirrup-iron	stirrup
stitch	sew
stitched	sewed,sewn
stitching	sewing
stm	immediate-memory,short-term-memory
stock	banal,breed,livestock,trite
stock-list	inventory
stock-still	rooted
stock-ticker	ticker
stockholder	shareholder,shareowner
stocky	compact,heavyset,thick,thickset
stodgy	mossy,stuffy
stoep	stoop
stogie	stogy
stogy	stogie
stoic	stoical
stoical	stoic
stoicism	stolidity,stolidness
stolid	impassive
stolidity	stoicism
stolidness	stoicism
stomach	abdomen,belly,breadbasket,endure,tolerate,tum,tummy
stomp	stamp,stump
stone	rock
stone-broke	broke,skint
stone-fruit	drupe
stone-gray	slatey,slaty
stone-grey	slatey,slaty
stoned	hopped-up
stony	flinty,granitelike,granitic,rocklike,rocky
stony-broke	broke,skint
stool	feces
stool-pigeon	fink
stoolie	fink
stoolpigeon	fink
stoop	bend,bow,crouch,stoep,stoup
stooped	crooked,hunched,round-backed,round-shouldered,stooping
stooping	stooped
stop	cease,diaphragm,end,halt,intercept,quit
stopped-up	chinked
stopper	plug
stopping	fillet
stopple	plug
stops	boodle,chicago,michigan,newmarket
storage-locker	locker
storage-warehouse	warehouse
store	shop
storey	floor,level,story
storied	celebrated,historied
storm	violent-storm
storm-troops	sa
story	account,fib,narration,narrative,storey,tale
storyline	plot-line
stoup	stoop
stout	hardy,portly,stalwart,sturdy
stove	cooking-stove,kitchen-range,kitchen-stove,range
stovepipe	topper
stowe	harriet-beecher-stowe
strad	stradavarius
stradavarius	strad
straight	direct,directly,unbent
straight-off	at-once,immediately,instantly
straightaway	at-once,immediately,instantly
straighten	unbend
straightlaced	prim
strain	breed,filter,melody,nisus,pains,reach,sift,strive,striving,tune,var
strained	labored,laboured
strainer-vine	luffa
strait	sound
strait-laced	prim
straitlaced	prim
strake	wale
strand	maroon
strange	unusual
stranger	alien,unknown
strangle	hamper,muffle,stifle,strangulate,throttle
strangulate	strangle
strap	flog,lash,whip
strapping	beefy,burly,husky
stratagem	ploy
strategic	strategical
strategical	strategic
strategy	scheme
stratified	graded,ranked
stravinsky	igor-stravinsky
straw	shuck,strew
straw-hat	boater
straw-man	scarer
strawman	scarer
stray	isolated,roam,rove,wander
streak	mottle
streaked	streaky
streaky	streaked
stream	swarm,watercourse
streamer	banner
street-arab	gamin
street-child	waif
street-cred	cred
street-credibility	cred
streetcar	tram,tramcar,trolley,trolley-car
strength	forte,intensity
strengthen	beef-up,fortify
strep	streptococcal,streptococcic
streptococcal	strep
streptococcic	strep
stress	accent,emphasis,emphasize,tension
stretch	stretch-along
stretch-along	stretch
stretch-out	crane
strew	straw
stria	band,banding,striation
striation	stria
stricken	afflicted,smitten,struck
strict	rigorous
strictly	purely
stride	pace,tread
strident	blatant,raucous
strike	excise,impress
strike-down	fell
strike-hard	knock
striking	dramatic,prominent,salient,spectacular
string	twine
string-of-beads	beads
stringy	sinewy,wiry
strip	divest,reave,undress
strip-down	undress
stripe	band,banding
striped	stripy
striped-squirrel	hackee
stripling	teenager
stripping	baring
stripy	striped
strive	endeavor,endeavour,strain
striving	nisus,pains,strain
strix	genus-strix
strobe	strobe-light,stroboscope
strobe-light	strobe
stroboscope	strobe
stroke	cva
stroll	amble,perambulation,promenade,saunter
stroller	pram,pusher
strong	potent
strong-armer	goon,hood,punk,thug
strong-belief	conviction
strong-drink	booze,liquor
strong-point	forte
strong-suit	forte
stroppy	bolshy
struck	smitten,stricken
structure	construction
struggle	battle,clamber,conflict,fight
strum	thrum
struma	goitre
strumpet	hussy,slut
strung-out	hooked
strut	prance,swagger
stubble	shuck
stubborn	obstinate,unregenerate
stubbornly	cussedly,mulishly,obdurately,obstinately,pig-headedly
stuck-up	snooty,uppish
stud	constellate,dot
student	educatee,pupil,scholar
student-lodging	hostel
student-residence	dorm
study	analyse,analyze,examine,report,sketch,survey
studying	perusal
stuff	glut,gorge,hooey,material
stuff-and-nonsense	hooey
stuffy	airless,stodgy
stultify	cripple
stumble	bumble,falter
stumblebum	lout,lummox,oaf
stump	ambo,dais,podium,pulpit,rostrum,stomp,tree-stump
stump-spud	spud
stumper	poser
stumpy	chunky,dumpy,low-set,squat,squatty
stun	stupefy
stung	annoyed,irritated,miffed,nettled,peeved,pissed,pissed-off,riled
stunned	amazed,astonied,astonished,astounded,dazed,kayoed,ko'd
stunner	lulu
stupa	tope
stupe	dolt,dullard,pillock,poor-fish,pudden-head,pudding-head,stupid,stupid-person
stupefaction	stupor
stupefied	dazed
stupefy	besot,stun
stupendous	colossal,prodigious
stupid	dazed,dolt,stupe
stupid-person	dolt,stupe
stupidity	betise
stupidly	doltishly
stupor	grogginess,semiconsciousness,shock,stupefaction
stuporous	groggy,logy
sturdy	hardy,stalwart,stout
sturmabteilung	sa
stutter	bumble,falter,stammer
sty	pigpen,pigsty,stye
stye	eye-infection,hordeolum,sty
style	fashion,manner,mode,stylus,vogue,way
stylemark	hallmark,trademark
stylus	style
stymie	stymy
stymy	stymie
styx	river-styx
suave	bland,politic,smooth
sub	fill-in,stand-in,submarine,substitute
subaltern	lowly
subclass-dipnoi	dipnoi
subdivision	branch,section,subsection
subdue	conquer,curb,inhibit,quash,repress,stamp-down,suppress
subdued	dim,hushed,muted,quiet
subgenus-chen	chen
subject	submit,theme,topic
subjection	conquest
subjugate	quash,repress
subjugation	conquest
sublimate	purify
sublime	empyreal,empyrean,exalted
sublime-porte	porte
submarine	pigboat,sub,u-boat
submaxilla	jowl
submerge	drown
submit	accede,relegate,subject
suborder-lacertilia	sauria
suborder-lari	lari
suborder-otides	otides
suborder-sauria	sauria
suborner	briber
subsection	subdivision
subsequently	after,afterward,afterwards,later
subside	lessen
subsidise	subsidize
subsidize	subsidise
subsister	survivor
substance	essence,gist,kernel,nub
substantial	significant
substantially	considerably,well
substantiate	affirm,confirm
substitute	ersatz,exchange,interchange,replace,sub
subtend	delimit
subtle	elusive
subtlety	nuance
subtract	deduct,take-off
suburb	suburban-area,suburbia
suburban-area	suburb
suburbia	suburb
subvert	overthrow,undermine
subway	metro,subway-system,tube,underground
subway-system	metro,subway
succeed	bring-home-the-bacon,come-through,deliver-the-goods,win
successive	consecutive,sequent,sequential,serial
successor	replacement
succor	ministration,relief,succour
succour	succor
succumb	buckle-under,give-in,knuckle-under,yield
succus	juice
suck	imbibe
suck-up	imbibe
sucker	chump,fall-guy,fool,gull,mark,mug,patsy,soft-touch
suckerfish	remora
sucking-fish	remora
sucking-louse	louse
suckled	nursed
sudan	soudan
suddenly	abruptly,all-of-a-sudden,of-a-sudden
sudor	perspiration,sweat
sudra	shudra
suds	lather,soapsuds
sudsy	lathery
sue	action,litigate,process
suede	suede-cloth
suede-cloth	suede
suer	petitioner,suitor,wooer
suffer	get,have,sustain
sufferer	martyr
suffering	agony,distress,excruciation,miserable,woe
suffice	answer,do,serve
suffix	postfix
suffuse	perfuse
sugar	refined-sugar
sugar-apple	annon
sugar-sorghum	sorgo
suggest	advise,hint,propose
sugi	cryptomeria-japonica,japan-cedar,japanese-cedar
suicide	self-annihilation,self-destruction
suidae	family-suidae
suit	befit,causa,fit,suit-of-clothes
suit-of-clothes	suit
suitable	suited
suitably	appropriately,befittingly,fitly,fittingly
suitcase	bag,grip,traveling-bag,travelling-bag
suite	rooms
suited	suitable
suitor	suer,wooer
sula	genus-sula
sula-bassana	solan
sulfa	sulfa-drug,sulfonamide,sulpha
sulfa-drug	sulfa,sulpha
sulfonamide	sulfa,sulpha
sulfur	sulphur
sulfurous	acerb,acrid,sultry
sulk	sulkiness
sulkiness	sulk
sulky	gloomy,sluggish
sullen	dark,dour,glowering,glum,moody,morose,saturnine,sour
sullenly	dourly,glumly
sully	duc-de-sully,maxmilien-de-bethune
sulpha	sulfa,sulfa-drug,sulfonamide
sulphur	sulfur
sulphurous	acerb,acrid,sultry
sultan	grand-turk
sultanate-of-oman	oman
sultry	stifling,sulfurous,sulphurous
sum	amount,amount-of-money,sum-of-money
sum-of-money	amount,sum
sum-up	summarize,summary
sumac	shumac,sumach
sumach	sumac
summarise	summarize
summarize	resume,sum-up,summarise
summary	sum-up
summation	rundown
summer	summertime
summerhouse	gazebo
summersault	somersault
summerset	somersault
summertime	summer
summing-up	rundown
summon	cite,mobilize,muster,summons
summons	summon
sump	cesspit,cesspool,sink
sumptuous	opulent
sun	sunday,sunlight
sun-hat	sunhat
sun-helmet	topee
sun-protection-factor	spf
sunbaked	parched
sunbeam	sunray
sunblind	awning,sunshade
sunday	dominicus,lord's-day,sun
sundown	sunset
sundry	assorted,miscellaneous,mixed,motley
sunfish	mola
sunflower-state	kansas,ks
sung	song,song-dynasty,sung-dynasty
sung-dynasty	sung
sunglasses	shades
sunhat	sun-hat
sunk	done-for,ruined,undone,washed-up
sunken	deep-set,recessed
sunlight	sun,sunshine
sunlit	sunstruck
sunna	hadith,sunnah
sunnah	hadith,sunna
sunni	sunni-islam
sunni-islam	sunni
sunny	cheery,gay
sunray	sunbeam
sunset	sundown
sunshade	awning,sunblind
sunshine	sunlight
sunshine-state	fl,florida
sunstruck	sunlit
suntanned	bronzed,tanned
sunup	aurora,break-of-day,break-of-the-day,dawn,dawning,daybreak,first-light,morning
suomi	finnish
sup	swallow
super	a-one,ace,crack,first-rate,tiptop,top-notch,topnotch,tops
superb	brilliant
superbly	marvellously,marvelously,terrifically,toppingly,wonderfully,wondrous,wondrously
supercede	supersede,supplant
supercilious	haughty,snide,sniffy
supercilium	eyebrow
supererogatory	excess,extra
superfluous	excess,extra
superhigh-frequency	shf
superhighway	freeway,pike,thruway
superintend	supervise
superintendence	supervision
superior	victor
superman	elvis
supernumerary	excess,extra
supersede	replace,supercede,supervene-upon,supplant
supersonic	ultrasonic
superstition	superstitious-notion
superstitious-notion	superstition
supervene-upon	supersede,supplant
supervise	manage,monitor,oversee,superintend
supervising	supervision
supervision	oversight,superintendence,supervising
supine	resupine
supplant	replace,supercede,supersede,supervene-upon
supple	limber,lissom,lithe
supplement	append
suppliant	petitioner
supplicant	petitioner
supplication	prayer
supply	cater,furnish,ply,provide,render
support	affirm,back-up,confirm,defend,endorse,endure,tolerate
supporter	assistant,garter,jock
suppose	guess,opine,reckon,say,speculate
supposedly	purportedly
suppress	conquer,crush,curb,inhibit,stamp-down,subdue
suppuration	ichor,pus,sanies
supra	above
supremacy	domination,mastery
supreme-being	god
supreme-truth	aum
sur	tyre
sura	calf
surcharge	rob
surd	hard,unvoiced,voiceless
sure	certain,certainly,surely,trusted
sure-as-shooting	certainly,surely
sure-enough	certainly,surely
surely	certainly,for-certain,for-sure,sure,sure-as-shooting,sure-enough
sureness	assurance,confidence
surf	breaker,breakers
surface	come-out
surface-to-air-missile	sam
surge	billow,heave,scend,soar
surgeon	operating-surgeon,sawbones
surgery	or
surgical-gown	scrubs
surging	billowing,billowy
surly	ugly
surmise	suspect
surmount	outdo,surpass
surnia	genus-surnia
surpass	exceed,excel,outdo,outgo,outmatch,outperform,outstrip,surmount
surplus	excess,extra,nimiety,surplusage
surplusage	surplus
surrender	cede,give-up
surreptitious	furtive,sneaky
surround	besiege,border,environ,ring,skirt,smother
surrounding	circumferent,encompassing
surroundings	milieu
survey	appraise,study
survival	endurance
survive	endure,go,hold-out,hold-up,last,live,live-on,outlive
survivor	subsister
sus	genus-sus
sus-scrofa	pig
susa	sousse,susah
susah	sousse,susa
susiana	elam
suslik	citellus-citellus,souslik
suspect	defendant,distrust,fishy,surmise
suspender	gallus
suspensor	jock
suspicion	hunch,intuition
suspicious	fishy,leery
suspire	breathe,sigh
suss-out	check
sustain	affirm,confirm,keep-up,nourish,prolong,suffer
sutura	fibrous-joint,suture
suture	sutura
suv	sport-utility,sport-utility-vehicle
svelte	lissom,lithe,slender,slight,slim,urbane
sverige	sweden
sw	sou'-west,southwest,southwestward
swab	dab,swob
swaddle	swathe
swag	booty,careen,droop,loot,lurch,sag,stagger
swage	upset
swagger	cock,groovy,prance,ruffle,sashay,strut,tittup
swaggering	haughty,sniffy
swain	beau,boyfriend,fellow,young-man
swallow	get-down,sup,unsay
swamp	flood,swampland
swampland	swamp
swampy	boggy,marshy,miry,mucky,muddy,quaggy,sloppy,sloughy
swan	aver,roam,rove,wander
swank	flaunt,swanky
swanky	swank
swap	barter,switch,swop,trade
sward	greensward,sod,turf
swarm	pour,pullulate,stream,teem
swart	dark-skinned,dusky,swarthy
swarthy	dark-skinned,dusky,swart
swash	boast,brag
swath	belt
swathe	swaddle
sway	persuade,rock,shake
swayback	dipped
swaybacked	dipped
swayer	ruler
swbs	southwest-by-south
swbw	southwest-by-west
swear	aver,blaspheme,curse,cuss,imprecate,rely,trust
swearing	oath
swearword	oath
sweat	exertion,perspiration,sudor
sweat-room	sauna
sweat-suit	sweats
sweater	jumper
sweats	sweat-suit,sweatsuit,workout-suit
sweatsuit	sweats
sweden	kingdom-of-sweden,sverige
swedish-nightingale	lind
sweeney-todd	todd
sweep	brush,expanse,span
sweep-over	whelm
sweet	dessert,dulcet,sweetly
sweet-basil	basil
sweet-cicely	myrrh
sweet-sorghum	sorgo
sweet-talk	coax
sweetener	bait
sweetheart	lulu
sweetly	sweet
sweetsop	annon
swell	dude,fop,sheik
swelled	big,vainglorious
swelled-head	egotism
swellhead	egotist
swelling	bulge,hump
swerve	curve,cut,sheer,slew,slue,trend,veer,yaw
swift	fleet
swiftly	fleetly
swig	draft,draught,gulp,slog,slug
swill	pigswill,pigwash,slop,slops
swimmer	bather
swimming	naiant
swimmingly	smoothly
swindle	bunco,defraud,diddle,gip,goldbrick,nobble,rook,scam,victimize
swing	dangle,lilt
swinge	singe
swinging	swingy
swingy	lilting,swinging,tripping
swinish	oafish,piggy
swipe	filch,pilfer,snarf
swirl	eddy,purl,twirl,whirl,whirlpool
swish	classy,lap,posh,swoosh,swosh
swiss	swiss-people
swiss-chard	chard
swiss-people	swiss
switch	exchange,shift,swap,switch-over
switch-over	switch
swivel	pivot
swob	dab,mop,swab
swollen	vain
swollen-headed	vain
swoon	conk,faint,pass-out
swoop	pounce
swoosh	swish,swosh
swop	barter,swap,trade
sword	blade,brand,steel
sworn	pledged
swosh	lap,swish,swoosh
swot	dweeb,grind,nerd,wonk
sybaritic	luxurious
sycophant	toady
syllabus	curriculum
sylphlike	lissom,lithe
sylva	silva
sylvan	silvan
sylvia-plath	plath
symbolic	emblematic,emblematical,symbolical
symbolical	symbolic
symbolise	symbolize
symbolize	represent,stand-for,symbolise,typify
symmetric	symmetrical
symmetrical	symmetric
symmetricalness	symmetry
symmetry	balance,correspondence,symmetricalness
sympathetic	kindly
sympathy	understanding
symphonic-music	symphony
symphony	symphonic-music
sync	synchronise,synchronize
synchro	selsyn
synchronise	sync
synchronize	sync
synge	j,john-millington-synge
synonym	equivalent-word
synopsis	precis
syntax	phrase-structure,sentence-structure
synthetic	man-made,semisynthetic
syph	lues,lues-venerea,pox,syphilis
syphilis	lues,syph
syphon	siphon
syria	syrian-arab-republic
syrian-arab-republic	syria
syrup	sirup
syrupy	cloying,honied,saccharine,treacly
system-of-macrophages	mps
systematically	consistently
szell	george-szell
t	thyroxine,tonne
t'ai-chi	taichi
t'ai-chi-chuan	taichi
ta	tantalum
taal	afrikaans,south-african-dutch
tab	chit,lozenge,pill,tablet
tabby	brinded,brindle,brindled
tabi	tabis
tabis	tabi
table	defer,postpone,shelve,tabular-array,tabulate
table-linen	napery
tablet	pad,tab
taboo	forbidden,out,prohibited,proscribed,tabu,verboten
tabor	tabour
tabour	tabor
tabu	forbidden,out,prohibited,proscribed,taboo,verboten
tabular-array	table
tabularise	tabulate
tabularize	tabulate
tabulate	table,tabularise,tabularize
tabun	ga
tacca	genus-tacca
tacca-leontopetaloides	pia
tacca-pinnatifida	pia
tach	tachometer
tachometer	tach
tacit	silent,understood
taciturnly	mutely,silently
tack	assemble
tack-together	assemble
tacker	staple-gun,staplegun
tackiness	sleaze
tackle	take-on,undertake
tacky	brassy,cheap,flash,flashy,garish,gaudy,gimcrack,loud
tact	tactfulness
tactfulness	tact
tactic	maneuver,manoeuvre,tactics
tactics	tactic
tactile	haptic,tactual
tactual	haptic,tactile
tad	shade
tadalafil	cialis
tadpole	polliwog,pollywog
tadzhik	tajik
taegu	tegu
taenia	tenia
taft	president-taft,william-howard-taft
tag	chase,rag,tatter,ticket
tag-end	rag,tatter
tagged	labeled,labelled
tagger	tagging-program
tagging-program	tagger
taguan	flying-cat,flying-marmot,petaurista-petaurista
tagus	tagus-river
tagus-river	tagus
tai	siamese,thai
tai-chi	taichi
tai-chi-chuan	taichi
tai-long	shan
taichi	t'ai-chi,t'ai-chi-chuan,tai-chi,tai-chi-chuan,taichichuan
taichichuan	taichi
tail	chase,poop
tail-bone	coccyx
tail-coat	tails
tailcoat	tails
tailor	orient
tailored	trim
tails	dress-suit,full-dress,tail-coat,tailcoat,white-tie,white-tie-and-tails
taint	contamination
taipan	oxyuranus-scutellatus
taira	eira-barbara,tayra
taiwan	china,nationalist-china,republic-of-china
taiwanese	amoy
tajik	tadzhik,tajiki
tajiki	tajik
takahe	notornis,notornis-mantelli
take	choose,consume,get-hold-of,ingest,lead,necessitate,proceeds,remove,require,select
take-a-breath	breathe
take-a-chance	gamble
take-a-firm-stand	insist
take-a-hop	bounce
take-away	remove
take-back	unsay
take-chances	gamble
take-down	demean,lower,rase,raze
take-flight	flee
take-for	deem
take-for-granted	assume,presume
take-hold	hold
take-hold-of	grab
take-in	consume,dupe,earn,gull,imbibe,ingest,overhear
take-issue	disagree
take-off	deduct,subtract
take-on	tackle
take-out	except,exclude,extract,omit,unpack
take-over	usurp
take-part	participate
take-place	come-about,fall-out,go-on,hap,happen,occur,pass,pass-off
take-stock	scrutinize
take-the-stand	testify
take-to-be	regard-as,repute
take-to-task	berate,chide,rebuke,scold
take-up	imbibe,sorb
taken	interpreted
taken-up	haunted
takeoff	parody,sendup,spoof
takeover	putsch
takin	budorcas-taxicolor,gnu-goat
taking	fetching,winning
takings	proceeds
talc	talcum
talcum	talc,talcum-powder
talcum-powder	talcum
tale	fib,narration,narrative,story
talebearing	leaky
talent	endowment,gift,natural-endowment
talented	gifted
talisman	amulet
talk	blab,lecture,speak
talk-about	discourse,discuss
talk-terms	negotiate
talkative	blabby,gabby,talky
talker	speaker
talkie	talking-picture
talking-picture	talkie
talks	dialogue,negotiation
talky	chatty,gabby,garrulous,loquacious,talkative
tall	marvelous
tall-growing	leggy
tallis	prayer-shawl,tallith
tallith	tallis
tallness	height
tally	correspond,counting,match,run
taloned	clawed
talus	anklebone,astragal,astragalus,scree
talwin	pentazocine
tam	tam-o'-shanter,tammy
tam-o'-shanter	tam,tammy
tamburlaine	timur
tame	tamed
tamed	tame
tamerlane	timur
tamias	genus-tamias
tamias-striatus	hackee
tamil-eelam	eelam
tamil-tigers	ltte
tamm	igor-tamm,igor-yevgeneevich-tamm
tammy	tam,tam-o'-shanter
tamp	tamper,tamping-bar
tamper	fiddle,meddle,monkey,tamp
tamping-bar	tamp
tamus	genus-tamus
tan	topaz
tanacetum-vulgare	tansy
tanach	hebrew-scripture,tanakh
tanakh	hebrew-scripture,tanach
tandem	in-tandem
tandy	jessica-tandy
taney	roger-brooke-taney,roger-taney
tang	flavor,nip,piquance,piquancy,piquantness,savour,tanginess,zest
tange	kenzo-tange
tangelo	ugli
tanginess	tang
tangled	tortuous
tangy	lemonlike,lemony,sourish,tart
tank	armored-combat-vehicle,armoured-combat-vehicle,army-tank
tank-ship	oiler,tanker
tanker	oil-tanker,oiler,tank-ship
tanned	bronzed,suntanned
tansy	golden-buttons,scented-fern,tanacetum-vulgare
tantalise	taunt
tantalization	teasing
tantalize	taunt
tantalum	ta
tantra	tantrism
tantrism	tantra
tanzimul-fuqra	fuqra
taoism	daoism
tap	solicit
tap-house	tavern
tapa	tappa
tape	taping
tape-recording	taping
taper	candle,wick
taper-off	fizzle
tapestry	arras,tapis
taphouse	pub
taping	tape,tape-recording
tapioca-plant	gari
tapis	tapestry
tappa	tapa
taproom	bar,ginmill,saloon
taps	lights-out
tar	pitch,seaman
tar-heel-state	nc
taradiddle	bosh,fib,tosh
tarawa	makin,tarawa-makin
tarawa-makin	makin,tarawa
tarboosh	fez
tarchanoff-phenomenon	gsr
tardily	slowly
tardy	belated,late
target	mark,objective,prey
tariff	duty
tarmac	macadam,tarmacadam
tarmacadam	tarmac
taro	cocoyam,dalo,dasheen,edda,eddo,taro-root
taro-plant	dalo
taro-root	taro
tarot	tarot-card
tarot-card	tarot
tarp	tarpaulin
tarpan	equus-caballus-gomelini
tarpaulin	tarp
tarpon	tarpon-atlanticus
tarpon-atlanticus	tarpon
tarradiddle	bosh,fib,tosh
tarry	footle,hang-around,lallygag,loaf,loiter,lollygag,lounge,mess-about,pitchy,resiny
tart	bawd,lemonlike,lemony,sourish,tangy,whore
tartan	plaid
tartarean	hadean
task	chore,labor,project,undertaking
tasse	tasset
tasset	tasse
tasso	torquato-tasso
taste	savor,savour
tat	intertwine,sleaze
tate	allen-tate,john-orley-allen-tate
tater	irish-potato,murphy,potato,spud,white-potato
tati	jacques-tati,jacques-tatischeff
tatou	giant-armadillo,priodontes-giganteus,tatu
tatter	rag,shred,tag,tag-end
tatterdemalion	tattered
tattered	tatterdemalion
tattle	blab,singing,telling
tattling	leaky
tatty	brassy,cheap,flash,flashy,garish,gaudy,gimcrack,loud,shabby
tatu	giant-armadillo,priodontes-giganteus,tatou
tatum	art-tatum,arthur-tatum
tau-minus-particle	tauon
taunt	bait,cod,rag,razz,tantalise,tantalize,tease,twit
taunting	mocking,twit
tauon	tau-minus-particle
taupe	fuscous
taurus	salim
taut	tight
tautog	blackfish,tautoga-onitis
tautoga-onitis	tautog
tautogolabrus-adspersus	cunner
tavern	tap-house
taw	shooter
tawdriness	glitz
tawdry	brassy,cheap,flash,flashy,garish,gaudy,gimcrack,loud
tawny	tawny-brown
tawny-brown	tawny
tax	revenue-enhancement,taxation
tax-deduction	deduction
tax-write-off	deduction
taxable	nonexempt
taxation	tax
taxi	cab,hack,taxicab
taxicab	taxi
taxidriver	cabby
taximan	cabby
taxing	burdensome,onerous
taxon	taxonomic-category,taxonomic-group
taxonomic-category	taxon
taxonomic-group	taxon
taxus	genus-taxus
tayra	eira-barbara,taira
tazicef	fortaz
tb	tbit,tebibyte,terabyte,tib
tbit	tb,terabit
tc	trusteeship-council
tce	trichloroethane,trichloroethylene
tchad	chad,republic-of-chad
tdt	ephemeris-time,terrestrial-time,tt
te	si,ti
tea-caddy	caddy
tea-cart	teacart
tea-trolley	teacart
tea-wagon	teacart
teacart	tea-cart,tea-trolley,tea-wagon
teach	instruct,learn
teacher	instructor
teaching	education,instruction,pedagogy
teak	tectona-grandis
teal	blue-green,bluish-green,cyan
team	squad
team-spirit	morale
tear	binge,bust,rupture,snap
tear-down	rase,raze
tearaway	madcap
tearful	weeping
tearing	vehement
tearing-down	razing
tears	crying,weeping
teary	teary-eyed,watery-eyed
teary-eyed	teary
tease	badger,beleaguer,bug,minx,pester,taunt,teasing,vexer
teased	titillated
teaser	vexer
teasing	ribbing,tantalization,tease
teat	mamilla,mammilla,nipple,pap,tit
tebet	tevet
tebibit	tibit
tebibyte	tb,tib
tec	detective,investigator,police-detective
tech	technical-school
techie	tekki
technical	proficient
technical-knockout	tko
technical-school	tech
technologist	engineer
technology	engineering
techy	cranky,fractious,irritable,nettlesome,peckish,peevish,pettish,petulant
tectona-grandis	teak
ted	teddy-boy
ted-shawn	shawn
teddy	chemise,shift,shimmy,slip
teddy-boy	ted
tedious	boring,deadening,dull,ho-hum,irksome,slow,tiresome,wearisome,wordy
tediousness	tedium
tedium	boredom,ennui,tediousness,tiresomeness
tee	teeing-ground
teeing-ground	tee
teem	pullulate,swarm
teen	adolescent,teenage,teenaged,teenager
teenage	adolescent,teen,teenaged
teenaged	teen,teenage
teenager	adolescent,stripling,teen
teensy	bittie,bitty,teensy-weensy,teentsy,teeny,wee,weensy,weeny
teensy-weensy	bittie,bitty,teensy,teeny,wee,weensy,weeny
teentsy	bittie,bitty,teensy,teeny,wee,weensy,weeny
teeny	bittie,bitty,teensy,teensy-weensy,teentsy,wee,weensy,weeny
teepee	tepee,tipi
teeter	seesaw,totter
teeter-totter	seesaw
teeterboard	seesaw
teetertotter	seesaw
teeth	dentition
teff	eragrostic-abyssinica,eragrostis-tef,teff-grass
teff-grass	teff
tegu	taegu
tegument	cutis,skin
teiid	teiid-lizard
teiid-lizard	teiid
tekki	techie
telamon	atlas
telco	phone-company,phone-service,telephone-company,telephone-service
telecast	televise
telecasting	television,tv
telegram	wire
telegraph	telegraphy
telegraphically	tersely
telegraphy	telegraph
telemetry-intelligence	telint
telephone	phone,telephone-set
telephone-company	telco
telephone-service	telco
telephone-set	phone,telephone
teleprinter	telex
teletype-machine	telex
teletypewriter	telex
televise	telecast
television	telecasting,telly,tv,video
television-receiver	telly
television-set	telly
telex	teleprinter,teletype-machine,teletypewriter,telex-machine
telex-machine	telex
telfer	telpher
telint	telemetry-intelligence
tell	distinguish,enjoin,order,recount,say
tell-apart	discern,distinguish
telling	cogent,revealing,tattle,telltale
telltale	telling
telly	boob-tube,goggle-box,idiot-box,television,television-receiver,television-set,tv,tv-set
telpher	telfer
temblor	earthquake,quake,seism
temerity	audaciousness,audacity
temp	temporary,temporary-worker
temper	irritation,mood,pique
temperamental	moody
temperature-reduction	cooling
tempestuous	raging
tempestuousness	unrest
template-rna	mrna
tempo	pacing
temporal	worldly
temporalty	laity
temporary	impermanent,temp
temporary-worker	temp
tempra	acetaminophen,anacin-iii,datril,panadol,phenaphen,tylenol
tempt	entice,lure
temptation	enticement
temptingness	allure
tenable	well-founded
tenacious	dogged
tenaciously	doggedly
tenancy	occupancy
tenant	renter
tench	tinca-tinca
tend	be-given,incline,lean,run
tendency	disposition,inclination,trend
tender	affectionate,bid,crank,cranky,fond,lovesome,sore,tippy,warm
tender-loving-care	tlc
tenderness	affection
tending	aid,attention,care
tendon	sinew
tendrac	tenrec
tenement	tenement-house
tenement-house	tenement
tenet	dogma
tenia	fillet,taenia
tennessee	tn
tennis	lawn-tennis
tennis-shoe	sneaker
tenno	mikado
tenrec	tendrac
tenseness	tension
tension	stress,tenseness
tent	collapsible-shelter,encamp
tentative	probationary,provisional,provisionary
tenth-cranial-nerve	vagus
tenting	bivouacking,camping,encampment
tenure	incumbency,term-of-office
tepee	teepee,tipi
tepid	lukewarm
tera	pidlimdi,yamaltu
terabit	tbit
terabyte	tb,tib
terahertz	thz
teras	monster
terazosin	hytrin
terce	tierce
tercel	tercelet,tiercel
tercelet	tercel
terefah	tref
teres	teres-muscle
teres-muscle	teres
term-of-office	tenure
termes	genus-termes
terminal	depot,final,terminus
terminate	end
terminated	ended
termination	ending,outcome
terminus	depot,terminal
terms	footing
terpsichore	dancing
terpsichorean	dancer
terra-firma	ground
terrace	patio
terrestrial-time	tdt
terrible	awful,dire,direful,dread,dreaded,dreadful,fearful,fearsome,severe
terribly	awful,awfully,frightfully
terrific	wonderful,wondrous
terrifically	superbly,wondrously
territorial-dominion	district,territory
territory	district,dominion,territorial-dominion
terror	affright,panic
terrorist-group	fto
terrorist-organization	fto
terry	terry-cloth,terrycloth
terry-cloth	terry
terrycloth	terry
terse	crisp,curt,laconic
tersely	telegraphically
tertiary	third
tertry	battle-of-tertry
terylene	dacron
tesla	nikola-tesla
test	essay,exam,examine,prove,trial,try,try-out
testa	episperm,seed-coat
tested	tried,well-tried
testicle	ball,ballock,bollock,egg,nut,orchis,testis
testify	attest,bear-witness,take-the-stand
testily	irritably,pettishly,petulantly
testimonial	tribute
testis	ball,ballock,bollock,egg,nut,orchis,testicle
testy	cranky,fractious,irritable,nettlesome,peckish,peevish,pettish,petulant
tetchy	cranky,fractious,irritable,nettlesome,peckish,peevish,pettish,petulant
tether	leash
tethys	aplysia,genus-aplysia,genus-tethus
teton	lakota,teton-dakota,teton-sioux
teton-dakota	teton
teton-sioux	teton
tetrahydrocannabinol	thc
tetraiodothyronine	thyroxine
tetrao	genus-tetrao
teucrium-marum	marum
tevere	tiber
tevet	tebet
texas	lone-star-state,tx
texas-armadillo	peba
text	textual-matter
textile	cloth,fabric,material
textual-matter	text
th	thorium,thursday
thai	siamese,tai
thailand	siam
thallium	tl
thank	give-thanks
thankful	grateful
tharp	twyla-tharp
that-is-to-say	namely,viz
thaumaturgy	magic
thaw	dethaw,dissolve,melt,unfreeze,unthaw
thb	bachelor-of-theology
thc	tetrahydrocannabinol
thd	doctor-of-theology
the-alps	alps
the-great-unwashed	masses
the-least-bit	at-all
the-nazarene	christ,jesus,savior
the-pits	hell
the-right-way	properly
the-states	america,united-states,us
the-tempter	devil,lucifer,satan
the-venerable-bede	baeda,beda,bede
the-virgin	mary
thea	theia
theater	house,theatre
theatre	house,theater
theatrical-role	persona
theft	larceny,stealing,thievery,thieving
theia	thea
theist	theistic,theistical
theistic	theist
theistical	theist
theme	stem,subject,topic
then	and-so,and-then,so
thenal	thenar
thenar	palm,thenal
thence	hence,therefore,therefrom,thus
thenceforth	thereafter
theobroma-cacao	cacao
theodolite	transit
theologian	theologiser,theologist,theologizer
theologiser	theologian
theologist	theologian
theologizer	theologian
theology	divinity
theoretic	theoretical
theoretical	theoretic
theoretical-account	framework,model
theorise	speculate
theorize	speculate
therapeutic	alterative,curative,healing,remedial,sanative
therapist	healer
there	at-that-place,in-that-location,thither
thereafter	thenceforth
therefore	hence,so,thence,thus
therefrom	thence,thereof
therein	in-that,in-this
thereof	therefrom
thereon	on-it,on-that
thereto	to-it,to-that
thermal	caloric,thermic
thermic	thermal
thermocouple	thermocouple-junction
thermocouple-junction	thermocouple
thermonuclear-warhead	nuke
thespian	actor
thibet	tibet
thick	chummy,midst,slurred,stocky
thicken	inspissate
thicket	brush,brushwood,coppice,copse
thickly	densely
thickly-settled	populous
thickset	stocky
thief	stealer
thieve	glom
thievery	theft
thieving	theft,thievish
thievish	thieving
thigh-slapper	wow
thighbone	femur
thin	dilute,sparse
thin-out	dilute
thin-skinned	feisty
thing	affair,matter
thingamabob	doodad
thingumabob	doodad
think	cerebrate,cogitate,guess,intend,opine,recall,reckon,recollect,remember
think-of	regard-as,remember,repute
think-over	meditate,mull,muse,ponder
thinking	cerebration,intellection,mentation,thought,thought-process
thiothixene	navane
third	tertiary
third-stomach	omasum
thirst	crave,thirstiness
thirstily	eagerly
thirstiness	thirst
thirteen	xiii
thirty	xxx
thirty-five	xxxv
thirty-four	xxxiv
thirty-nine	ixl
thirty-one	xxxi
thirty-seven	xxxvii
thirty-six	xxxvi
thirty-three	xxxiii
thirty-two	xxxii
this-evening	tonight
this-night	tonight
thither	there
thm	master-of-theology
thole	oarlock,peg,pin,rowlock,tholepin
tholepin	thole
thomas-bayes	bayes
thomas-carew	carew
thomas-clayton-wolfe	wolfe
thomas-j	hanks
thomas-kid	kyd
thomas-kyd	kyd
thomas-mann	mann
thomas-nast	nast
thomas-paine	paine
thomas-reid	reid
thomas-wolfe	wolfe
thong	lash
thorax	chest,pectus
thorium	th
thorn	irritant
thorny	barbed,barbellate,briary,briery,bristled,bristly,burred,burry
thoroughly	exhaustively
thou	chiliad,g,grand,k,m,one-thousand,thousand,yard
thought	idea,opinion,thinking
thought-process	thinking
thoughtfulness	musing,reflection
thousand	chiliad,g,grand,k,m,one-thousand,thou,yard
thraldom	slavery
thrall	slavery
thralldom	slavery
thrash	drub,flail,lam,lick,mosh,thresh
thrash-about	thresh
thrashing	lacing
thread	ribbon,yarn
threadbare	banal,trite
threader	bodkin
threads	duds,togs
threat	menace
threaten	endanger,imperil,jeopardise,jeopardize,menace,peril
threatening	ominous,sinister
three	iii,trey,trine
three-bagger	triple
three-banded-armadillo	apar
three-base-hit	triple
three-card-monte	monte
three-dimensional	cubic
three-fold	twofold
three-hundred	ccc
threefold	twofold
threescore	lx,sixty
threesome	trine
threnody	dirge
thresh	convulse,jactitate,slash,thrash,thrash-about,thresh-about,toss
thresh-about	thresh
threshold	brink,doorway,limen
thrift	parsimoniousness,parsimony,penny-pinching
thrill	bang,boot,charge,flush,kick,rush,shiver
thrip	thripid,thrips
thripid	thrip,thrips
thrips	thrip,thripid
thrive	boom,expand,flourish
thriving	booming,flourishing,palmy,prospering,prosperous,roaring
throat	pharynx
throb	pulsate,pulse,shiver
throng	concourse,multitude
throstle	mavis
throttle	accelerator,confine,strangle,throttle-valve
throttle-valve	throttle
through	done
through-with	done
throughout	passim
throughway	freeway,pike,thruway
throw	cast,shed
throw-away	shed
throw-off	shed
throw-out	discard,dispose,expel,oust
throw-overboard	forfeit
throwaway	flier,flyer,gamin
thrower	potter
thrown	thrown-and-twisted
thrown-and-twisted	thrown
thrum	strum
thrust	jabbing,lunge,poking
thrusting	jabbing,poking
thruway	expressway,freeway,motorway,pike,state-highway,superhighway,throughway
thud	clump,clunk,thump,thumping
thug	goon,hood,hoodlum,punk,strong-armer,tough,toughie
thuja	genus-thuja
thule	ultima-thule
thulium	tm
thumb	ovolo,pollex
thump	beat,clunk,pound,thud
thumping	clunk,thud
thunder	boom,roar,roaring,scag,skag
thunderbolt	bolt
thurible	censer
thurify	cense
thursday	th
thus	hence,so,thence,therefore,thusly
thus-far	heretofore,hitherto
thusly	so,thus
thwack	smack
thwart	baffle,bilk,cross,foil,frustrate,queer,scotch,spoil
thwarted	foiled
thwartwise	transverse
thymus	thymus-gland
thymus-gland	thymus
thyroid	thyroid-gland
thyroid-gland	thyroid
thyromegaly	goitre
thyrotrophic-hormone	tsh
thyrotrophin	tsh
thyrotropic-hormone	tsh
thyrotropin	tsh
thyroxin	thyroxine
thyroxine	t,tetraiodothyronine,thyroxin
thz	terahertz
ti	si,te
tib	tb,tebibyte,terabyte
tiber	tevere
tibet	sitsang,thibet,xizang
tibia	shin,shin-bone,shinbone
tibit	tebibit
tibur	tivoli
tical	baht
tick	ticking
ticker	stock-ticker
ticket	tag
ticking	tick
tickle	tickling,titillation
tickling	tickle,tingling
ticklish	touchy
tidal-bore	aegir,eagre
tidbit	choice-morsel,titbit
tiddler	child,kid,tike,tyke,youngster
tiddly	potty,tipsy
tidings	intelligence,news,word
tidy	goodish,goodly,healthy,hefty,kempt,respectable,sizable,sizeable
tie	bind,connect,linkup,necktie
tie-in	associate,link,linkup,relate
tie-tack	tiepin
tied	laced,trussed
tiepin	scarfpin,tie-tack
tierce	terce,trine
tiercel	tercel
tiff	bicker,bickering,fuss,pettifoggery,spat,squabble
tiffin	lunch
tiger	panthera-tigris
tigers	ltte
tight	mingy,taut
tighten	fasten
tights	leotards
tiglon	tigon
tigon	tiglon
tike	boor,child,kid,minor,nipper,shaver,small-fry,tiddler,youngster
til-now	heretofore,hitherto
tilapia-nilotica	bolti
tilia	genus-tilia
till	cashbox,money-box
tillable	arable
tiller	cultivator
tilt	angle,controversy,joust,lean,slant,tip
tilted	atilt,canted,leaning,tipped
tilting-board	seesaw
tim-leary	leary
timber	lumber,timbre
timbre	quality,timber,tone
time	clip,metre
time-being	nonce
time-interval	interval
time-out	respite
time-period	period
time-tested	tried
time-to-come	future
timeworn	banal,trite
timidly	bashfully,shyly
timorous	trepid
timothy-francis-leary	leary
timothy-leary	leary
timur	tamburlaine,tamerlane,timur-lenk
timur-lenk	timur
tin	can,sn
tin-can	can
tinca	genus-tinca
tinca-tinca	tench
tinct	tinge,tint,touch
tincture	tint,vestige
tinea	genus-tinea
tined	pronged
tineid	tineid-moth
tineid-moth	tineid
ting	tinkle
tinge	mite,tinct,undertone
tingle	prickle
tingling	tickling,titillating
tink	chink,clink,tinkle
tinker	mess-around,monkey,monkey-around,muck-about,muck-around,potter,putter
tinker's-dam	shucks
tinker's-damn	shucks
tinkle	chink,clink,ting,tink
tinkling	tinkly
tinkly	tinkling
tinned	canned
tinny	cheesy,crummy
tinsnips	snips
tint	shade,tinct,tincture,tone
tiny	bantam,diminutive,flyspeck,lilliputian,midget,petite
tip	lean,tilt
tip-truck	dumper,tipper
tipi	teepee,tepee
tipped	atilt,canted,leaning,tilted
tipper	dump-truck,dumper,tip-truck,tipper-lorry,tipper-truck
tipper-lorry	dumper,tipper
tipper-truck	dumper,tipper
tipple	draught
tippy	crank,cranky,tender
tipster	tout
tipsy	potty,tiddly
tiptop	a-one,ace,crack,first-rate,super,top-notch,topnotch,tops
tipu	pride-of-bolivia,tipu-tree,yellow-jacaranda
tipu-tree	tipu
tire	bore,sap,tyre
tired	banal
tiredly	wearily
tiredness	fatigue
tiresome	boring,irksome,tedious
tiresomeness	tedium
tiring	exhausting,wearing,wearying
tiro	beginner,initiate,novice,tyro
tirol	tyrol
tit	boob,bosom,breast,knocker,teat,titty
titan-arum	krubi
titbit	tidbit
titer	titre
titi	titi-monkey
titi-monkey	titi
titillated	teased
titillating	erotic,tingling
titillation	tickle
titlark	pipit
title	deed,rubric,statute-title
title-holder	champ,champion
titled	coroneted,highborn
tito	josip-broz,marshal-tito
titre	titer
titter	giggle
tittle	shred,whit
tittle-tattle	gab,gabble,gossip
tittup	prance,swagger
titty	boob,bosom,breast,knocker,tit
titus	epistle-to-titus
titus-livius	livy
tivoli	tibur
tizzy	dither,flap,fuss,pother
tko	technical-knockout
tl	thallium
tlc	tender-loving-care
tm	thulium
tmv	tobacco-mosaic-virus
tn	tennessee,volunteer-state
tnf	tumor-necrosis-factor,tumour-necrosis-factor
tnt	trinitrotoluene
to-a-fault	overly,too
to-a-great-extent	heavily
to-a-lesser-extent	less
to-a-lower-place	below,beneath
to-be-sure	no-doubt
to-do	commotion
to-each-one	apiece,each
to-it	thereto
to-no-degree	nowise
to-that	thereto
to-that-degree	insofar
to-that-extent	insofar
to-the-full	fully
to-the-lowest-degree	least
to-wit	namely,viz
toad	anuran,batrachian,frog,salientian,toad-frog
toad-frog	frog,toad
toady	ass-kisser,crawler,lackey,sycophant
toast	goner
tobacco	baccy
tobacco-mosaic-virus	tmv
tobacco-pipe	pipe
tobey	mark-tobey
tobin	james-tobin
tobit	book-of-tobit
tobramycin	nebcin
toby	toby-fillpot-jug,toby-jug
toby-fillpot-jug	toby
toby-jug	toby
tocology	ob
tocsin	warning-bell
today	now
todd	sweeney-todd
toddler	tot
toddy	hot-toddy
toddy-palm	kitul
todea	genus-todea
todus	genus-todus
toff	nob
toffee	brittle,toffy
toffy	brittle,toffee
tofu	bean-curd
tog	clothe,dress,enclothe,fit-out,garb,garment,habilitate,raiment
togo	togolese-republic
togolese-republic	togo
togs	duds,threads
toil	dig,drudge,fag,grind,labor,labour,moil,travail
toilet	bathroom,can,john,lav,lavatory,privy
toiling	drudging,laboring,labouring
tojo	tojo-eiki,tojo-hideki
tojo-eiki	tojo
tojo-hideki	tojo
token	item,nominal
tokenish	nominal
tokio	capital-of-japan,edo,japanese-capital,tokyo,yeddo,yedo
tokyo	capital-of-japan,edo,japanese-capital,tokio,yeddo,yedo
tolerance	leeway
tolerate	bear,brook,digest,endure,stand,stick-out,stomach,support
toll	cost,price
tollon	toyon
tolu	balsam-of-tolu,tolu-balsam
tolu-balsam	tolu
tolypeutes-tricinctus	apar
tom	gobbler,tom-turkey,tomcat,turkey-cock
tom-hanks	hanks
tom-paine	paine
tom-turkey	tom
tomb	grave
tomcat	tom
tomentum	fuzz
tomfool	fool
tomfoolery	lunacy
tommyrot	bosh
tomtit	blue-tit,parus-caeruleus
ton	net-ton,short-ton
tonal	tonic
tone	intone,timbre,tint,tone-of-voice,tonus
tone-of-voice	tone
tongs	pair-of-tongs
tongue	clapper,glossa,lingua
tongueless	mute
tonic	bracing,brisk,fresh,refreshful,refreshing,soda,tonal
tonic-solfa	solfa
tonicity	tonus
tonight	this-evening,this-night
tonne	metric-ton,mt,t
tons	dozens,gobs,heaps,loads,lots,piles,rafts,scads,scores,slews,stacks,wads
tonsil	faucial-tonsil,palatine-tonsil,tonsilla
tonsilla	tonsil
tonus	tone,tonicity
tony-blair	blair
too	also,as-well,excessively,overly,to-a-fault
too-generous	lavish
too-much	overmuch
tool	dick,peter,putz
toon	animated-cartoon,cartoon
toona	genus-toona
toot	bender,booze-up,carousal,carouse
tooth-doctor	dentist
tooth-enamel	enamel
toothed	erose
toothsome	yummy
top	crown
top-boot	buskin
top-executive	baron,mogul
top-hat	topper
top-notch	super,tiptop,tops
topaz	tan
topcoat	greatcoat,overcoat
tope	stupa
topee	pith-hat,pith-helmet,sun-helmet,topi
toper	drinker,imbiber,juicer
topi	damaliscus-lunatus,sassaby,topee
topic	subject,theme
topknotted	tufted
topmost	upmost
topnotch	super,tiptop,tops
topographic-point	place,spot
topper	beaver,dress-hat,high-hat,opera-hat,silk-hat,stovepipe,top-hat
toppingly	superbly,wondrously
topple	tumble
tops	a-one,ace,crack,first-rate,super,tiptop,top-notch,topnotch
topsy-turvy	jumbled
topsy-turvydom	chaos
topsy-turvyness	chaos
topv	opv,oral-poliovirus-vaccine,sabin-vaccine
toque	pillbox,turban
toradol	acular
torah	laws
tore	torus
torino	turin
torment	agony,anguish,torture
torn	lacerate,lacerated,mangled
torpedo	gunman
torpid	inert,sluggish,soggy
torpidity	torpor
torpor	torpidity
torquato-tasso	tasso
torr	millimeter-of-mercury,mm-hg
torrent	deluge
torrid	ardent,fervent
torsk	brosme-brosme,cusk
torso	body,trunk
tort	civil-wrong
tortuous	byzantine,convoluted,involved,knotty,tangled,twisty
torture	agony,anguish,excruciate,rack,torment
torus	tore
tosh	baloney,bilgewater,boloney,bosh,drool,humbug,taradiddle,tarradiddle
tosk	tosk-dialect
tosk-dialect	tosk
toss	chuck,discard,dispose,flip,pitch,sky,thresh
toss-away	discard,dispose
toss-out	discard,dispose
tot	bambino,toddler,yearling
total	entire,full
total-heat	enthalpy
totally	all,altogether,completely,entirely,whole,wholly
tote	carryall,holdall,lug,tote-bag
tote-bag	tote
toter	bearer,carrier
totter	teeter
tottering	tottery
tottery	tottering
touch	affect,concern,mite,pertain,rival,tinct
touch-and-go	perilous
touch-off	activate,actuate,spark
touch-on	affect,concern,fix,mend,pertain,repair
touched	moved
touching	affecting,poignant
touchy	delicate,feisty,ticklish
tough	goon,hood,knotty,punk,thug,yob,yobbo,yobo
toughie	goon,hood,poser,punk,thug
toupe	toupee
toupee	toupe
tour	circuit
touraco	turaco
tourer	phaeton,touring-car,tourist
touring-car	tourer
tourist	holidaymaker,tourer
tournament	tourney
tourney	tournament
tousled	disheveled,dishevelled,frowzled,rumpled
tout	boast,brag,tipster
tow	towage
towage	tow
towboat	tower,tug,tugboat
tower	towboat
towering	lofty
townie	towny
towny	townie
toxic-shock	tss
toxic-shock-syndrome	tss
toxicant	poison
toy	plaything
toying	coquetry,dalliance,flirt,flirtation,flirting
toyon	christmas-berry,christmasberry,heteromeles-arbutifolia,photinia-arbutifolia,tollon
tpn	hyperalimentation
trace	follow,retrace,vestige
tracer	tracer-bullet
tracer-bullet	tracer
trachea	windpipe
trachurus-symmetricus	saurel
track	chase,course,cross,path,rails,traverse
track-down	hunt
trackless	untrod
tract	pathway
tracy	spencer-tracy
trade	barter,craft,swap,swop
trade-embargo	embargo
trade-good	commodity
trade-name	brand,marque
trade-route	seaway
trade-stoppage	embargo
trade-union	union
trademark	earmark,hallmark,stylemark
trader	bargainer,dealer,monger
trades-union	union
traditional-knowledge	lore
traducement	calumny
trafficker	vendor
tragedy	calamity,cataclysm,catastrophe,disaster
tragelaphus-angasi	nyala
tragelaphus-eurycerus	bongo
tragelaphus-scriptus	guib
tragic	tragical
tragical	tragic
tragulus-javanicus	napu
trail	chase,drag,drop-back,drop-behind,get-behind,hang-back
trailer	prevue
train	railroad-train
training	grooming,preparation
traitor	treasonist
tram	streetcar,tramcar,trolley,trolley-car
tramcar	streetcar,tram
trammel	confine,shackle
tramp	hike,hiker,hiking,hobo,plod,roam,rove,trudge,wander
tramper	hiker
trample	tread
trance	enchantment,spell
trandolapril	mavik
tranquil	calm,placid
tranquility	serenity
tranquillity	serenity
transcend	exceed
transcript	copy
transfer	conveyance,transferral,transport,transportation
transfer-rna	trna
transferral	transfer
transfix	impale
transience	brevity
transit	theodolite
transition	conversion,passage
translate	interpret,render
transmigrate	migrate
transmissible	ancestral,genetic
transmission-channel	channel
transmission-time	trm
transmit	communicate,convey
transmitted	genetic
transmitter	sender
transmitting-aerial	antenna
transparent	crystal-clear,crystalline,filmy,gauzy,limpid,lucid,pellucid
transport	carry,ecstasy,enchant,rapture,shipping,transfer
transportation	shipping,transfer
transpose	commute
transude	exude
transversal	transverse
transverse	cross,thwartwise,transversal
transverse-flute	flute
trap	ambush,bunker,gob,maw,pin,snare
trapa	genus-trapa
trapped	at-bay,cornered,treed
trapshooting	skeet
trash	chalk,chicken-feed,crank,deoxyephedrine,glass,meth,methamphetamine,methedrine,tripe
trash-barrel	ashbin,ashcan,dustbin
trash-bin	ashbin,ashcan,dustbin
trash-can	ashbin,ashcan,dustbin
trashy	brassy,cheap,flash,flashy,garish,gaudy,gimcrack,loud
trauma	harm,injury
travail	exertion,toil
trave	crossbeam,crosspiece,traverse
travel	go,locomote,move
travel-rapidly	hurry
traveler	traveller
traveling-bag	suitcase
traveller	traveler
travelling-bag	suitcase
traverse	cover,cross,cut-across,cut-through,get-across,get-over,pass-over,span,track,trave
travesty	farce,parody,sendup,spoof
trawl	dragnet,trawl-net
trawl-net	trawl
treacherous	punic
treachery	betrayal
treacle	glop
treacly	syrupy
tread	stride,trample
treason	betrayal,high-treason,lese-majesty
treasonist	traitor
treasure	cherish,gem
treasure-trove	trove
treasured	precious,wanted
treasury	exchequer
treat	deal,do-by,goody,handle,regale
treatment	discussion,intervention
treaty	accord,pact
treble	soprano,twofold
tree-stump	stump
treed	at-bay,cornered,trapped
treetop	crown
tref	nonkosher,terefah
trefoil	clover
trema	genus-trema
trematode	fluke
trematode-worm	fluke
trembling	shaky,shivering
tremendous	enormous,wonderful,wondrous
tremendously	hugely
tremor	shudder
tremulous	quavering
trench-mortar	mortar
trend	swerve,tendency,veer,vogue
trendy	voguish
trent	trento
trento	trent
trepid	fearful,timorous
tress	braid,plait,twist
trey	three
trf	protirelin,trh
trh	protirelin,trf
triad	common-chord,trine
trial	run,test
tribe	clan,kin,kin-group,kindred,kinship-group
tribe-bovini	bovini
tribunal	court
tribute	testimonial
trice	blink-of-an-eye,flash,heartbeat,instant,jiffy,split-second,twinkling,wink
trichlormethiazide	naqua
trichloroethane	tce
trichloroethylene	tce
trick	fast-one
trick-up	prink
trickery	guile,wile
trickily	foxily,slyly
trickle	dribble
tricksy	crafty,dodgy,foxy,sly
tricky	crafty,cunning,dodgy,foxy,guileful,knavish,slick,sly
tricycle	trike
tried	tested,time-tested,tried-and-true
tried-and-true	tried
trier	attempter,essayer
trifle	dally,small-beer,trivia,triviality
trig	clean-cut,trim
triga	genus-triga
trigger	activate,actuate,gun-trigger,spark
trigger-happy	vehement
trigger-off	activate,actuate,spark
triggerman	gunman
trigonum-cerebrale	fornix
trike	tricycle,velocipede
trilby	fedora,felt-hat,homburg,stetson
trill	shake,warble
trilled	rolling
trim	lop,pare,reduce,tailored,trig
trim-back	reduce
trim-down	reduce
trimox	amoxicillin,amoxil,augmentin,larotid,polymox
trine	iii,leash,three,threesome,tierce,triad,trio,troika
tringa	genus-tringa
trinitrotoluene	tnt
trinket	bangle,bauble,fallal,gaud,gewgaw,novelty
trio	trine
triolein	olein
triops	genus-triops
trip	activate,actuate,spark
tripe	applesauce,codswallop,folderol,rubbish,trash,trumpery,wish-wash
triple	three-bagger,three-base-hit
tripping	swingy
tristan-tzara	tzara
trite	banal,commonplace,hackneyed,old-hat,shopworn,stock,threadbare,timeworn
triticum-dicoccum	emmer
triticum-durum	durum
triticum-spelta	spelt
triticum-turgidum	durum
triton	newt
triumph	exult,gloat,victory
triumphal	exultant,jubilant
triumphant	exultant,jubilant
trivia	small-beer,trifle,triviality
trivial	fiddling,footling,lilliputian,little,niggling,petty,piddling,piffling
triviality	trifle,trivia
trm	transmission-time
trna	acceptor-rna,soluble-rna,transfer-rna
troika	trine
trolley	streetcar,tram
trolley-car	streetcar,tram
trollop	hussy,slut
trooper	cavalryman
troops	military-personnel,soldiery
trope	figure,figure-of-speech,image
trophy	prize
tropic	tropical
tropical	tropic
tropical-rain-forest	selva
tropical-sprue	sprue
trot	clip,jog
troth	plight
trouble	bother,cark,difficulty,disturb,problem
trouble-oneself	bother
troubling	disturbing
trough	gutter,manger
trounce	beat,berate,chide,flog,lash,rebuke,scold,whip
trouncing	lacing
troupe	company
trouser	pant
trove	treasure-trove
troy	ilion,ilium
troy-ounce	ounce
truancy	hooky
truant	awol
truce	armistice,cease-fire
truck	motortruck
trudge	footslog,pad,plod,slog,tramp
true-cat	cat
true-cedar	cedar
true-fir	fir
true-frog	ranid
true-heath	erica
true-pine	pine
true-sparrow	sparrow
trueness	loyalty
truly	genuinely,really,sincerely
trump	cornet,horn,trumpet
trumpery	frill,tripe
trumpet	cornet,horn,trump
trumpeter	herald
trumping	ruff
trunk	torso
trunk-road	highroad
trunks	short-pants,shorts
truss	corbel
trussed	tied
trust	bank,entrust,hope,reliance,rely,swear
trusted	sure
trustee	legal-guardian
trusteeship-council	tc
trustworthy	trusty
trusty	trustworthy
truth	accuracy
try	assay,attempt,effort,essay,seek,test
try-out	test
tryout	audition
tryst	assignation
tsar	czar,tzar
tsetse	glossina,tsetse-fly,tzetze,tzetze-fly
tsetse-fly	tsetse,tzetze
tsh	thyrotrophic-hormone,thyrotrophin,thyrotropic-hormone,thyrotropin
tshiluba	luba
tsine	banteng,banting,bos-banteng
tsk	tut,tut-tut
tss	toxic-shock,toxic-shock-syndrome
tsuga	genus-tsuga
tt	micronesia,tdt
tub	bath,bathing-tub,bathtub,vat
tuba	bass-horn,sousaphone
tubby	dumpy,podgy,pudgy,roly-poly
tube	metro,subway,tubing
tube-shaped	tubular
tubelike	tubular
tuber	genus-tuber
tubing	tube
tubular	cannular,tube-shaped,tubelike,vasiform
tuck	insert,rapier
tucker	exhaust
tucker-out	exhaust
tucket	fanfare,flourish
tudor	house-of-tudor
tues	tuesday
tuesday	tues
tufa	tuff
tuff	tufa
tuffet	footrest,footstool,ottoman
tuft	tussock
tufted	crested,topknotted
tug	lug,towboat
tugboat	towboat
tuition	tuition-fee
tuition-fee	tuition
tully	cicero,marcus-tullius-cicero
tum	breadbasket,stomach,tummy
tumble	crumble,topple
tumescent	turgid
tumid	erect,turgid
tummy	breadbasket,stomach,tum
tumor	neoplasm,tumour
tumor-necrosis-factor	tnf
tumour	neoplasm,tumor
tumour-necrosis-factor	tnf
tumult	garboil,ruckus,rumpus,tumultuousness,uproar
tumultuousness	tumult,uproar
tuna	anguilla-sucklandii,tunny
tune	air,line,melodic-line,melodic-phrase,melody,strain
tuneful	melodious
tuner	radio,radio-receiver,radio-set,receiving-set,wireless
tung	aleurites-fordii,tung-oil-tree,tung-tree
tung-oil-tree	tung
tung-tree	tung
tunga	genus-tunga
tunga-penetrans	chigoe
tungus	evenk
tunic	tunica
tunica	adventitia,tunic
tunis	capital-of-tunisia
tunnel	burrow
tunny	tuna
tup	ram
tupaia	genus-tupaia
tupek	sealskin-tent,tupik
tupik	sealskin-tent,tupek
turaco	touraco,turacou,turakoo
turacou	turaco
turakoo	turaco
turban	toque
turbid	cloudy,mirky,muddy,murky
turbinate	volute
turbofan	fanjet
turbofan-engine	fanjet
turbojet	fanjet
turbojet-engine	fanjet
turbot	psetta-maxima
turbulent	roiled,roiling,roily
turd	crap,dirt,poop,shit,shite
turdus	genus-turdus
turdus-merula	merl,merle,ousel,ouzel
turdus-migratorius	robin
turdus-philomelos	mavis
turf	greensward,sod,sward
turf-out	eject
turgid	intumescent,puffy,tumescent,tumid
turin	torino
turkey	meleagris-gallopavo
turkey-cock	tom
turki	turkic,turkic-language,turko-tatar
turkic	turki
turkic-language	turki
turko-tatar	turki
turmoil	convulsion,upheaval
turn	bout,grow,plow,reverse,sour,sprain
turn-back	dispel,revert
turn-down	spurn
turn-on	depend-on
turn-out	eject,prove,turn-up
turn-over	delve,dig,roll
turn-tail	lam
turn-up	come-out,fold,locate,prove,turn-out
turned-on	randy,steamy
turner	food-turner
turning-away	avoidance
turnix	genus-turnix
turnout	getup,siding
turnup	cuff
turpentine	turps
turps	oil-of-turpentine,spirit-of-turpentine,turpentine
turquoise	aqua
turret	gun-enclosure,gun-turret
tush	arse,backside,bum,buns,butt,buttocks,can,nates
tusk	ivory
tussah	antheraea-mylitta,tusseh,tusser,tussore,tussur
tusseh	antheraea-mylitta,tussah,tusser,tussore,tussur
tusser	antheraea-mylitta,tussah,tusseh,tussore,tussur
tussle	dogfight,hassle,rough-and-tumble,scuffle
tussock	tuft
tussore	tussah,tusseh,tusser,tussur
tussur	antheraea-mylitta,tussah,tusseh,tusser,tussore
tut	tsk,tut-tut
tut-tut	tsk,tut
tutor	coach,private-instructor
tutsi	watusi,watutsi
tutu	ballet-skirt
tux	black-tie,dinner-jacket,tuxedo
tuxedo	black-tie,dinner-jacket,tux
tv	telecasting,television,telly,video
tv-set	telly
twaddle	gabble
twain	brace,couple,couplet,distich,duad,dyad,pair,span,twosome,yoke
twang	nasal-twang
twat	cunt,jackass,puss,pussy,slit,snatch
tweak	pinch,pluck
twee	dainty,mincing,niminy-piminy,prim
tweedy	homespun,nubbly,nubby,slubbed
tweet	pinch
twelve	dozen,xii
twelve-noon	midday,noon
twelvemonth	year,yr
twenties	mid-twenties
twenty	xx
twenty-eight	xxviii
twenty-five	xxv
twenty-five-percent	quarter
twenty-four	xxiv
twenty-nine	xxix
twenty-one	xxi
twenty-seven	xxvii
twenty-six	xxvi
twenty-three	xxiii
twenty-two	xxii
twerp	twirp,twit
twice	doubly
twice-baked-bread	rusk
twiddle	twirl,whirl
twig	branchlet,sprig
twiggy	twiglike
twiglike	twiggy
twilight	dusk,gloam,nightfall,twilit
twilit	dusky,twilight
twilled	corded
twin	duplicate,matching,twinned
twin-towers	wtc
twine	enlace,entwine,interlace,intertwine,lace,string
twinge	pang,pinch,stab
twinkle	flash,sparkle
twinkling	instant,jiffy,trice
twinkly	smiling
twinned	matching,twin
twins	gemini,gemini-the-twins
twirl	birl,swirl,twiddle,whirl
twirler	baton-twirler,hurler,pitcher
twirp	twerp,twit
twist	braid,sprain,squirm,tress,worm,wrench,wrestle,wriggle,writhe
twisted	distorted,misrepresented,perverted
twisting	twisty
twisty	tortuous,twisting,voluminous,winding
twit	taunt,taunting,twerp,twirp
twitch	jerk,pinch
two	deuce,ii
two-bagger	double
two-base-hit	double
two-baser	double
two-dimensional	planar
two-dimensionality	flatness
two-fold	twofold
two-footed	biped
two-grain-spelt	emmer
two-piece	bikini
two-toed-sloth	unai,unau
twofold	double,dual,three-fold,threefold,treble,two-fold
twoscore	forty,xl
twosome	couple,duad,dyad,twain
twyla-tharp	tharp
tx	lone-star-state,texas
tycho-brahe	brahe
tycoon	baron,mogul
tying	ligature
tyke	boor,child,kid,minor,nipper,shaver,small-fry,tiddler,youngster
tylenol	datril,tempra
tympan	drum,membranophone
tyne	river-tyne,tyne-river
tyne-river	tyne
type-i-diabetes	iddm
type-ii-diabetes	niddm
typewriting	typing
typha	genus-typha
typhus	typhus-fever
typhus-fever	typhus
typic	emblematic,exemplary
typical	distinctive
typify	epitomise,epitomize,symbolize
typing	typewriting
typo	erratum,literal,literal-error,misprint,typographical-error
typographical-error	typo
tyr	tyrr
tyranny	absolutism,authoritarianism,caesarism,despotism,dictatorship,monocracy,one-man-rule,shogunate
tyrant	autocrat,despot
tyre	sur,tire
tyro	beginner,initiate,novice,tiro
tyrol	tirol
tyrr	tyr
tyson	michael-gerald-tyson,mike-tyson
tyto	genus-tyto
tzar	czar,tsar
tzara	samuel-rosenstock,tristan-tzara
tzetze	glossina,tsetse,tsetse-fly,tzetze-fly
tzetze-fly	tsetse,tzetze
u	america,britain,congress,uk,united-states,us,usa,usacil,usaf
u-boat	submarine
uca	genus-uca
udder	bag
ufo	flying-saucer
ugli	tangelo,ugli-fruit
ugli-fruit	ugli
ugly	frightful,horrible,slimy,surly,vile
ugrian	ugric
ugric	ugrian
uhf	ultrahigh-frequency
uighur	uigur,uygur
uigur	uighur,uygur
uk	britain,great-britain,u,united-kingdom
uke	ukulele
ukulele	uke
ulaanbaatar	kulun,urga
ulama	ulema
ulan-bator	kulun,urga
ulcer	ulceration
ulceration	ulcer
ulema	ulama
ulex	genus-ulex
ulex-europaeus	furze,gorse
ull	ullr
ullr	ull
ulmus	genus-ulmus
ulna	elbow-bone
ult	ultimo
ultima-thule	thule
ultimately	at-last,at-long-last,finally,in-the-end
ultimo	ult
ultra	extremist,radical
ultrahigh-frequency	uhf
ultrasonic	supersonic
ultraviolet	uv
ultraviolet-light	uv
ultraviolet-radiation	uv
ululate	wail,yaup
ululation	howl
ulva	genus-ulva
uma	genus-uma
umbilicus	navel
umbrageous	shadowy,shady
umlaut	diaeresis,dieresis
umma	islam-nation,islamic-ummah,muslim-ummah,ummah
umma-tameer-e-nau	utn
ummah	islam-nation,islamic-ummah,muslim-ummah,umma
ump	umpire
umpire	ump
umpteen	umteen
umteen	umpteen
un	united-nations
unaccented	atonic
unaffected	unmoved
unagitated	calm
unai	choloepus-didactylus,two-toed-sloth,unau
unaired	airless
unambiguously	uniquely
unanimous	consentaneous,consentient
unanimously	nem-con,nemine-contradicente
unappareled	unclad
unappeasable	grim
unarm	disarm
unasked	unsolicited
unattired	unclad
unau	choloepus-didactylus,two-toed-sloth,unai
unavoidable	ineluctable,inescapable
unaware	incognizant
unbalanced	crazy
unbarred	unlocked
unbecoming	indecent
unbelievable	incredible
unbelievably	incredibly
unbelieving	skeptical
unbend	relax,straighten
unbent	straight,unbowed
unbleached	undyed
unbolted	unlocked
unbowed	unbent
unbrace	unlace,untie
unbroken	kept
uncalled-for	needless
uncanny	eldritch,unearthly,weird
uncase	undress
unceasing	eonian,eternal
uncertain	incertain,unsure
uncertainness	uncertainty
uncertainty	doubt,precariousness,uncertainness
unchained	untied
unchewable	sinewy
unciform-bone	hamate
uncivilised	barbaric
uncivilized	barbaric
unclad	unappareled,unattired,undressed,ungarbed,ungarmented
unclean	dirty,impure,soiled
uncloak	unmask
unclothe	undress
unco	outstandingly,remarkably,unusually
uncolored	undyed
uncomely	indecent
uncomplete	incomplete
unconditionally	flatly
unconditioned-reflex	reflex
unconnected	garbled
uncounted	countless,myriad
uncouth	coarse,vulgar
uncover	bring-out,reveal,unveil
uncovering	baring,discovery
unction	balm,smarm
unctuous	smarmy,soapy
uncut	full-length,unmown
undepicted	unpictured
under	nether
under-the-weather	ailing,peaked,unwell
undercover-agent	spy
underdrawers	boxers,shorts
underground	belowground,metro,subway
underline	emphasise,emphasize,underscore
underlying	implicit-in,inherent
undermine	counteract,countermine,sabotage,subvert,weaken
underscore	underline
underside	bottom
understand	see
understanding	agreement,apprehension,discernment,savvy,sympathy
understood	tacit
undersurface	bottom
undertake	attempt,set-about,tackle
undertaking	project,task
undertone	tinge
underway	afoot
underweight	scrawny,skinny,weedy
underworld	hades,scheol
undirected	afloat,aimless
undischarged	owing
undone	sunk
undoubtedly	doubtless,doubtlessly
undress	discase,disrobe,peel,strip,strip-down,uncase,unclothe
undressed	unclad
undue	excessive
undulate	flap
undyed	unbleached,uncolored
unearthly	uncanny,weird
unease	disquiet,malaise,uneasiness
uneasily	anxiously,apprehensively
uneasiness	malaise,unease
uneasy	queasy
uneconomical	wasteful
unending	eonian,eternal
unequal	inadequate
unequaled	unique
unequalled	unique
uneven	odd,spotty
unexpended	remaining
unexpressed	unsaid
unfair	unjust
unfavorable-judgment	criticism
unfeignedly	sincerely
unfettered	untied
unfirm	shifting
unfitting	inappropriate,incompatible,out-or-keeping
unflawed	flawless
unfledged	callow
unfold	blossom,blossom-forth,blossom-out
unforesightful	myopic
unforgiving	grim
unfortunately	alas,regrettably,unluckily
unfreeze	thaw,unthaw
ungainly	clumsy,clunky,gawky,unwieldy
ungarbed	unclad
ungarmented	unclad
ungodly	iniquitous,sinful
ungracefully	woodenly
ungraciously	woodenly
ungratified	restless
unguent	balm
unguis	horny-structure
ungulate	hoofed,hooved
ungulated	hoofed,hooved
unhappily	sadly
unhappiness	sadness
unharmed	unhurt
unheeding	heedless
unhinge	cark
unhinged	crazy
unholy	demonic,diabolic,diabolical,fiendish,hellish,infernal,satanic
unhorse	dismount
unhurt	unharmed,unscathed,whole
uniat	uniate,uniate-christian
uniate	uniat
uniate-christian	uniat
unification	fusion
unified	incorporate,incorporated,integrated,merged
unify	merge,mingle,unite
unilluminated	unlit
unimaginative	stereotyped
uninterrupted	continuous
uninvolved	degage,detached
unio	genus-unio
union	brotherhood,labor-union,marriage,mating,trade-union,trades-union
union-of-burma	burma
unique	alone,unequaled,unequalled,unparalleled
uniquely	unambiguously
unit	unit-of-measurement
unit-of-measurement	unit
unite	combine,merge,unify
united	joined
united-arab-republic	egypt
united-kingdom	britain,uk
united-mexican-states	mexico
united-nations	un
united-states	america,the-states,u,us,usa
united-states-air-force	usaf
united-states-army	usa
united-states-congress	congress
united-states-marines	usmc
united-states-navy	usn
uniting	merger
unity	ace,integrity,oneness,wholeness
universal	cosmopolitan,ecumenical,general,oecumenical,world-wide,worldwide
universal-time	gmt
universe	cosmos,creation,existence,macrocosm,world
unix	unix-operating-system,unix-system
unix-operating-system	unix
unix-system	unix
unjust	unfair
unkept	broken
unkeyed	atonal
unkind-person	meany
unknown	stranger,unsung
unlace	unbrace,untie
unlatched	unlocked
unlax	loosen-up,make-relaxed,relax,unstrain,unwind
unlearned	ignorant
unleavened-bread	matzo
unlettered	ignorant
unlighted	unlit
unlike	different,dissimilar
unlimited	limitless
unlit	lightless,unilluminated,unlighted
unload	discharge,drop,drop-off,put-down,set-down
unlocked	unbarred,unbolted,unlatched,unsecured
unluckily	alas,unfortunately
unlucky	luckless
unmannered	rude
unmannerly	rude
unmask	uncloak
unmatched	unpaired
unmated	unpaired
unmerciful	merciless
unmistakable	apparent,evident,plain
unmoved	unaffected,untouched
unmown	uncut
unnecessary	unneeded
unneeded	unnecessary
unnerve	faze
unnerving	formidable
unnilquadium	unq
unnumberable	countless,myriad
unobserved	unseen
unopen	closed,shut
unorthodoxy	heresy
unpack	take-out
unpaired	odd,unmatched,unmated
unparalleled	unique
unpictured	undepicted
unpitying	pitiless
unpleasant-smelling	stinky
unpolished	gauche
unprogressive	fusty
unq	rf,rutherfordium,unnilquadium
unquestionable	authentic
unquestionably	decidedly,definitely
unquiet	queasy
unreal	artificial
unreasonable	excessive
unregenerate	stubborn
unrelenting	grim,persistent
unremarkable	everyday,mundane
unremarkably	commonly,normally,ordinarily,usually
unrepentant	cussed
unresolved	unsolved
unrest	agitation,ferment,fermentation,tempestuousness
unripe	green,immature,unripened
unripened	unripe
unroll	unwind
unruffled	placid
unruly	boisterous,rambunctious,robustious,rumbustious
unsafe	dangerous
unsaid	unexpressed,unspoken,unstated,unuttered,unverbalised,unverbalized,unvoiced
unsatisfied	restless
unsay	swallow,take-back,withdraw
unscathed	unhurt
unseasoned	untried
unsecured	unlocked
unseeable	invisible
unseeded	unsown
unseemly	indecent
unseen	unobserved
unsettle	faze
unsex	desex,desexualise,desexualize,fix,sterilise,sterilize
unshackled	untied
unshod	unshoed
unshoed	unshod
unsighted	blind
unskillful	botchy
unslaked-lime	calx
unsloped	upright
unsmooth	rough
unsolicited	unasked
unsolved	unresolved
unsophisticated	hick,rustic
unsown	unseeded
unsparing	lavish
unspeakable	awful,indefinable,indescribable,ineffable,untellable,unutterable
unspoken	mute,unsaid
unsporting	foul
unsportsmanlike	foul
unstable	precarious
unstated	unsaid
unstinted	lavish
unstinting	lavish
unstrain	unlax
unsung	obscure,unknown
unsure	incertain,uncertain
unsusceptibility	immunity
unswerving	staunch
untellable	unspeakable
untested	untried
unthaw	dethaw,dissolve,melt,thaw,unfreeze
unthinking	lumpen,lumpish
untie	unbrace,unlace
untied	unchained,unfettered,unshackled
until-now	heretofore,hitherto
untouched	unmoved
untoward	adverse,indecent
untracked	untrod
untried	unseasoned,untested,young
untrod	pathless,roadless,trackless,untracked,untrodden
untrodden	untrod
untrusting	leery
untruth	falsehood,falsity
ununbium	uub
ununhexium	uuh
ununpentium	uup
ununquadium	uuq
ununtrium	uut
unused	fresh
unusual	strange
unusually	outstandingly,remarkably,unco
unutterable	unspeakable
unuttered	unsaid
unvarying	constant
unveil	reveal,uncover
unveiling	debut
unverbalised	unsaid
unverbalized	unsaid
unvoiced	surd,unsaid
unwaveringly	firmly
unwed	unwedded
unwedded	unwed
unwell	ailing,indisposed,peaked,poorly,seedy,sickly,under-the-weather
unwellness	illness,malady,sickness
unwieldy	clumsy,gawky,ungainly
unwind	relax,unlax,unroll,wind-off
unwiseness	folly
unworried	carefree
unworthy	slimy,vile
unwrap	disclose
unwritten	oral
unyielding	dogged
up	upward,upwardly,upwards
up-the-stairs	upstairs
up-to-now	heretofore,hitherto
up-to-the-minute	latest
upbeat	cheerful,pollyannaish
upbraiding	earful
upbringing	rearing
upcoming	coming
upgrade	elevate
upheaval	turmoil
uphill	acclivitous,rising
uphold	bear-on,carry-on,continue,preserve
upkeep	care,maintenance
upland	highland
uplift	elate,intoxicate,lift-up,pick-up
upmost	topmost,uppermost
uppermost	upmost
uppish	bigheaded,persnickety,snooty,snot-nosed,snotty,stuck-up
uppity	overweening
uppp	palatopharyngoplasty,ppp
upraised	lifted
upright	unsloped
uprise	arise,originate,rise,stand-up
uprising	rebellion,revolt
upriver	upstream
uproar	garboil,hubbub,tumult,tumultuousness
uproot	deracinate
upset	disorder,disturb,swage,worried
upshot	consequence,effect,event,issue,outcome,result
upstage	aloof
upstairs	on-a-higher-floor,up-the-stairs
upstart	kip
upstream	upriver
uptake	consumption,ingestion,intake
uptight	edgy,jumpy,restive
upupa	genus-upupa
upward	up,upwardly,upwards
upwardly	up,upward,upwards
upwards	up,upward,upwardly
upwind	weather
uraemic	uremic
ural-mountains	urals
urals	ural-mountains
urarthritis	gout
urban-center	city,metropolis
urban-ii	odo,otho
urbane	polished,refined,svelte
urd	urth
urea	carbamide
uremic	azotemic,uraemic
urex	mandelamine,methenamine
urey	harold-clayton-urey,harold-urey
urga	capital-of-mongolia,kulun,ulaanbaatar,ulan-bator
urge	advocate,exhort,impulse,press,recommend,urge-on
urge-on	urge
urgent	pressing
urgently	desperately
urging	spur
uria	genus-uria
urial	ovis-vignei
urinate	piss
urine	pee,piddle,piss,water,weewee
urmia	orumiyeh
ursus	genus-ursus
ursus-arctos	bruin
ursus-middendorffi	kodiak
urth	urd
urticaria	hives
urtication	hives
urus	aurochs,bos-primigenius
us	america,the-states,u,united-states,usa
us-air-force	usaf
us-army	usa
us-congress	congress
us-marine-corps	usmc
us-navy	usn
us-post-office	po
us-postal-service	usps
us-secret-service	usss
usa	america,army,u,united-states,united-states-army,us,us-army
usable	useable
usacil	u
usaf	air-force,u,united-states-air-force,us-air-force
usage	custom,employment,exercise,usance,use,utilisation,utilization
usance	custom,usage
usbeg	usbek,uzbak,uzbeg,uzbek
usbek	usbeg,uzbak,uzbeg,uzbek
uscb	bureau-of-customs,customs-bureau,customs-service
usda	agriculture,agriculture-department
use	apply,employ,employment,exercise,expend,usage,utilisation,utilization,utilize
useable	functional,operable,operational,usable
useful	utile
usefulness	utility
usher	show
using	exploitation,victimisation,victimization
uskub	skopje,skoplje
usmc	marine-corps,united-states-marines,us-marine-corps
usn	navy,united-states-navy,us-navy
usnea	genus-usnea
usps	us-postal-service
ussr	russia,soviet-union
usss	secret-service,ss,us-secret-service
usually	commonly,normally,ordinarily,unremarkably
usurp	arrogate,assume,seize,take-over
ut	do,doh,gmt,utah
uta	genus-uta
utah	beehive-state,mormon-state,ut
uterine-cervix	cervix
uterus	womb
utile	useful
utilisation	usage,use
utilise	apply,employ,utilize
utility	public-utility,public-utility-company,usefulness
utilization	usage,use
utilize	apply,employ,use,utilise
utmost	extreme,uttermost
utn	umma-tameer-e-nau
utopia	sion,zion
utter	express,give-tongue-to,speak,verbalise,verbalize
uttered	expressed
utterer	speaker
utterly	absolutely,dead,perfectly
uttermost	extreme,utmost
utu	utug
utug	utu
uub	ununbium
uuh	ununhexium
uup	ununpentium
uuq	ununquadium
uut	ununtrium
uv	ultraviolet,ultraviolet-light,ultraviolet-radiation
uveal	uveous
uveous	uveal
ux	uxor
uxor	ux
uxorial	wifely
uygur	uighur,uigur
uzbak	usbeg,usbek,uzbeg,uzbek
uzbeg	usbeg,usbek,uzbak,uzbek
uzbek	usbeg,usbek,uzbak,uzbeg
v	five,volt
va	virginia
vacate	annul,give-up,renounce,repeal,rescind,resign
vacation	holiday
vaccine	vaccinum
vaccinum	vaccine
vacillation	hesitation
vaclav-havel	havel
vacuity	vacuum
vacuous	blank,inane
vacuum	vacuity
vagal	pneumogastric
vagn-walfrid-ekman	ekman
vague	faint,obscure,wispy
vaguely	mistily
vagus	nervus-vagus,pneumogastric,pneumogastric-nerve,tenth-cranial-nerve,vagus-nerve,wandering-nerve
vagus-nerve	vagus
vain	conceited,egotistic,egotistical,futile,self-conceited,swollen,swollen-headed
vainglorious	swelled
vainly	in-vain
valance	pelmet
valance-board	pelmet
valdecoxib	bextra
vale	valley
valet	gentleman,gentleman's-gentleman,man,valet-de-chambre
valet-de-chambre	valet
valiance	heroism,valor,valour
valiancy	heroism,valor,valour
valiant	valorous
validity	cogency,rigor,rigour
valium	diazepam
valley	vale
valley-oak	roble
valley-white-oak	roble
valmy	battle-of-valmy
valor	gallantry,heroism,valiance,valiancy,valorousness,valour
valorous	valiant
valorousness	heroism,valor,valour
valour	gallantry,heroism,valiance,valiancy,valor,valorousness
valsartan	diovan
valse	waltz
valuate	assess,evaluate
valuation	rating
value	assess,evaluate
value-orientation	ethic
value-system	ethic
vamp	minx
vamper	minx
vampire	lamia
van-eyck	eyck
van-gogh	gogh
vane	web
vaned	fledged
vanish	disappear,go-away
vanity	amour-propre,conceit,self-love
vanquish	beat
vantage	advantage
vapid	bland
vapor	vapour
vaporous	filmy,gauzy
vapour	vapor
var	form,strain,variant
varan	monitor,monitor-lizard
variable	varying
variance	discrepancy
variant	var,version
variation	fluctuation,mutant,version
variety	assortment,form,kind,miscellanea,miscellany,mixed-bag,mixture,potpourri,salmagundi,smorgasbord,sort
various	assorted,respective,several
varlet	rascal,rogue
varro	marcus-terentius-varro
vary	alter,change
varying	variable
vas	vessel
vasiform	tubular
vasopressin	adh
vast	brobdingnagian,huge,immense
vastly	immensely
vat	tub
vatic	divinatory,mantic,sibyllic,sibylline,vatical
vatical	mantic,vatic
vatican	vatican-palace
vatican-palace	vatican
vaticination	prophecy
vaticinator	prophet
vault	burial-vault
vault-of-heaven	heavens
vaulted	domed
vaulting	curvet
vaunt	boast,brag
vaux	calvert-vaux
vcr	videocassette-recorder
vd	cupid's-disease,cupid's-itch,dose,social-disease,std,venereal-disease,venereal-infection,venus's-curse
vdu	visual-display-unit
veal	veau
veau	veal
vector-decomposition	decomposition
veda	vedic-literature
vedic-literature	veda
veer	curve,cut,sheer,slew,slue,swerve,trend
veery	hylocichla-fuscescens,wilson's-thrush
veg	vegetable,veggie
vegetable	veg,veggie
veggie	veg,vegetable
vehement	fierce,tearing,trigger-happy,violent
veil	caul
veiling	gauze
vein	vena,venous-blood-vessel
veined	veinlike,venose
veinlike	veined,venose
velban	vinblastine
veld	veldt
veldt	veld
velocipede	trike
velocity	speed
velour	velours
velours	velour
velum	soft-palate
velvet	velvety
velvet-textured	velvety
velvety	velvet,velvet-textured
vena	vein,venous-blood-vessel
venal	bribable,corruptible,dishonest,purchasable
vend	hawk,huckster,monger,peddle,pitch
vendee	buyer
vender	vendor
vending	hawking,peddling,vendition
vendition	vending
vendor	marketer,seller,trafficker,vender
vendue	auction,auction-sale
veneer	facing
venerable	revered
venereal-disease	vd
venereal-infection	vd
venetian-red	sepia
venezia	venice
vengeance	payback,retribution
venial	excusable,forgivable
venice	venezia
venn	john-venn
venom	malice,maliciousness,spite,spitefulness
venose	veined,veinlike
venous-blood-vessel	vein,vena
venous-sinus	sinus
vent	give-vent,ventilate
ventail	camail
venter	abdomen,belly
ventilate	vent
ventilation	airing,breathing
venture	embark
venturesome	daring
venturous	daring
venue	locale
venula	capillary-vein,venule
venule	capillary-vein,venula
venus's-curse	vd
venus-mercenaria	quahog
veps	vepse,vepsian
vepse	veps,vepsian
vepsian	veps,vepse
veranda	gallery,verandah
verandah	veranda
verapamil	calan
verbal-description	description
verbalise	speak,utter
verbalised	expressed
verbaliser	speaker
verbalize	speak,utter
verbalized	expressed
verbalizer	speaker
verbena	vervain
verbose	wordy
verboten	forbidden,taboo,tabu
verdi	giuseppe-verdi
verdict	finding-of-fact
verdin	auriparus-flaviceps
verdun	battle-of-verdun
verge	brink
verify	aver
veritable	authentic
vermillion-rockfish	rasher
vermis	vermis-cerebelli
vermis-cerebelli	vermis
vermont	green-mountain-state,vt
vernacular	argot,jargon,lingo,slang
vernal	young,youthful
verne	jules-verne
verpa	bell-morel
verrucose	warty
verse	poesy,poetry,rhyme
verse-form	poem
versed	intimate,knowledgeable
version	edition,interpretation,variant,variation
verso	reverse
vertebral-column	rachis,spine
vertex	acme,apex
vertical	perpendicular
vertiginous	woozy
vertu	virtu
vervain	verbena
verve	vitality
vervet	vervet-monkey
vervet-monkey	vervet
very	rattling,real,really
very-high-frequency	vhf
very-important-person	vip
very-low-frequency	vlf
very-well	all-right,ok
vesey	denmark-vesey
vesica	bladder
vesicate	blister
vespa	genus-vespa
vespid	vespid-wasp
vespid-wasp	vespid
vessel	vas,watercraft
vest	enthrone,invest
vestal	pure,virgin,virginal,virtuous
vestibule	foyer,lobby
vestige	shadow,tincture,trace
vestry	sacristy
vesture	clothing
vet	veterinarian,veterinary,veterinary-surgeon
veteran	seasoned
veterinarian	vet
veterinary	vet
veterinary-surgeon	vet
veto	forbid,prohibit
vex	annoy,baffle,bother,get-at,get-to,irritate,nark,puzzle,rag,rile
vexation	headache,irritation
vexed	harassed,pestered
vexer	annoyer,tease,teaser
vexing	annoying,bothersome,galling,irritating,nettlesome,pesky,pestering,pestiferous
vhf	very-high-frequency
vi	half-dozen,hexad,sise,six,sixer
via-media	compromise
viable	executable,feasible,practicable,workable
viagra	sildenafil,sildenafil-citrate
vial	ampoule,ampul,ampule,phial
vibe	vibration
vibes	vibraharp,vibraphone
vibraharp	vibes
vibrant	vivacious
vibraphone	vibes
vibration	vibe
vibrio	vibrion
vibrion	vibrio
vicar-of-christ	pope
vice	frailty
vicia	genus-vicia
vicinity	locality,neck-of-the-woods,neighborhood,neighbourhood
vicious	barbarous,brutal,cruel,fell,roughshod,savage
viciously	savagely
victimisation	using
victimization	using
victimize	defraud,gip,swindle
victor	master,superior,winner
victor-franz-hess	hess
victor-hess	hess
victor-horta	horta
victor-hugo	hugo
victor-marie-hugo	hugo
victorious	winning
victory	triumph
vicugna-vicugna	vicuna
vicuna	vicugna-vicugna
vidal	eugene-luther-vidal,gore-vidal
vidar	vithar,vitharr
videlicet	namely,viz
video	television,tv,video-recording
video-recording	video
videocassette-recorder	vcr
videodisc	dvd
videodisk	dvd
vidua	genus-vidua
vie	compete,contend
vienna	austrian-capital,capital-of-austria
vientiane	capital-of-laos,laotian-capital
viet-nam	annam
vietnam	annam
view	consider,opinion,perspective,position,regard,vista
view-as	deem
view-finder	finder
viewer	looker,spectator,watcher,witness
viewfinder	finder
viewpoint	point-of-view,stand,standpoint
vigil	watch
vigilant	wakeful
vigna	genus-vigna
vigna-radiata	mung
vigor	energy,vigour,vim,zip
vigorously	smartly
vigour	energy,muscularity,vigor,vim
vii	seven
viii	eight,octad
vila	capital-of-vanuatu,port-vila
vile	despicable,slimy,ugly,unworthy,worthless,wretched
vilify	revile
village	settlement,small-town
villain	scoundrel
villein	helot,serf
vilna	capital-of-lithuania,vilnius,vilno,wilno
vilnius	vilna,vilno,wilno
vilno	capital-of-lithuania,vilna,vilnius,wilno
vim	energy,muscularity,vigor,vigour
vinaceous	vinous
vinblastine	velban
vinca	genus-vinca
vinca-minor	myrtle
vincent-van-gogh	gogh
vindication	exoneration
vinery	vineyard
vineyard	vinery
vino	wine
vinous	vinaceous
vinyl	vinyl-group,vinyl-radical
vinyl-ether	ether
vinyl-group	vinyl
vinyl-radical	vinyl
viocin	viomycin
viola-da-gamba	gamba
violate	break,go-against,rape
violation	infraction,infringement,misdemeanor,misdemeanour
violence	force
violent	vehement
violent-storm	storm
violet	purple,reddish-blue
violin	fiddle
violoncello	cello
viomycin	viocin
vioxx	rofecoxib
vip	dignitary,high-muckamuck,high-up,panjandrum,very-important-person
vipera	genus-vipera
vipera-berus	adder
virgin	vestal,virgo
virgin-mary	mary
virginal	vestal
virginal-membrane	hymen
virginia	old-dominion,old-dominion-state,va
virginia-woolf	woolf
virgo	virgin,virgo-the-virgin
virgo-the-virgin	virgo
virile	male,manful,manlike,manly
viroid	virusoid
virtu	vertu
virtual	practical
virtually	about,almost,most,near,nearly,nigh,well-nigh
virtue	moral-excellence,virtuousness
virtuoso	maven,mavin,whizz,wiz,wizard
virtuous	vestal
virtuousness	virtue
virusoid	viroid
vis-a-vis	counterpart
visage	countenance,kisser,phiz,smiler
viscid	gluey,glutinous,gummy,mucilaginous,pasty,sticky,viscous
viscosity	viscousness
viscous	gluey,gummy,pasty,sticky,viscid
viscousness	viscosity
viscus	internal-organ
vise	bench-vise
visible	seeable
visible-horizon	horizon
visible-light	light
visible-radiation	light
vision	imagination
visionary	seer
visit	inflict,see,sojourn
visitant	visitor
visitor	visitant
visken	pindolol
visor	bill,eyeshade,peak,vizor
vista	aspect,panorama,prospect,scene,view
vistaril	atarax
visual	ocular,optic,optical
visual-aspect	appearance
visual-display-unit	vdu
visualise	envision,visualize
visualize	envision,fancy,figure,image,picture,project,see,visualise
vital	critical
vital-organ	vitals
vitality	verve
vitals	vital-organ
vitellus	yolk
vithar	vidar
vitharr	vidar
vitiate	mar
vitiated	lessened
vitis	genus-vitis
vitreous-silica	quartz
vituperate	revile
vitus	st
viva	oral,oral-exam,oral-examination,viva-voce
viva-voce	viva
vivacious	vibrant
vivid	graphic,lifelike,pictorial
vividness	chroma
vivien-leigh	leigh
vivification	brio
vivify	animate,quicken,reanimate,recreate,renovate,repair,revive,revivify
viz	namely,that-is-to-say,to-wit,videlicet
vizor	bill,eyeshade,peak,visor
vizsla	hungarian-pointer
vladimir-ilich-lenin	lenin
vladimir-ilich-ulyanov	lenin
vladimir-ilyich-lenin	lenin
vladimir-ilyich-ulyanov	lenin
vladimir-lenin	lenin
vladimir-putin	putin
vlf	very-low-frequency
vocabulary	lexicon
vocal	outspoken,song
vocalisation	vox
vocaliser	singer
vocalism	vox
vocalist	singer
vocalization	vox
vocalizer	singer
vocalizing	singing
vocation	calling,career
vociferation	outcry
vociferous	blatant
vodoun	hoodooism,voodoo,voodooism
vogue	style,trend
voguish	chic,trendy
vogul	mansi
voice	vox
voice-box	larynx
voiced	soft,sonant
voiceless	surd
void	null
voider	clothes-basket,clothes-hamper,laundry-basket
volaille	chicken
volar	palmar
volary	aviary,bird-sanctuary
vole	field-mouse
volga	volga-river
volga-river	volga
volition	will
volley	burst,fusillade,salvo
volt	v
voltage	electromotive-force,emf
voltaic	galvanic,gur
voltaire	arouet,francois-marie-arouet
voluminous	twisty
volunteer-state	tn
voluptuary	luxurious
voluptuous	luxurious
volute	coiling,helical,spiral,spiraling,turbinate,voluted,whorled
voluted	volute
volvox	genus-volvox
vomit	barf,be-sick,cast,cat,disgorge,emesis,emetic,puking,purge,regorge,retch,sick
vomit-up	retch,spew,spue,vomit
vomiting	emesis,puking
vomitive	emetic
vomitus	barf
von-braun	braun
voodoo	fetich,fetish,hoodoo,juju,vodoun
voodooism	vodoun
vote	voting
voter	elector
voting	ballot,balloting,vote
vouch	guarantee
vowel	vowel-sound
vowel-sound	vowel
vox	phonation,vocalisation,vocalism,vocalization,voice
voyage	ocean-trip
vt	green-mountain-state,vermont
vulcanized-fiber	fibre
vulgar	coarse,common,earthy,rough-cut,uncouth
vulgarism	filth,raunch
vulgarity	raunch
vulpecular	vulpine
vulpes	genus-vulpes
vulpine	vulpecular
vultur	genus-vultur
vulval	vulvar
vulvar	vulval
w	auden,loo,quine,watt,wmd,yeats
wa	evergreen-state,washington
wac	women's-army-corps
wackily	daftly
wacko	nutter,whacko
wacky	cockamamie,cockamamy,goofy,sappy,silly,whacky,zany
wad	bundle,chaw,compact,cram,pack,quid
wadding	packing
wader	wading-bird
wading-bird	wader
wads	dozens,heaps,loads,lots,piles,scores,stacks,tons
waffle	hesitate,waver
wag	waggle
wage	earnings,pay,remuneration,salary
wager	bet
wages	payoff,reward
waggle	wag
waggon	beach-waggon,beach-wagon,estate-car,station-waggon,station-wagon,wagon
wagon	waggon
wagram	battle-of-wagram
wahoo	acanthocybium-solandri
wahvey	jhvh,yahve,yahwe,yhvh,yhwh
waif	street-child
wail	howl,mewl,pule,roar,ululate,yaup,yawl
wailful	lamenting,wailing
wailing	bawling,wailful
waist	waistline
waistband	sash
waistcloth	sash
waistline	waist
wait	await
waite	morrison-r,morrison-remick-waite,morrison-waite
waiter	server
waiter's-assistant	busboy
waiting	ready-and-waiting
waive	dispense-with,forego,foreswear,forfeit,forgo,relinquish
waiver	discharge,release
wajda	andrzej-wajda
wake	awaken,waken
wake-up	awaken,waken
wakeful	argus-eyed,open-eyed,vigilant,waking
waken	arouse,awake,awaken,come-alive,wake,wake-up
waking	wakeful
wale	strake,weal,wheal
wales	cambria,cymru
walk	paseo
walk-to	walking
walker	baby-walker,go-cart,zimmer
walking	walk-to
walking-on-air	bliss
walkover	cinch
walkway	paseo
wall	paries,rampart
wallet	billfold,notecase,pocketbook
wallop	whack,wham
wallow	billow
walrus	sea-horse,seahorse
walter-william-skeat	skeat
waltz	valse
wampum	peag,wampumpeag
wampumpeag	peag,wampum
wan	pale,pallid,sick
wand	baton
wander	cast,ramble,roam,roll,rove,stray,swan,tramp
wandering	mobile,roving,winding
wandering-nerve	vagus
wandflower	galax
wane	decline,ebbing,go-down
wangle	finagle,manage
wank	hand-job,jacking-off,jerking-off
wanness	pallor
want	deficiency,desire,lack
wanted	cherished,precious,treasured
wanting	lacking
wanton	easy,light,loose,promiscuous,sluttish
wapiti	american-elk,cervus-elaphus,elk,red-deer
war	warfare
war-paint	makeup
warble	quaver,trill
wardrobe	closet,press
ware	merchandise,product
warehouse	storage-warehouse
warfare	war
warlike	hawkish,militant
warm	fond,tender
warmer	heater
warmheartedness	affection
warming	heating
warmly	cordially,heartily
warmness	affection
warmth	heat
warning-bell	tocsin
warning-signal	alarum
warp	distort,falsify,garble
warragal	dingo
warrant	justify
warrigal	dingo
warriorlike	martial
warsaw	capital-of-poland,warszawa
warszawa	warsaw
wartlike	warty
warty	verrucose,wartlike
wary	leery
wash	laundry,moisten,rinse,washing
wash-hand-basin	lavabo
wash-up	exhaust,lave
washables	laundry
washbasin	lavabo
washbowl	lavabo
washed	water-washed
washed-out	exhausted,faded,fagged,fatigued,washy
washed-up	sunk
washer	automatic-washer,washing-machine
washing	laundry,lavation,wash
washing-machine	washer
washington	american-capital,wa,washington-d
washington-d	washington
washup	bathing
washy	bleached,faded,washed-out
waspish	prickly
waste	blow,squander
wastebin	ashbin,ashcan,dustbin
wasted	bony,gaunt,pinched,squandered
wasteful	uneconomical
wastewater	effluent
wasting	atrophy
wasting-away	atrophy
watch	sentry,vigil
watch-chain	fob
watch-guard	fob
watcher	spectator,viewer
watching	observance,observation
water	urine
water-closet	loo
water-color	watercolor
water-colour	watercolor
water-finder	dowser
water-ice	ice
water-pipe	calean,chicha,hookah,kalian,shisha
water-washed	washed
watercolor	water-color,water-colour,watercolour
watercolour	watercolor
watercourse	stream
watercraft	vessel
watered-silk	moire
waterfall	falls
waterfinder	dowser
waterproofing	sealing
waters	amnionic-fluid,amniotic-fluid
watery	reeking
watery-eyed	teary
wats	wats-line
wats-line	wats
watt	w
wattle	lappet
watts	isaac-watts
watusi	tutsi
watutsi	tutsi
waugh	evelyn-waugh
waul	squall,wawl
wave	beckon,flap,moving-ridge
wavelet	ripple
waver	falter,flicker,flutter,hesitate,waffle
wavering	hesitation
wawl	squall,waul
wax-crayon	crayon
wax-light	candle
waxen	waxlike,waxy
waxlike	waxen,waxy
waxy	waxen,waxlike
way	agency,direction,fashion,manner,means,mode,path,style
way-of-life	path
way-out	exit,kinky,offbeat,quirky
waylay	ambuscade,ambush,bushwhack,lie-in-wait,lurk,scupper
wayne	anthony-wayne,mad-anthony-wayne
ways	shipway,slipway
wayside	roadside
wayward	contrary,obstinate,perverse
wb	weber
wbc	leucocyte,leukocyte,white-blood-cell,white-blood-corpuscle,white-cell,white-corpuscle
wbn	west-by-north
wbs	west-by-south
weak	debile
weaken	undermine
weakened	lessened
weakling	wuss
weakly	debile
weakness	failing
weal	wale,welt,wheal
wealth	wealthiness
wealthiness	wealth
wealthy	affluent,flush,loaded,moneyed
wean	ablactate
weaning	ablactation
weapon	arm,weapon-system
weapon-system	weapon
weaponry	arms
weapons-system	arms
wear	clothing,don,have-on
wearable	clothing
wearied	jaded
wearily	tiredly
weariness	fatigue
wearing	tiring
wearing-apparel	clothes
wearisome	boring,irksome,tedious
weary	aweary
wearying	tiring
weasel-worded	hedged
weather	atmospheric-condition,conditions,upwind,weather-condition
weather-condition	weather
weave	interweave
weaver	weaver-finch,weaverbird
weaver-finch	weaver
weaverbird	weaver
web	network,vane,www
web-log	blog
webb	first-baron-passfield,sidney-james-webb,sidney-webb
webbed	lacy,netlike,netted,webby,weblike
webby	lacy,netlike,netted,webbed,weblike
weber	e,ernst-heinrich-weber,wb
weblike	netlike,netted,webbed,webby
wed	conjoin,espouse,get-hitched-with,get-married,hook-up-with,marry,wedded,wednesday
wedded	wed
wedding	hymeneals,nuptials,wedding-ceremony
wedding-ceremony	wedding
wedge	chock,cuneus,deposit,hacek,wedge-shape
wedge-shape	wedge
wedge-shaped	cuneal
wedged	impacted
wedlock	marriage
wednesday	midweek,wed
wee	bittie,bitty,teensy,teensy-weensy,teentsy,teeny,weensy,weeny
weed	dope,sens,sess
weed-whacker	weeder
weeder	weed-whacker
weeds	widow's-weeds
weedy	boney,scraggy,scrawny,skinny,underweight
week	hebdomad
weensy	bittie,bitty,teensy,teensy-weensy,teentsy,teeny,wee,weeny
weeny	bittie,bitty,teensy,teensy-weensy,teentsy,teeny,wee,weensy
weep	cry
weeping	dolorous,dolourous,lachrymose,tearful,tears
weewee	urine
weft	filling,pick,woof
wei	wei-dynasty
wei-dynasty	wei
weightlifter	lifter
weighty	cogent,obese,rotund
weil	andre-weil
weill	kurt-weill
weird	eldritch,uncanny,unearthly,wyrd
weird-sister	norn
weka	maori-hen,wood-hen
welch	welsh
welfare	public-assistance,social-welfare
welkin	heavens
well	considerably,good,substantially
well-defined	chiseled
well-favored	handsome
well-favoured	handsome
well-founded	tenable
well-grooved	grooved
well-lighted	lighted,lit
well-nigh	almost,nearly,virtually
well-tried	tested
wellness	health
wells	h,herbert-george-wells
welsh	cambrian,cymry,welch
welsh-corgi	corgi
welshman	cymry
welt	flog,lash,weal,wheal,whip
welter	clutter,fuddle,jumble,mare's-nest,muddle,smother
welty	eudora-welty
wen	pilar-cyst,sebaceous-cyst,steatocystoma
wench	bird,chick,dame,doll,skirt
wernher-von-braun	braun
weser	weser-river
weser-river	weser
west	occident
west-by-north	wbn
west-by-south	wbs
west-northwest	wnw
west-southwest	wsw
west-virginia	wv
westward	westwards
westwards	westward
wet	moisture
wet-lung	ards
whack	wallop,wham,whang,whop
whacking	lacing
whacko	wacko
whacky	balmy,barmy,bats,batty,bonkers,buggy,cracked,crackers,goofy,silly,wacky
whale	giant,heavyweight,hulk
whaler	whaling-ship
whaling-ship	whaler
wham	wallop,whack,whop
whammy	hex,jinx
whang	belt,knock,rap,whack
whap	bash,bonk,bop,sock,whop
wharf	dock,pier,wharfage
wharfage	pier,wharf
what-is-more	furthermore,moreover
wheal	wale,weal,welt
wheedle	coax
wheel	bicycle,bike
wheel-spoke	spoke
wheelbarrow	barrow
wheeler	cyclist
wheezing	wheezy
wheezy	asthmatic,wheezing
whelm	overcome,overpower,overtake,overwhelm,sweep-over
whelp	pup
wherefore	why
whet	quicken
whicker	neigh,whinny
whidah	whydah,widow-bird
whiff	puff,puff-of-air,sniff
while	patch,piece,spell
whim	caprice,impulse
whimper	mewl,pule
whimsey	whimsy
whimsicality	whimsy
whimsy	arbitrariness,capriciousness,flightiness,whimsey,whimsicality
whin	furze,gorse,whinstone
whine	creak,screech,snivel,squeak,yawp
whiney	fretful,querulous,whiny
whinny	neigh,nicker,whicker
whinstone	whin
whiny	fretful,querulous,whiney
whip	flog,lash,lather,slash,strap,trounce,welt
whipping	beating
whippy	flexible
whir	birr,whirr,whirring,whiz
whirl	birl,eddy,spin,swirl,twiddle,twirl
whirlpool	eddy,swirl
whirr	birr,churr,whir,whirring,whiz
whirring	birr,whir,whirr
whiskered	bearded
whiskers	beard
whiskery	bearded
whiskey	whisky
whisky	whiskey
whist	long-whist,short-whist
whit	iota,scintilla,shred,smidge,smidgen,smidgeon,smidgin,tittle
white	ashen,whiten
white-aspen	abele
white-blood-cell	wbc
white-blood-corpuscle	wbc
white-cell	wbc
white-corpuscle	wbc
white-house	exec
white-lung	ards
white-poplar	abele
white-potato	potato,tater
white-silk-cotton-tree	kapok
white-sturgeon	hausen
white-tailed-sea-eagle	ern,erne
white-tie	tails
white-tie-and-tails	tails
white-whale	beluga
whitehead	milium
whiten	white
whitey	honky
whitish	milky
whiz	birr,purr,whir,whirr,whizz
whizz	ace,adept,champion,genius,maven,mavin,sensation,virtuoso,whiz,zoom
whizz-along	zoom
whole	altogether,completely,entirely,hale,totally,unhurt,wholly
whole-number	integer
wholeness	unity
wholly	all,altogether,completely,entirely,totally,whole
whoosh	woosh
whop	bash,bonk,bop,sock,whack,wham,whap
whore	bawd,cocotte,cyprian,fancy-woman,harlot,prostitute,tart,working-girl
whorehouse	brothel
whoreson	bastard
whorl	coil,curl,curlicue,gyre,ringlet,roll,scroll
whorled	volute
why	wherefore
whydah	whidah,widow-bird
wi	badger-state,wisconsin
wick	taper
wicked	impish,implike,puckish,severe
wickedly	evilly
wickedness	sin
wicker	caning
wickerwork	caning
wicket	grille,lattice
wickiup	wikiup
wide	broad,spacious
widen	extend
widgeon	wigeon
widget	appliance,contraption,contrivance,convenience,gadget,gismo,gizmo
widow	widow-woman
widow's-weeds	weeds
widow-bird	whidah,whydah
widow-woman	widow
width	breadth
wield	exert,maintain
wife	married-woman
wifelike	wifely
wifely	uxorial,wifelike
wiffle	wiffle-ball
wiffle-ball	wiffle
wifi	wireless-fidelity,wlan
wigeon	anas-penelope,widgeon
wiggle	jiggle,joggle
wiggly	sinuous,wriggling,wriggly,writhing
wight	isle-of-wight
wikiup	wickiup
wild	barbaric,dotty,gaga,raging,risky
wild-cavy	aperea
wild-eyed	quixotic
wild-mango	dika
wild-mango-tree	dika
wild-radish	runch
wild-rape	runch
wildcat	brute,wildcat-well
wildcat-well	wildcat
wilde	oscar-wilde
wilde-dagga	dagga
wildebeest	gnu
wile	chicane,chicanery,guile,shenanigan,trickery
wilful	froward,headstrong,self-willed,willful
wilhelm-von-opel	opel
will	volition
willard-frank-libby	libby
willard-van-orman-quine	quine
willful	wilful
william-blake	blake
william-bligh	bligh
william-butler-yeats	yeats
william-dawes	dawes
william-f	cody
william-frederick-cody	cody
william-henry-gates	gates
william-howard-taft	taft
william-inge	inge
william-kidd	kidd
william-of-occam	occam
william-of-ockham	occam
william-pitt	pitt
william-rose-benet	benet
william-shakespeare	shakespeare
william-shakspere	shakespeare
william-wyler	wyler
willie-howard-mays-jr	mays
willie-mays	mays
willow	willow-tree
willow-tree	willow
willy-nilly	randomly
wilno	capital-of-lithuania,vilna,vilnius,vilno
wilson's-thrush	veery
wilted	limp
wilton	wilton-carpet
wilton-carpet	wilton
wily	crafty,cunning,dodgy,foxy,guileful,knavish,slick,sly
wimble	auger,gimlet,screw-auger
wimpish	wimpy
wimpy	wimpish
win	succeed
win-over	convince
wince	cringe,flinch,funk,quail,recoil,shrink,squinch
winch	windlass
wind	air-current,current-of-air,fart,flatus,hoist
wind-off	unwind
windbreaker	anorak,parka
windcheater	anorak,parka
winded	blown,pursy,short-winded
windfall	bunce,gravy
winding	meandering,rambling,twisty,wandering
windlass	winch
window-glass	pane
window-oyster	capiz
windowpane-oyster	capiz
windpipe	trachea
windscreen-wiper	wiper
windshield-wiper	wiper
windy	blowy,breezy,wordy
windy-city	chicago
wine	vino
wine-maker	winery
wine-palm	kitul
winery	wine-maker
winey	winy
wing	annex,annexe,fender,fly
wing-shaped	alar,alary
wink	blink,flash,instant,jiffy,trice
winker	blinder,blinker
winkle	flash,periwinkle
winner	victor
winning	taking,victorious
winnow	fan
wino	drunk,drunkard,inebriate,rummy,sot
winter	wintertime
wintertime	winter
wintery	wintry
wintry	icy,wintery
winy	winey
wipe	pass-over
wipe-out	erase
wipe-up	mop
wiper	windscreen-wiper,windshield-wiper,wiper-blade
wiper-blade	wiper
wire	telegram
wired	pumped
wireless	radio,tuner
wireless-fidelity	wifi,wlan
wireman	wirer
wirer	wireman
wiry	stringy
wisconsin	wi
wise	knowing,sassy,saucy
wise-men	magi
wise-to	knowing
wisecrack	sally
wisely	sagely
wisent	aurochs,bison-bonasus
wish-wash	tripe
wispy	dim,faint,shadowy,vague
wit	humor,humour,witticism,wittiness
witch	crone,enchantress
witching	magical
with-child	gravid
withal	all-the-same,even-so,however,nevertheless,nonetheless,notwithstanding,still,yet
withdraw	draw-back,move-back,pull-away,pull-back,recede,remove,retire,retreat,unsay
withe	withy
wither	shrink,shrivel,shrivel-up
withered	sere,wizen
withhold	keep-back
within	inside
without-doubt	no-doubt
withstand	defy,hold,hold-up
withy	withe
witness	spectator,viewer
wits	marbles
witticism	wit
wittiness	wit
witting	conscious
witwatersrand	rand
wiz	ace,adept,champion,genius,maven,mavin,sensation,virtuoso
wizard	ace,adept,champion,genius,magical,maven,mavin,sensation,virtuoso
wizardly	magical
wizen	shriveled,shrivelled,shrunken,withered,wizened
wizened	wizen
wlan	wifi,wireless-fidelity
wmd	w
wnw	west-northwest
wobble	coggle
wobbly	rickety,shaky,wonky
wodan	woden
woden	wodan
woe	suffering
woebegone	woeful
woeful	woebegone
wolf	brute
wolfe	thomas-clayton-wolfe,thomas-wolfe
wolff	kaspar-friedrich-wolff
wolfgang-pauli	pauli
wolverine-state	michigan
woman	adult-female
woman-of-the-house	housewife
womb	uterus
women's-army-corps	wac
wonder	curiosity,enquire,inquire,marvel
wonderful	fantastic,grand,howling,marvellous,marvelous,rattling,terrific,tremendous
wonderfully	superbly,wondrously
wondrous	fantastic,grand,howling,marvellous,marvelous,rattling,superbly,terrific,tremendous,wondrously
wondrously	marvellously,marvelously,superbly,terrifically,toppingly,wonderfully,wondrous
wonk	dweeb,grind,nerd,swot
wonky	askew,awry,rickety,shaky,wobbly
wont	habit
wonted	accustomed,customary,habitual
woo	court
wood	forest,woods
wood-coal	charcoal,lignite
wood-hen	weka
wood-nymph	dryad
wood-pewee	peewee,peewit,pewee,pewit
wood-pigeon	cushat
woodborer	borer
wooden-leg	pegleg
woodenly	gracelessly,ungracefully,ungraciously
woodlet	orchard
woodlouse	slater
woods	forest,wood
woodsy	arboraceous,arboreous,woody
woodwork	carpentry
woodworking	carpentry
woody	woodsy
wooer	suer,suitor
woof	filling,pick,weft
wool	fleece,woolen,woollen
woolen	wool,woollen
woolf	virginia-woolf
woolgathering	dreamy,moony
woollen	wool,woolen
woolly	addled,befuddled,lanate,muddled,muzzy,woolly-headed,wooly,wooly-minded
woolly-haired	wooly
woolly-headed	addled,muzzy,woolly
wooly	addled,muzzy,woolly,woolly-haired,wooly-haired
wooly-haired	wooly
wooly-minded	addled,muzzy,woolly
woosh	whoosh
woozy	dizzy,giddy,vertiginous
wop	dago,ginzo,greaseball,guinea
word	bible,logos,news,scripture,tidings
word-blind	alexic
word-of-farewell	farewell
word-of-god	bible,scripture
wordless	mute
wordlessly	mutely,silently
wordplay	pun
words	lyric
words-per-minute	wpm
wordy	long-winded,tedious,verbose,windy
work	employment,exploit,knead,oeuvre,solve,sour,wreak
work-bench	workbench
work-force	manpower,men
work-out	calculate,compute,solve
work-shoe	brogan,brogue
work-shy	indolent,otiose
workable	executable,feasible,practicable,viable
workaday	everyday,mundane
workbench	bench,work-bench
worked-up	excited
worker	doer,prole
workfellow	colleague
workforce	manpower,men
working	on-the-job
working-capital	capital
working-class	labour
working-girl	bawd,whore
working-man	workman
working-person	workman
workingman	workman
workman	working-man,working-person,workingman
workout	exercise,exercising,physical-exercise,physical-exertion
workout-suit	sweats
works	deeds,industrial-plant,plant
workshop	shop
world	cosmos,creation,earth,existence,global,globe,humans,macrocosm,reality,universe
world-bank	ibrd
world-class	foremost
world-tamil-association	ltte
world-tamil-movement	ltte
world-trade-center	wtc
world-wide	global,universal
world-wide-web	www
worldly	secular,temporal
worldwide	global,universal
worm	squirm,twist,wriggle,writhe
wormlike	wormy
wormy	cringing,groveling,grovelling,wormlike
worn	careworn,drawn,haggard,raddled
worn-out	exhausted,fagged,fatigued
worried	disquieted,distressed,disturbed,upset
worrisome	disturbing
worry	headache
worrying	disturbing
worsen	decline
worship	revere
worshipped	adored
worth	deserving
worthless	slimy,vile
wouk	herman-wouk
would-be	manque
wound	injure,lesion
wound-tumor-virus	wtv
wounded	hurt,maimed
wow	belly-laugh,howler,riot,scream,sidesplitter,thigh-slapper
wpm	words-per-minute
wrack	wreck
wraith	ghost,shade,specter,spectre,spook
wrangle	brawl
wrap	enclose,envelop,wrap-up
wrap-up	wrap
wrapped	absorbed,cloaked,clothed,draped,engrossed,intent,mantled
wrapper	housecoat,neglige,negligee,peignoir
wrath	ira,ire
wrathful	wroth,wrothful
wrawl	howl,yammer,yowl
wreak	bring,make-for,play,work
wreath	chaplet,coronal,garland,lei
wreck	bust-up,wrack
wren	jenny-wren
wrench	sprain,twist,wring
wrestle	squirm,twist,wriggle,writhe
wretch	poor-devil
wretched	hapless,miserable,piteous,poor,slimy,vile
wretchedness	misery
wrick	crick,kink,rick,sprain
wriggle	squirm,twist,worm,wrestle,writhe
wriggling	wiggly,writhing
wriggly	wiggly,writhing
wring	wrench
wrinkle	crease,crinkle,furrow,line,seam
wrist	articulatio-radiocarpea,carpus,radiocarpal-joint,wrist-joint
wrist-joint	carpus,wrist
writ	judicial-writ
writer	author
writhe	squirm,twist,worm,wrestle,wriggle
writhed	contorted,writhen
writhen	writhed
writhing	wiggly,wriggling,wriggly
writing	authorship,composition,penning
writing-system	orthography
written-document	document,papers
written-report	report
wrong	amiss,faulty,incorrect,wrongly
wrong-'un	bosie,googly
wrongly	incorrectly,wrong
wroth	wrathful,wrothful
wrothful	wrathful,wroth
wrought	molded,shaped
wry	dry,ironic,ironical
wry-face	moue
wsw	west-southwest
wtc	twin-towers,world-trade-center
wtv	wound-tumor-virus
wu	shanghai-dialect,wu-dialect
wu-dialect	wu
wuss	doormat,weakling
wv	mountain-state,west-virginia
www	web,world-wide-web
wy	equality-state,wyoming
wyat	sir-thomas-wyat,sir-thomas-wyatt,wyatt
wyatt	sir-thomas-wyat,sir-thomas-wyatt,wyat
wye	y
wyeth	andrew-wyeth
wyler	william-wyler
wyoming	equality-state,wy
wyrd	weird
wystan-hugh-auden	auden
xanax	alprazolam
xanthous	yellow
xc	ninety
xci	ninety-one
xcii	ninety-two
xciii	ninety-three
xciv	ninety-four
xcl	one-hundred-ninety
xcv	ninety-five
xcvi	ninety-six
xcvii	ninety-seven
xcviii	ninety-eight
xe	xenon
xenon	xe
xerographic-copier	xerox
xerox	xerographic-copier,xerox-machine
xerox-machine	xerox
xi	eleven
xian	changan,hsian,sian,singan
xii	dozen,twelve
xiii	thirteen
xiv	fourteen
xix	nineteen
xizang	tibet
xl	forty,twoscore
xli	forty-one
xlii	forty-two
xliii	forty-three
xliv	forty-four
xlv	forty-five
xlvi	forty-six
xlvii	forty-seven
xlviii	forty-eight
xmas	christmas,christmas-day
xt	crosstalk
xtc	adam,cristal,disco-biscuit,ecstasy,go,hug-drug
xv	fifteen
xvi	sixteen
xvii	seventeen
xviii	eighteen
xx	twenty
xxi	twenty-one
xxii	twenty-two
xxiii	twenty-three
xxiv	twenty-four
xxix	twenty-nine
xxv	twenty-five
xxvi	twenty-six
xxvii	twenty-seven
xxviii	twenty-eight
xxx	thirty
xxxi	thirty-one
xxxii	thirty-two
xxxiii	thirty-three
xxxiv	thirty-four
xxxv	thirty-five
xxxvi	thirty-six
xxxvii	thirty-seven
xylene	xylol
xylol	xylene
xyris	genus-xyris
y	wye
yacca	podocarpus-coriaceus,yacca-podocarp
yacca-podocarp	yacca
yacht	racing-yacht
yachting	boating
yachting-cap	kepi
yack	cackle,chatter,yak,yakety-yak
yafo	jaffa,joppa
yagi	yagi-aerial
yagi-aerial	yagi
yahoo	rube,yokel
yahve	jahvey,jahweh,jhvh,wahvey,yahveh,yahwe,yahweh,yhvh,yhwh
yahveh	jhvh,yahve,yahwe,yhvh,yhwh
yahwe	jahvey,jahweh,jhvh,wahvey,yahve,yahveh,yahweh,yhvh,yhwh
yahweh	jhvh,yahve,yahwe,yhvh,yhwh
yak	bos-grunniens,chatter,yack
yakety-yak	chatter,yack
yale	yale-university
yale-university	yale
yalu	yalu-river
yalu-river	yalu
yamaltu	tera
yammer	wrawl,yawp
yangtze	chang
yangtze-kiang	chang
yangtze-river	chang
yank	jerk,northerner,yankee
yankee	northerner,yank
yap	gob,maw,yelp,yip
yard	pace,thou,thousand
yard-donkey	yarder
yarder	yard-donkey
yarn	thread
yaup	howl,roar,ululate,wail,yawl
yaw	swerve
yawl	dandy,wail,yaup
yawning	drowsy
yawp	grizzle,whine,yammer
yaws	frambesia,framboesia
yazoo	yazoo-river
yazoo-river	yazoo
yb	ybit,yib,yobibyte,yottabyte
ybit	yb,yottabit
yea	yeah
yeah	yea
year	twelvemonth,yr
yearling	tot
yearly	annual,annually
yearn	ache,hanker,long
yearning	hungriness,longing
years	age,days,eld,geezerhood,old-age
yeast	barm
yeasty	zesty
yeats	w,william-butler-yeats
yeddo	capital-of-japan,edo,japanese-capital,tokio,tokyo,yedo
yedo	capital-of-japan,edo,japanese-capital,tokio,tokyo,yeddo
yell	call,cry,holler,hollo,outcry,scream,shout,shout-out,squall
yelled	shouted
yeller	roarer
yellow	xanthous,yellowish
yellow-bile	choler
yellow-brown	amber
yellow-jacaranda	tipu
yellow-nutgrass	chufa
yellowish	yellow
yellowish-pink	peach
yelp	yap,yip
yelping	yip
yemen	republic-of-yemen
yen	ache,hankering
yenisei	enets,entsi,entsy
yenisei-samoyed	enets,entsi,entsy
yeniseian	enets,entsi,entsy
yesteryear	past
yet	heretofore,hitherto,however,nevertheless,still,withal
yeti	abominable-snowman
yezo	ezo,hokkaido
yhvh	jahvey,jahweh,jhvh,wahvey,yahve,yahveh,yahwe,yahweh,yhwh
yhwh	jahvey,jahweh,jhvh,wahvey,yahve,yahveh,yahwe,yahweh,yhvh
yi	lolo
yib	yb,yobibyte,yottabyte
yibit	yobibit
yid	hymie,kike,sheeny
yield	afford,give,proceeds,relent,succumb
yip	yap,yelp,yelping
yob	bully,hooligan,roughneck,rowdy,ruffian,tough,yobbo,yobo
yobbo	bully,hooligan,roughneck,rowdy,ruffian,tough,yob,yobo
yobibit	yibit
yobibyte	yb,yib
yobo	bully,hooligan,roughneck,rowdy,ruffian,tough,yob,yobbo
yogi	berra
yogi-berra	berra
yogic	yogistic
yogistic	yogic
yoke	coupling,duad,dyad,twain
yokel	bumpkin,chawbacon,hayseed,hick,rube,yahoo
yoko-ono	ono
yokuts	mariposan
yolk	vitellus
yon	yonder
yonder	yon
york	house-of-york
yoruba	aku
yottabit	ybit
yottabyte	yb,yib
young	immature,untried,vernal,youthful
young-carnivore	cub
young-girl	lass
young-lady	fille,missy
young-man	beau,swain
young-person	youth
young-woman	fille,missy
younger	jr
youngster	child,kid,minor,nipper,shaver,small-fry,tiddler,tike,tyke
younker	youth
youth	spring-chicken,young-person,younker
youth-hostel	hostel
youthful	vernal,young
yowl	bellow,bellowing,holla,holler,hollering,hollo,holloa,roar,wrawl
ypres	battle-of-ypres,first-battle-of-ypres
yr	twelvemonth,year
yuan	kwai,mongol-dynasty,yuan-dynasty
yuan-dynasty	yuan
yucky	disgustful,disgusting,distasteful,foul,loathly,loathsome,repellant,repellent
yue	cantonese,cantonese-dialect,yue-dialect
yue-dialect	yue
yukon	yukon-territory
yukon-territory	yukon
yule	christmas,christmastide,christmastime,noel,yuletide
yuletide	noel,yule
yummy	delectable,delicious,luscious,pleasant-tasting,scrumptious,toothsome
z	ezed,izzard,zed,zee
zaar	sayanci
zaftig	buxom,zoftig
zag	zig,zigzag
zaire	belgian-congo,congo
zalcitabine	ddc
zama	battle-of-zama
zaman	albizia-saman,monkey-pod,monkeypod,rain-tree,saman,zamang
zamang	saman,zaman
zantac	ranitidine
zany	buffoonish,clownish,clownlike,goofy,jackass,silly,wacky
zapus	genus-zapus
zarqa	az-zarqa
zb	zbit,zebibyte,zettabyte,zib
zbit	zb,zettabit
zdv	azt,retrovir,zidovudine
zea	genus-zea
zea-mays	corn
zeal	ardor
zealous	avid
zebibit	zibit
zebibyte	zb,zib
zed	ezed,izzard,z,zee
zee	ezed,izzard,z,zed
zeidae	family-zeidae
zen	acid,back-breaker,battery-acid,dose,dot,elvis,loony-toons,pane
zend	avestan
zend-avesta	avesta
zeno	zeno-of-citium
zeno-of-citium	zeno
zep	bomber,cuban-sandwich,grinder,hero,hero-sandwich,hoagie,hoagy,italian-sandwich
zephyr	breeze
zeppo	herbert-marx,marx
zero	aught,cipher,cypher,nada,nil,nix,nothing,null
zest	gusto,relish,tang,zestfulness
zestful	zesty
zestfulness	gusto,relish,zest
zesty	barmy,yeasty,zestful
zettabit	zbit
zettabyte	zb,zib
zeus	genus-zeus
zhou	chou,chou-dynasty,chow,chow-dynasty,zhou-dynasty
zhou-dynasty	zhou
zib	zb,zebibyte,zettabyte
zibit	zebibit
zidovudine	azt,zdv
zig	zag,zigzag
zigzag	crank,zag,zig
zilch	aught,cipher,cypher,nada,nil,nix,nothing,null
zimmer	walker,zimmer-frame
zimmer-frame	zimmer
zinacef	ceftin
zinc	zn
zing	dynamism,oomph,pizzaz,pizzazz
zion	sion,utopia
zip	hurry,vigor,zip-up,zipper
zip-fastener	zipper
zip-up	zip
zipper	slide-fastener,zip,zip-fastener
zippo	aught,cipher,cypher,nada,nil,nix,nothing,null
zippy	bouncing,bouncy,brisk,peppy,spirited
zirconium	zr
zit	hickey,pimple
zither	cither,zithern
zithern	zither
zn	zinc
zocor	simvastatin
zoftig	buxom,zaftig
zola	emile-zola
zoloft	sertraline
zombi	zombie
zombie	living-dead,zombi
zona	zone
zonal	zonary
zonary	zonal
zone	zona
zonula	zonule
zonule	zonula
zoo	menagerie,zoological-garden
zoological-garden	zoo
zoom	soar,whizz,whizz-along,zoom-along
zoom-along	zoom
zori	pusher
zoril	ictonyx-frenata
zr	zirconium
zu	zubird
zubird	zu
zweig	stefan-zweig
zwieback	rusk
zygoma	arcus-zygomaticus,zygomatic-arch
zygomatic	malar
zygomatic-arch	zygoma
zygomatic-bone	malar
zygote	fertilized-ovum
zyrian	komi
